{
  "meta": {
    "data_version": "1.1.0",
    "created": "2021-09-18",
    "revision": 1
  },
  "info": {
    "balls_per_over": 6,
    "city": "Birmingham",
    "dates": [
      "2021-09-18"
    ],
    "event": {
      "name": "Vitality Blast",
      "stage": "Semi Final"
    },
    "gender": "male",
    "match_type": "T20",
    "officials": {
      "match_referees": [
        "Wayne Noon"
      ],
      "reserve_umpires": [
        "MJ Saggers"
      ],
      "tv_umpires": [
        "NL Bainton"
      ],
      "umpires": [
        "GD Lloyd",
        "M Burns"
      ]
    },
    "outcome": {
      "winner": "Somerset",
      "by": {
        "wickets": 2
      }
    },
    "overs": 20,
    "player_of_match": [
      "JH Davey"
    ],
    "players": {
      "Hampshire": [
        "JM Vince",
        "TE Albert",
        "TJ Prest",
        "JJ Weatherley",
        "LA Dawson",
        "LD McManus",
        "JK Fuller",
        "CP Wood",
        "SW Currie",
        "MS Crane",
        "BTJ Wheal"
      ],
      "Somerset": [
        "T Banton",
        "WCF Smeed",
        "RE van der Merwe",
        "TB Abell",
        "LP Goldsworthy",
        "TA Lammonby",
        "L Gregory",
        "BGF Green",
        "C Overton",
        "JH Davey",
        "M de Lange"
      ]
    },
    "registry": {
      "people": {
        "BGF Green": "34b37279",
        "BTJ Wheal": "3f61a062",
        "C Overton": "e9987a94",
        "CP Wood": "1cfac535",
        "GD Lloyd": "36e0770d",
        "JH Davey": "d3868bd0",
        "JJ Weatherley": "a05d0552",
        "JK Fuller": "dda5aae5",
        "JM Vince": "a15618fe",
        "L Gregory": "06c2de82",
        "LA Dawson": "4a461c24",
        "LD McManus": "6feb46a4",
        "LP Goldsworthy": "ed47cb25",
        "M Burns": "b3bd0666",
        "M de Lange": "d4eef961",
        "MJ Saggers": "402d5937",
        "MS Crane": "f0a0204e",
        "NL Bainton": "cd219cb3",
        "RE van der Merwe": "05c2ca46",
        "SW Currie": "c5f40e35",
        "T Banton": "25f7b7d6",
        "TA Lammonby": "73f1f6b0",
        "TB Abell": "ba9258a7",
        "TE Albert": "a6c17509",
        "TJ Prest": "0207ff32",
        "WCF Smeed": "4e18e961",
        "Wayne Noon": "736e1761"
      }
    },
    "season": "2021",
    "team_type": "club",
    "teams": [
      "Hampshire",
      "Somerset"
    ],
    "toss": {
      "decision": "field",
      "winner": "Somerset"
    },
    "venue": "Edgbaston, Birmingham"
  },
  "innings": [
    {
      "team": "Hampshire",
      "overs": [
        {
          "over": 0,
          "deliveries": [
            {
              "batter": "JM Vince",
              "bowler": "C Overton",
              "non_striker": "TE Albert",
              "runs": {
                "batter": 1,
                "extras": 0,
                "total": 1
              }
            },
            {
              "batter": "TE Albert",
              "bowler": "C Overton",
              "non_striker": "JM Vince",
              "runs": {
                "batter": 0,
                "extras": 0,
                "total": 0
              }
            },
            {
              "batter": "TE Albert",
              "bowler": "C Overton",
              "non_striker": "JM Vince",
              "runs": {
                "batter": 1,
                "extras": 0,
                "total": 1
              }
            },
            {
              "batter": "JM Vince",
              "bowler": "C Overton",
              "non_striker": "TE Albert",
              "runs": {
                "batter": 0,
                "extras": 0,
                "total": 0
              }
            },
            {
              "batter": "JM Vince",
              "bowler": "C Overton",
              "non_striker": "TE Albert",
              "runs": {
                "batter": 0,
                "extras": 0,
                "total": 0
              }
            },
            {
              "batter": "JM Vince",
              "bowler": "C Overton",
              "non_striker": "TE Albert",
              "runs": {
                "batter": 0,
                "extras": 0,
                "total": 0
              }
            }
          ]
        },
        {
          "over": 1,
          "deliveries": [
            {
              "batter": "TE Albert",
              "bowler": "JH Davey",
              "non_striker": "JM Vince",
              "runs": {
                "batter": 0,
                "extras": 0,
                "total": 0
              }
            },
            {
              "batter": "TE Albert",
              "bowler": "JH Davey",
              "non_striker": "JM Vince",
              "runs": {
                "batter": 4,
                "extras": 0,
                "total": 4
              }
            },
            {
              "batter": "TE Albert",
              "bowler": "JH Davey",
              "non_striker": "JM Vince",
              "runs": {
                "batter": 0,
                "extras": 0,
                "total": 0
              }
            },
            {
              "batter": "TE Albert",
              "bowler": "JH Davey",
              "extras": {
                "legbyes": 1
              },
              "non_striker": "JM Vince",
              "runs": {
                "batter": 0,
                "extras": 1,
                "total": 1
              }
            },
            {
              "batter": "JM Vince",
              "bowler": "JH Davey",
              "non_striker": "TE Albert",
              "runs": {
                "batter": 1,
                "extras": 0,
                "total": 1
              }
            },
            {
              "batter": "TE Albert",
              "bowler": "JH Davey",
              "non_striker": "JM Vince",
              "runs": {
                "batter": 0,
                "extras": 0,
                "total": 0
              },
              "wickets": [
                {
                  "player_out": "TE Albert",
                  "fielders": [
                    {
                      "name": "T Banton"
                    }
                  ],
                  "kind": "caught"
                }
              ]
            }
          ]
        },
        {
          "over": 2,
          "deliveries": [
            {
              "batter": "JM Vince",
              "bowler": "C Overton",
              "non_striker": "TJ Prest",
              "runs": {
                "batter": 0,
                "extras": 0,
                "total": 0
              }
            },
            {
              "batter": "JM Vince",
              "bowler": "C Overton",
              "non_striker": "TJ Prest",
              "runs": {
                "batter": 0,
                "extras": 0,
                "total": 0
              },
              "wickets": [
                {
                  "player_out": "JM Vince",
                  "fielders": [
                    {
                      "name": "T Banton"
                    }
                  ],
                  "kind": "caught"
                }
              ]
            },
            {
              "batter": "JJ Weatherley",
              "bowler": "C Overton",
              "non_striker": "TJ Prest",
              "runs": {
                "batter": 0,
                "extras": 0,
                "total": 0
              }
            },
            {
              "batter": "JJ Weatherley",
              "bowler": "C Overton",
              "non_striker": "TJ Prest",
              "runs": {
                "batter": 6,
                "extras": 0,
                "total": 6
              }
            },
            {
              "batter": "JJ Weatherley",
              "bowler": "C Overton",
              "non_striker": "TJ Prest",
              "runs": {
                "batter": 0,
                "extras": 0,
                "total": 0
              }
            },
            {
              "batter": "JJ Weatherley",
              "bowler": "C Overton",
              "non_striker": "TJ Prest",
              "runs": {
                "batter": 1,
                "extras": 0,
                "total": 1
              }
            }
          ]
        },
        {
          "over": 3,
          "deliveries": [
            {
              "batter": "JJ Weatherley",
              "bowler": "JH Davey",
              "non_striker": "TJ Prest",
              "runs": {
                "batter": 6,
                "extras": 0,
                "total": 6
              }
            },
            {
              "batter": "JJ Weatherley",
              "bowler": "JH Davey",
              "non_striker": "TJ Prest",
              "runs": {
                "batter": 0,
                "extras": 0,
                "total": 0
              }
            },
            {
              "batter": "JJ Weatherley",
              "bowler": "JH Davey",
              "non_striker": "TJ Prest",
              "runs": {
                "batter": 0,
                "extras": 0,
                "total": 0
              }
            },
            {
              "batter": "JJ Weatherley",
              "bowler": "JH Davey",
              "non_striker": "TJ Prest",
              "runs": {
                "batter": 4,
                "extras": 0,
                "total": 4
              }
            },
            {
              "batter": "JJ Weatherley",
              "bowler": "JH Davey",
              "non_striker": "TJ Prest",
              "runs": {
                "batter": 1,
                "extras": 0,
                "total": 1
              }
            },
            {
              "batter": "TJ Prest",
              "bowler": "JH Davey",
              "non_striker": "JJ Weatherley",
              "runs": {
                "batter": 0,
                "extras": 0,
                "total": 0
              },
              "wickets": [
                {
                  "player_out": "TJ Prest",
                  "kind": "bowled"
                }
              ]
            }
          ]
        },
        {
          "over": 4,
          "deliveries": [
            {
              "batter": "JJ Weatherley",
              "bowler": "C Overton",
              "non_striker": "LA Dawson",
              "runs": {
                "batter": 0,
                "extras": 0,
                "total": 0
              }
            },
            {
              "batter": "JJ Weatherley",
              "bowler": "C Overton",
              "non_striker": "LA Dawson",
              "runs": {
                "batter": 1,
                "extras": 0,
                "total": 1
              }
            },
            {
              "batter": "LA Dawson",
              "bowler": "C Overton",
              "non_striker": "JJ Weatherley",
              "runs": {
                "batter": 1,
                "extras": 0,
                "total": 1
              }
            },
            {
              "batter": "JJ Weatherley",
              "bowler": "C Overton",
              "non_striker": "LA Dawson",
              "runs": {
                "batter": 4,
                "extras": 0,
                "total": 4
              }
            },
            {
              "batter": "JJ Weatherley",
              "bowler": "C Overton",
              "non_striker": "LA Dawson",
              "runs": {
                "batter": 0,
                "extras": 0,
                "total": 0
              }
            },
            {
              "batter": "JJ Weatherley",
              "bowler": "C Overton",
              "non_striker": "LA Dawson",
              "runs": {
                "batter": 0,
                "extras": 0,
                "total": 0
              }
            }
          ]
        },
        {
          "over": 5,
          "deliveries": [
            {
              "batter": "LA Dawson",
              "bowler": "JH Davey",
              "non_striker": "JJ Weatherley",
              "runs": {
                "batter": 0,
                "extras": 0,
                "total": 0
              }
            },
            {
              "batter": "LA Dawson",
              "bowler": "JH Davey",
              "non_striker": "JJ Weatherley",
              "runs": {
                "batter": 1,
                "extras": 0,
                "total": 1
              }
            },
            {
              "batter": "JJ Weatherley",
              "bowler": "JH Davey",
              "non_striker": "LA Dawson",
              "runs": {
                "batter": 2,
                "extras": 0,
                "total": 2
              }
            },
            {
              "batter": "JJ Weatherley",
              "bowler": "JH Davey",
              "non_striker": "LA Dawson",
              "runs": {
                "batter": 1,
                "extras": 0,
                "total": 1
              }
            },
            {
              "batter": "LA Dawson",
              "bowler": "JH Davey",
              "non_striker": "JJ Weatherley",
              "runs": {
                "batter": 1,
                "extras": 0,
                "total": 1
              }
            },
            {
              "batter": "JJ Weatherley",
              "bowler": "JH Davey",
              "extras": {
                "noballs": 2
              },
              "non_striker": "LA Dawson",
              "runs": {
                "batter": 0,
                "extras": 2,
                "total": 2
              }
            },
            {
              "batter": "LA Dawson",
              "bowler": "JH Davey",
              "non_striker": "JJ Weatherley",
              "runs": {
                "batter": 6,
                "extras": 0,
                "total": 6
              }
            }
          ]
        },
        {
          "over": 6,
          "deliveries": [
            {
              "batter": "JJ Weatherley",
              "bowler": "RE van der Merwe",
              "extras": {
                "byes": 1
              },
              "non_striker": "LA Dawson",
              "runs": {
                "batter": 0,
                "extras": 1,
                "total": 1
              }
            },
            {
              "batter": "LA Dawson",
              "bowler": "RE van der Merwe",
              "non_striker": "JJ Weatherley",
              "runs": {
                "batter": 0,
                "extras": 0,
                "total": 0
              }
            },
            {
              "batter": "LA Dawson",
              "bowler": "RE van der Merwe",
              "non_striker": "JJ Weatherley",
              "runs": {
                "batter": 0,
                "extras": 0,
                "total": 0
              }
            },
            {
              "batter": "LA Dawson",
              "bowler": "RE van der Merwe",
              "non_striker": "JJ Weatherley",
              "runs": {
                "batter": 1,
                "extras": 0,
                "total": 1
              }
            },
            {
              "batter": "JJ Weatherley",
              "bowler": "RE van der Merwe",
              "non_striker": "LA Dawson",
              "runs": {
                "batter": 1,
                "extras": 0,
                "total": 1
              }
            },
            {
              "batter": "LA Dawson",
              "bowler": "RE van der Merwe",
              "non_striker": "JJ Weatherley",
              "runs": {
                "batter": 1,
                "extras": 0,
                "total": 1
              }
            }
          ]
        },
        {
          "over": 7,
          "deliveries": [
            {
              "batter": "LA Dawson",
              "bowler": "LP Goldsworthy",
              "non_striker": "JJ Weatherley",
              "runs": {
                "batter": 1,
                "extras": 0,
                "total": 1
              }
            },
            {
              "batter": "JJ Weatherley",
              "bowler": "LP Goldsworthy",
              "non_striker": "LA Dawson",
              "runs": {
                "batter": 1,
                "extras": 0,
                "total": 1
              }
            },
            {
              "batter": "LA Dawson",
              "bowler": "LP Goldsworthy",
              "non_striker": "JJ Weatherley",
              "runs": {
                "batter": 0,
                "extras": 0,
                "total": 0
              }
            },
            {
              "batter": "LA Dawson",
              "bowler": "LP Goldsworthy",
              "non_striker": "JJ Weatherley",
              "runs": {
                "batter": 1,
                "extras": 0,
                "total": 1
              }
            },
            {
              "batter": "JJ Weatherley",
              "bowler": "LP Goldsworthy",
              "non_striker": "LA Dawson",
              "runs": {
                "batter": 2,
                "extras": 0,
                "total": 2
              }
            },
            {
              "batter": "JJ Weatherley",
              "bowler": "LP Goldsworthy",
              "non_striker": "LA Dawson",
              "runs": {
                "batter": 2,
                "extras": 0,
                "total": 2
              }
            }
          ]
        },
        {
          "over": 8,
          "deliveries": [
            {
              "batter": "LA Dawson",
              "bowler": "RE van der Merwe",
              "non_striker": "JJ Weatherley",
              "runs": {
                "batter": 1,
                "extras": 0,
                "total": 1
              }
            },
            {
              "batter": "JJ Weatherley",
              "bowler": "RE van der Merwe",
              "non_striker": "LA Dawson",
              "runs": {
                "batter": 1,
                "extras": 0,
                "total": 1
              }
            },
            {
              "batter": "LA Dawson",
              "bowler": "RE van der Merwe",
              "non_striker": "JJ Weatherley",
              "runs": {
                "batter": 1,
                "extras": 0,
                "total": 1
              }
            },
            {
              "batter": "JJ Weatherley",
              "bowler": "RE van der Merwe",
              "non_striker": "LA Dawson",
              "runs": {
                "batter": 1,
                "extras": 0,
                "total": 1
              }
            },
            {
              "batter": "LA Dawson",
              "bowler": "RE van der Merwe",
              "non_striker": "JJ Weatherley",
              "runs": {
                "batter": 1,
                "extras": 0,
                "total": 1
              }
            },
            {
              "batter": "JJ Weatherley",
              "bowler": "RE van der Merwe",
              "non_striker": "LA Dawson",
              "runs": {
                "batter": 0,
                "extras": 0,
                "total": 0
              }
            }
          ]
        },
        {
          "over": 9,
          "deliveries": [
            {
              "batter": "LA Dawson",
              "bowler": "BGF Green",
              "non_striker": "JJ Weatherley",
              "runs": {
                "batter": 1,
                "extras": 0,
                "total": 1
              }
            },
            {
              "batter": "JJ Weatherley",
              "bowler": "BGF Green",
              "non_striker": "LA Dawson",
              "runs": {
                "batter": 1,
                "extras": 0,
                "total": 1
              }
            },
            {
              "batter": "LA Dawson",
              "bowler": "BGF Green",
              "non_striker": "JJ Weatherley",
              "runs": {
                "batter": 0,
                "extras": 0,
                "total": 0
              }
            },
            {
              "batter": "LA Dawson",
              "bowler": "BGF Green",
              "non_striker": "JJ Weatherley",
              "runs": {
                "batter": 1,
                "extras": 0,
                "total": 1
              }
            },
            {
              "batter": "JJ Weatherley",
              "bowler": "BGF Green",
              "non_striker": "LA Dawson",
              "runs": {
                "batter": 1,
                "extras": 0,
                "total": 1
              }
            },
            {
              "batter": "LA Dawson",
              "bowler": "BGF Green",
              "non_striker": "JJ Weatherley",
              "runs": {
                "batter": 0,
                "extras": 0,
                "total": 0
              },
              "wickets": [
                {
                  "player_out": "LA Dawson",
                  "kind": "bowled"
                }
              ]
            }
          ]
        },
        {
          "over": 10,
          "deliveries": [
            {
              "batter": "JJ Weatherley",
              "bowler": "LP Goldsworthy",
              "non_striker": "LD McManus",
              "runs": {
                "batter": 1,
                "extras": 0,
                "total": 1
              }
            },
            {
              "batter": "LD McManus",
              "bowler": "LP Goldsworthy",
              "non_striker": "JJ Weatherley",
              "runs": {
                "batter": 1,
                "extras": 0,
                "total": 1
              }
            },
            {
              "batter": "JJ Weatherley",
              "bowler": "LP Goldsworthy",
              "non_striker": "LD McManus",
              "runs": {
                "batter": 2,
                "extras": 0,
                "total": 2
              }
            },
            {
              "batter": "JJ Weatherley",
              "bowler": "LP Goldsworthy",
              "non_striker": "LD McManus",
              "runs": {
                "batter": 1,
                "extras": 0,
                "total": 1
              }
            },
            {
              "batter": "LD McManus",
              "bowler": "LP Goldsworthy",
              "non_striker": "JJ Weatherley",
              "runs": {
                "batter": 0,
                "extras": 0,
                "total": 0
              }
            },
            {
              "batter": "LD McManus",
              "bowler": "LP Goldsworthy",
              "non_striker": "JJ Weatherley",
              "runs": {
                "batter": 0,
                "extras": 0,
                "total": 0
              }
            }
          ]
        },
        {
          "over": 11,
          "deliveries": [
            {
              "batter": "JJ Weatherley",
              "bowler": "RE van der Merwe",
              "non_striker": "LD McManus",
              "runs": {
                "batter": 6,
                "extras": 0,
                "total": 6
              }
            },
            {
              "batter": "JJ Weatherley",
              "bowler": "RE van der Merwe",
              "non_striker": "LD McManus",
              "runs": {
                "batter": 0,
                "extras": 0,
                "total": 0
              }
            },
            {
              "batter": "JJ Weatherley",
              "bowler": "RE van der Merwe",
              "non_striker": "LD McManus",
              "runs": {
                "batter": 1,
                "extras": 0,
                "total": 1
              }
            },
            {
              "batter": "LD McManus",
              "bowler": "RE van der Merwe",
              "non_striker": "JJ Weatherley",
              "runs": {
                "batter": 0,
                "extras": 0,
                "total": 0
              }
            },
            {
              "batter": "LD McManus",
              "bowler": "RE van der Merwe",
              "non_striker": "JJ Weatherley",
              "runs": {
                "batter": 2,
                "extras": 0,
                "total": 2
              }
            },
            {
              "batter": "LD McManus",
              "bowler": "RE van der Merwe",
              "non_striker": "JJ Weatherley",
              "runs": {
                "batter": 1,
                "extras": 0,
                "total": 1
              }
            }
          ]
        },
        {
          "over": 12,
          "deliveries": [
            {
              "batter": "LD McManus",
              "bowler": "LP Goldsworthy",
              "non_striker": "JJ Weatherley",
              "runs": {
                "batter": 0,
                "extras": 0,
                "total": 0
              },
              "wickets": [
                {
                  "player_out": "LD McManus",
                  "fielders": [
                    {
                      "name": "T Banton"
                    }
                  ],
                  "kind": "caught"
                }
              ]
            },
            {
              "batter": "JK Fuller",
              "bowler": "LP Goldsworthy",
              "non_striker": "JJ Weatherley",
              "runs": {
                "batter": 0,
                "extras": 0,
                "total": 0
              }
            },
            {
              "batter": "JK Fuller",
              "bowler": "LP Goldsworthy",
              "non_striker": "JJ Weatherley",
              "runs": {
                "batter": 0,
                "extras": 0,
                "total": 0
              }
            },
            {
              "batter": "JK Fuller",
              "bowler": "LP Goldsworthy",
              "non_striker": "JJ Weatherley",
              "runs": {
                "batter": 1,
                "extras": 0,
                "total": 1
              }
            },
            {
              "batter": "JJ Weatherley",
              "bowler": "LP Goldsworthy",
              "non_striker": "JK Fuller",
              "runs": {
                "batter": 0,
                "extras": 0,
                "total": 0
              }
            },
            {
              "batter": "JJ Weatherley",
              "bowler": "LP Goldsworthy",
              "non_striker": "JK Fuller",
              "runs": {
                "batter": 0,
                "extras": 0,
                "total": 0
              }
            }
          ]
        },
        {
          "over": 13,
          "deliveries": [
            {
              "batter": "JK Fuller",
              "bowler": "M de Lange",
              "non_striker": "JJ Weatherley",
              "runs": {
                "batter": 0,
                "extras": 0,
                "total": 0
              }
            },
            {
              "batter": "JK Fuller",
              "bowler": "M de Lange",
              "non_striker": "JJ Weatherley",
              "runs": {
                "batter": 0,
                "extras": 0,
                "total": 0
              }
            },
            {
              "batter": "JK Fuller",
              "bowler": "M de Lange",
              "non_striker": "JJ Weatherley",
              "runs": {
                "batter": 1,
                "extras": 0,
                "total": 1
              }
            },
            {
              "batter": "JJ Weatherley",
              "bowler": "M de Lange",
              "non_striker": "JK Fuller",
              "runs": {
                "batter": 1,
                "extras": 0,
                "total": 1
              }
            },
            {
              "batter": "JK Fuller",
              "bowler": "M de Lange",
              "non_striker": "JJ Weatherley",
              "runs": {
                "batter": 0,
                "extras": 0,
                "total": 0
              }
            },
            {
              "batter": "JK Fuller",
              "bowler": "M de Lange",
              "non_striker": "JJ Weatherley",
              "runs": {
                "batter": 1,
                "extras": 0,
                "total": 1
              }
            }
          ]
        },
        {
          "over": 14,
          "deliveries": [
            {
              "batter": "JK Fuller",
              "bowler": "LP Goldsworthy",
              "non_striker": "JJ Weatherley",
              "runs": {
                "batter": 4,
                "extras": 0,
                "total": 4
              }
            },
            {
              "batter": "JK Fuller",
              "bowler": "LP Goldsworthy",
              "non_striker": "JJ Weatherley",
              "runs": {
                "batter": 1,
                "extras": 0,
                "total": 1
              }
            },
            {
              "batter": "JJ Weatherley",
              "bowler": "LP Goldsworthy",
              "non_striker": "JK Fuller",
              "runs": {
                "batter": 1,
                "extras": 0,
                "total": 1
              }
            },
            {
              "batter": "JK Fuller",
              "bowler": "LP Goldsworthy",
              "extras": {
                "legbyes": 1
              },
              "non_striker": "JJ Weatherley",
              "runs": {
                "batter": 0,
                "extras": 1,
                "total": 1
              }
            },
            {
              "batter": "JJ Weatherley",
              "bowler": "LP Goldsworthy",
              "non_striker": "JK Fuller",
              "runs": {
                "batter": 1,
                "extras": 0,
                "total": 1
              }
            },
            {
              "batter": "JK Fuller",
              "bowler": "LP Goldsworthy",
              "non_striker": "JJ Weatherley",
              "runs": {
                "batter": 1,
                "extras": 0,
                "total": 1
              }
            }
          ]
        },
        {
          "over": 15,
          "deliveries": [
            {
              "batter": "JK Fuller",
              "bowler": "M de Lange",
              "non_striker": "JJ Weatherley",
              "runs": {
                "batter": 1,
                "extras": 0,
                "total": 1
              }
            },
            {
              "batter": "JJ Weatherley",
              "bowler": "M de Lange",
              "non_striker": "JK Fuller",
              "runs": {
                "batter": 0,
                "extras": 0,
                "total": 0
              }
            },
            {
              "batter": "JJ Weatherley",
              "bowler": "M de Lange",
              "extras": {
                "wides": 1
              },
              "non_striker": "JK Fuller",
              "runs": {
                "batter": 0,
                "extras": 1,
                "total": 1
              }
            },
            {
              "batter": "JJ Weatherley",
              "bowler": "M de Lange",
              "non_striker": "JK Fuller",
              "runs": {
                "batter": 1,
                "extras": 0,
                "total": 1
              }
            },
            {
              "batter": "JK Fuller",
              "bowler": "M de Lange",
              "non_striker": "JJ Weatherley",
              "runs": {
                "batter": 1,
                "extras": 0,
                "total": 1
              }
            },
            {
              "batter": "JJ Weatherley",
              "bowler": "M de Lange",
              "non_striker": "JK Fuller",
              "runs": {
                "batter": 1,
                "extras": 0,
                "total": 1
              }
            },
            {
              "batter": "JK Fuller",
              "bowler": "M de Lange",
              "non_striker": "JJ Weatherley",
              "runs": {
                "batter": 1,
                "extras": 0,
                "total": 1
              }
            }
          ]
        },
        {
          "over": 16,
          "deliveries": [
            {
              "batter": "JK Fuller",
              "bowler": "RE van der Merwe",
              "non_striker": "JJ Weatherley",
              "runs": {
                "batter": 3,
                "extras": 0,
                "total": 3
              }
            },
            {
              "batter": "JJ Weatherley",
              "bowler": "RE van der Merwe",
              "non_striker": "JK Fuller",
              "runs": {
                "batter": 1,
                "extras": 0,
                "total": 1
              }
            },
            {
              "batter": "JK Fuller",
              "bowler": "RE van der Merwe",
              "non_striker": "JJ Weatherley",
              "runs": {
                "batter": 1,
                "extras": 0,
                "total": 1
              }
            },
            {
              "batter": "JJ Weatherley",
              "bowler": "RE van der Merwe",
              "non_striker": "JK Fuller",
              "runs": {
                "batter": 1,
                "extras": 0,
                "total": 1
              }
            },
            {
              "batter": "JK Fuller",
              "bowler": "RE van der Merwe",
              "non_striker": "JJ Weatherley",
              "runs": {
                "batter": 6,
                "extras": 0,
                "total": 6
              }
            },
            {
              "batter": "JK Fuller",
              "bowler": "RE van der Merwe",
              "non_striker": "JJ Weatherley",
              "runs": {
                "batter": 0,
                "extras": 0,
                "total": 0
              },
              "wickets": [
                {
                  "player_out": "JK Fuller",
                  "kind": "run out"
                }
              ]
            }
          ]
        },
        {
          "over": 17,
          "deliveries": [
            {
              "batter": "JJ Weatherley",
              "bowler": "M de Lange",
              "non_striker": "CP Wood",
              "runs": {
                "batter": 1,
                "extras": 0,
                "total": 1
              }
            },
            {
              "batter": "CP Wood",
              "bowler": "M de Lange",
              "non_striker": "JJ Weatherley",
              "runs": {
                "batter": 2,
                "extras": 0,
                "total": 2
              }
            },
            {
              "batter": "CP Wood",
              "bowler": "M de Lange",
              "non_striker": "JJ Weatherley",
              "runs": {
                "batter": 4,
                "extras": 0,
                "total": 4
              }
            },
            {
              "batter": "CP Wood",
              "bowler": "M de Lange",
              "non_striker": "JJ Weatherley",
              "runs": {
                "batter": 6,
                "extras": 0,
                "total": 6
              }
            },
            {
              "batter": "CP Wood",
              "bowler": "M de Lange",
              "non_striker": "JJ Weatherley",
              "runs": {
                "batter": 0,
                "extras": 0,
                "total": 0
              }
            },
            {
              "batter": "CP Wood",
              "bowler": "M de Lange",
              "non_striker": "JJ Weatherley",
              "runs": {
                "batter": 6,
                "extras": 0,
                "total": 6
              }
            }
          ]
        },
        {
          "over": 18,
          "deliveries": [
            {
              "batter": "JJ Weatherley",
              "bowler": "JH Davey",
              "non_striker": "CP Wood",
              "runs": {
                "batter": 2,
                "extras": 0,
                "total": 2
              }
            },
            {
              "batter": "JJ Weatherley",
              "bowler": "JH Davey",
              "non_striker": "CP Wood",
              "runs": {
                "batter": 1,
                "extras": 0,
                "total": 1
              }
            },
            {
              "batter": "CP Wood",
              "bowler": "JH Davey",
              "non_striker": "JJ Weatherley",
              "runs": {
                "batter": 0,
                "extras": 0,
                "total": 0
              },
              "wickets": [
                {
                  "player_out": "CP Wood",
                  "kind": "bowled"
                }
              ]
            },
            {
              "batter": "SW Currie",
              "bowler": "JH Davey",
              "non_striker": "JJ Weatherley",
              "runs": {
                "batter": 0,
                "extras": 0,
                "total": 0
              }
            },
            {
              "batter": "SW Currie",
              "bowler": "JH Davey",
              "non_striker": "JJ Weatherley",
              "runs": {
                "batter": 0,
                "extras": 0,
                "total": 0
              },
              "wickets": [
                {
                  "player_out": "SW Currie",
                  "kind": "bowled"
                }
              ]
            },
            {
              "batter": "MS Crane",
              "bowler": "JH Davey",
              "non_striker": "JJ Weatherley",
              "runs": {
                "batter": 2,
                "extras": 0,
                "total": 2
              }
            }
          ]
        },
        {
          "over": 19,
          "deliveries": [
            {
              "batter": "JJ Weatherley",
              "bowler": "M de Lange",
              "non_striker": "MS Crane",
              "runs": {
                "batter": 6,
                "extras": 0,
                "total": 6
              }
            },
            {
              "batter": "JJ Weatherley",
              "bowler": "M de Lange",
              "non_striker": "MS Crane",
              "runs": {
                "batter": 6,
                "extras": 0,
                "total": 6
              }
            },
            {
              "batter": "JJ Weatherley",
              "bowler": "M de Lange",
              "non_striker": "MS Crane",
              "runs": {
                "batter": 1,
                "extras": 0,
                "total": 1
              }
            },
            {
              "batter": "MS Crane",
              "bowler": "M de Lange",
              "extras": {
                "byes": 1
              },
              "non_striker": "JJ Weatherley",
              "runs": {
                "batter": 0,
                "extras": 1,
                "total": 1
              }
            },
            {
              "batter": "JJ Weatherley",
              "bowler": "M de Lange",
              "non_striker": "MS Crane",
              "runs": {
                "batter": 0,
                "extras": 0,
                "total": 0
              },
              "wickets": [
                {
                  "player_out": "JJ Weatherley",
                  "fielders": [
                    {
                      "name": "TB Abell"
                    }
                  ],
                  "kind": "caught"
                }
              ]
            },
            {
              "batter": "MS Crane",
              "bowler": "M de Lange",
              "non_striker": "BTJ Wheal",
              "runs": {
                "batter": 1,
                "extras": 0,
                "total": 1
              },
              "wickets": [
                {
                  "player_out": "BTJ Wheal",
                  "kind": "run out"
                }
              ]
            }
          ]
        }
      ],
      "powerplays": [
        {
          "from": 0.1,
          "to": 5.7,
          "type": "mandatory"
        }
      ]
    },
    {
      "team": "Somerset",
      "overs": [
        {
          "over": 0,
          "deliveries": [
            {
              "batter": "T Banton",
              "bowler": "CP Wood",
              "non_striker": "WCF Smeed",
              "runs": {
                "batter": 0,
                "extras": 0,
                "total": 0
              }
            },
            {
              "batter": "T Banton",
              "bowler": "CP Wood",
              "non_striker": "WCF Smeed",
              "runs": {
                "batter": 1,
                "extras": 0,
                "total": 1
              }
            },
            {
              "batter": "WCF Smeed",
              "bowler": "CP Wood",
              "non_striker": "T Banton",
              "runs": {
                "batter": 0,
                "extras": 0,
                "total": 0
              }
            },
            {
              "batter": "WCF Smeed",
              "bowler": "CP Wood",
              "non_striker": "T Banton",
              "runs": {
                "batter": 0,
                "extras": 0,
                "total": 0
              }
            },
            {
              "batter": "WCF Smeed",
              "bowler": "CP Wood",
              "non_striker": "T Banton",
              "runs": {
                "batter": 0,
                "extras": 0,
                "total": 0
              }
            },
            {
              "batter": "WCF Smeed",
              "bowler": "CP Wood",
              "non_striker": "T Banton",
              "runs": {
                "batter": 0,
                "extras": 0,
                "total": 0
              }
            }
          ]
        },
        {
          "over": 1,
          "deliveries": [
            {
              "batter": "T Banton",
              "bowler": "BTJ Wheal",
              "non_striker": "WCF Smeed",
              "runs": {
                "batter": 1,
                "extras": 0,
                "total": 1
              }
            },
            {
              "batter": "WCF Smeed",
              "bowler": "BTJ Wheal",
              "non_striker": "T Banton",
              "runs": {
                "batter": 4,
                "extras": 0,
                "total": 4
              }
            },
            {
              "batter": "WCF Smeed",
              "bowler": "BTJ Wheal",
              "non_striker": "T Banton",
              "runs": {
                "batter": 0,
                "extras": 0,
                "total": 0
              }
            },
            {
              "batter": "WCF Smeed",
              "bowler": "BTJ Wheal",
              "non_striker": "T Banton",
              "runs": {
                "batter": 1,
                "extras": 0,
                "total": 1
              }
            },
            {
              "batter": "T Banton",
              "bowler": "BTJ Wheal",
              "non_striker": "WCF Smeed",
              "runs": {
                "batter": 0,
                "extras": 0,
                "total": 0
              }
            },
            {
              "batter": "T Banton",
              "bowler": "BTJ Wheal",
              "non_striker": "WCF Smeed",
              "runs": {
                "batter": 1,
                "extras": 0,
                "total": 1
              }
            }
          ]
        },
        {
          "over": 2,
          "deliveries": [
            {
              "batter": "T Banton",
              "bowler": "SW Currie",
              "non_striker": "WCF Smeed",
              "runs": {
                "batter": 2,
                "extras": 0,
                "total": 2
              }
            },
            {
              "batter": "T Banton",
              "bowler": "SW Currie",
              "non_striker": "WCF Smeed",
              "runs": {
                "batter": 0,
                "extras": 0,
                "total": 0
              }
            },
            {
              "batter": "T Banton",
              "bowler": "SW Currie",
              "non_striker": "WCF Smeed",
              "runs": {
                "batter": 0,
                "extras": 0,
                "total": 0
              }
            },
            {
              "batter": "T Banton",
              "bowler": "SW Currie",
              "non_striker": "WCF Smeed",
              "runs": {
                "batter": 1,
                "extras": 0,
                "total": 1
              }
            },
            {
              "batter": "WCF Smeed",
              "bowler": "SW Currie",
              "non_striker": "T Banton",
              "runs": {
                "batter": 4,
                "extras": 0,
                "total": 4
              }
            },
            {
              "batter": "WCF Smeed",
              "bowler": "SW Currie",
              "non_striker": "T Banton",
              "runs": {
                "batter": 0,
                "extras": 0,
                "total": 0
              }
            }
          ]
        },
        {
          "over": 3,
          "deliveries": [
            {
              "batter": "T Banton",
              "bowler": "BTJ Wheal",
              "non_striker": "WCF Smeed",
              "runs": {
                "batter": 0,
                "extras": 0,
                "total": 0
              }
            },
            {
              "batter": "T Banton",
              "bowler": "BTJ Wheal",
              "non_striker": "WCF Smeed",
              "runs": {
                "batter": 0,
                "extras": 0,
                "total": 0
              },
              "wickets": [
                {
                  "player_out": "T Banton",
                  "fielders": [
                    {
                      "name": "TJ Prest"
                    }
                  ],
                  "kind": "caught"
                }
              ]
            },
            {
              "batter": "WCF Smeed",
              "bowler": "BTJ Wheal",
              "non_striker": "RE van der Merwe",
              "runs": {
                "batter": 0,
                "extras": 0,
                "total": 0
              }
            },
            {
              "batter": "WCF Smeed",
              "bowler": "BTJ Wheal",
              "non_striker": "RE van der Merwe",
              "runs": {
                "batter": 1,
                "extras": 0,
                "total": 1
              }
            },
            {
              "batter": "RE van der Merwe",
              "bowler": "BTJ Wheal",
              "non_striker": "WCF Smeed",
              "runs": {
                "batter": 2,
                "extras": 0,
                "total": 2
              }
            },
            {
              "batter": "RE van der Merwe",
              "bowler": "BTJ Wheal",
              "non_striker": "WCF Smeed",
              "runs": {
                "batter": 0,
                "extras": 0,
                "total": 0
              }
            }
          ]
        },
        {
          "over": 4,
          "deliveries": [
            {
              "batter": "WCF Smeed",
              "bowler": "SW Currie",
              "non_striker": "RE van der Merwe",
              "runs": {
                "batter": 0,
                "extras": 0,
                "total": 0
              }
            },
            {
              "batter": "WCF Smeed",
              "bowler": "SW Currie",
              "non_striker": "RE van der Merwe",
              "runs": {
                "batter": 1,
                "extras": 0,
                "total": 1
              }
            },
            {
              "batter": "RE van der Merwe",
              "bowler": "SW Currie",
              "non_striker": "WCF Smeed",
              "runs": {
                "batter": 0,
                "extras": 0,
                "total": 0
              },
              "wickets": [
                {
                  "player_out": "RE van der Merwe",
                  "fielders": [
                    {
                      "name": "JM Vince"
                    }
                  ],
                  "kind": "caught"
                }
              ]
            },
            {
              "batter": "TB Abell",
              "bowler": "SW Currie",
              "non_striker": "WCF Smeed",
              "runs": {
                "batter": 4,
                "extras": 0,
                "total": 4
              }
            },
            {
              "batter": "TB Abell",
              "bowler": "SW Currie",
              "non_striker": "WCF Smeed",
              "runs": {
                "batter": 1,
                "extras": 0,
                "total": 1
              }
            },
            {
              "batter": "WCF Smeed",
              "bowler": "SW Currie",
              "non_striker": "TB Abell",
              "runs": {
                "batter": 4,
                "extras": 0,
                "total": 4
              }
            }
          ]
        },
        {
          "over": 5,
          "deliveries": [
            {
              "batter": "TB Abell",
              "bowler": "CP Wood",
              "non_striker": "WCF Smeed",
              "runs": {
                "batter": 1,
                "extras": 0,
                "total": 1
              }
            },
            {
              "batter": "WCF Smeed",
              "bowler": "CP Wood",
              "non_striker": "TB Abell",
              "runs": {
                "batter": 0,
                "extras": 0,
                "total": 0
              }
            },
            {
              "batter": "WCF Smeed",
              "bowler": "CP Wood",
              "non_striker": "TB Abell",
              "runs": {
                "batter": 0,
                "extras": 0,
                "total": 0
              },
              "wickets": [
                {
                  "player_out": "WCF Smeed",
                  "fielders": [
                    {
                      "name": "JM Vince"
                    }
                  ],
                  "kind": "caught"
                }
              ]
            },
            {
              "batter": "LP Goldsworthy",
              "bowler": "CP Wood",
              "non_striker": "TB Abell",
              "runs": {
                "batter": 0,
                "extras": 0,
                "total": 0
              }
            },
            {
              "batter": "LP Goldsworthy",
              "bowler": "CP Wood",
              "non_striker": "TB Abell",
              "runs": {
                "batter": 0,
                "extras": 0,
                "total": 0
              }
            },
            {
              "batter": "LP Goldsworthy",
              "bowler": "CP Wood",
              "non_striker": "TB Abell",
              "runs": {
                "batter": 1,
                "extras": 0,
                "total": 1
              }
            }
          ]
        },
        {
          "over": 6,
          "deliveries": [
            {
              "batter": "LP Goldsworthy",
              "bowler": "MS Crane",
              "non_striker": "TB Abell",
              "runs": {
                "batter": 1,
                "extras": 0,
                "total": 1
              }
            },
            {
              "batter": "TB Abell",
              "bowler": "MS Crane",
              "non_striker": "LP Goldsworthy",
              "runs": {
                "batter": 1,
                "extras": 0,
                "total": 1
              }
            },
            {
              "batter": "LP Goldsworthy",
              "bowler": "MS Crane",
              "non_striker": "TB Abell",
              "runs": {
                "batter": 1,
                "extras": 0,
                "total": 1
              }
            },
            {
              "batter": "TB Abell",
              "bowler": "MS Crane",
              "non_striker": "LP Goldsworthy",
              "runs": {
                "batter": 1,
                "extras": 0,
                "total": 1
              },
              "wickets": [
                {
                  "player_out": "LP Goldsworthy",
                  "kind": "run out"
                }
              ]
            },
            {
              "batter": "TA Lammonby",
              "bowler": "MS Crane",
              "non_striker": "TB Abell",
              "runs": {
                "batter": 0,
                "extras": 0,
                "total": 0
              },
              "wickets": [
                {
                  "player_out": "TA Lammonby",
                  "kind": "lbw"
                }
              ]
            },
            {
              "batter": "L Gregory",
              "bowler": "MS Crane",
              "non_striker": "TB Abell",
              "runs": {
                "batter": 0,
                "extras": 0,
                "total": 0
              }
            }
          ]
        },
        {
          "over": 7,
          "deliveries": [
            {
              "batter": "TB Abell",
              "bowler": "LA Dawson",
              "non_striker": "L Gregory",
              "runs": {
                "batter": 0,
                "extras": 0,
                "total": 0
              }
            },
            {
              "batter": "TB Abell",
              "bowler": "LA Dawson",
              "non_striker": "L Gregory",
              "runs": {
                "batter": 1,
                "extras": 0,
                "total": 1
              }
            },
            {
              "batter": "L Gregory",
              "bowler": "LA Dawson",
              "non_striker": "TB Abell",
              "runs": {
                "batter": 1,
                "extras": 0,
                "total": 1
              }
            },
            {
              "batter": "TB Abell",
              "bowler": "LA Dawson",
              "non_striker": "L Gregory",
              "runs": {
                "batter": 1,
                "extras": 0,
                "total": 1
              }
            },
            {
              "batter": "L Gregory",
              "bowler": "LA Dawson",
              "non_striker": "TB Abell",
              "runs": {
                "batter": 1,
                "extras": 0,
                "total": 1
              }
            },
            {
              "batter": "TB Abell",
              "bowler": "LA Dawson",
              "non_striker": "L Gregory",
              "runs": {
                "batter": 2,
                "extras": 0,
                "total": 2
              }
            }
          ]
        },
        {
          "over": 8,
          "deliveries": [
            {
              "batter": "L Gregory",
              "bowler": "MS Crane",
              "non_striker": "TB Abell",
              "runs": {
                "batter": 0,
                "extras": 0,
                "total": 0
              }
            },
            {
              "batter": "L Gregory",
              "bowler": "MS Crane",
              "non_striker": "TB Abell",
              "runs": {
                "batter": 0,
                "extras": 0,
                "total": 0
              }
            },
            {
              "batter": "L Gregory",
              "bowler": "MS Crane",
              "non_striker": "TB Abell",
              "runs": {
                "batter": 0,
                "extras": 0,
                "total": 0
              }
            },
            {
              "batter": "L Gregory",
              "bowler": "MS Crane",
              "non_striker": "TB Abell",
              "runs": {
                "batter": 2,
                "extras": 0,
                "total": 2
              }
            },
            {
              "batter": "L Gregory",
              "bowler": "MS Crane",
              "non_striker": "TB Abell",
              "runs": {
                "batter": 1,
                "extras": 0,
                "total": 1
              }
            },
            {
              "batter": "TB Abell",
              "bowler": "MS Crane",
              "non_striker": "L Gregory",
              "runs": {
                "batter": 1,
                "extras": 0,
                "total": 1
              }
            }
          ]
        },
        {
          "over": 9,
          "deliveries": [
            {
              "batter": "TB Abell",
              "bowler": "LA Dawson",
              "non_striker": "L Gregory",
              "runs": {
                "batter": 1,
                "extras": 0,
                "total": 1
              }
            },
            {
              "batter": "L Gregory",
              "bowler": "LA Dawson",
              "non_striker": "TB Abell",
              "runs": {
                "batter": 1,
                "extras": 0,
                "total": 1
              }
            },
            {
              "batter": "TB Abell",
              "bowler": "LA Dawson",
              "non_striker": "L Gregory",
              "runs": {
                "batter": 1,
                "extras": 0,
                "total": 1
              }
            },
            {
              "batter": "L Gregory",
              "bowler": "LA Dawson",
              "non_striker": "TB Abell",
              "runs": {
                "batter": 0,
                "extras": 0,
                "total": 0
              }
            },
            {
              "batter": "L Gregory",
              "bowler": "LA Dawson",
              "non_striker": "TB Abell",
              "runs": {
                "batter": 1,
                "extras": 0,
                "total": 1
              }
            },
            {
              "batter": "TB Abell",
              "bowler": "LA Dawson",
              "non_striker": "L Gregory",
              "runs": {
                "batter": 0,
                "extras": 0,
                "total": 0
              }
            }
          ]
        },
        {
          "over": 10,
          "deliveries": [
            {
              "batter": "L Gregory",
              "bowler": "MS Crane",
              "non_striker": "TB Abell",
              "runs": {
                "batter": 1,
                "extras": 0,
                "total": 1
              }
            },
            {
              "batter": "TB Abell",
              "bowler": "MS Crane",
              "non_striker": "L Gregory",
              "runs": {
                "batter": 0,
                "extras": 0,
                "total": 0
              }
            },
            {
              "batter": "TB Abell",
              "bowler": "MS Crane",
              "non_striker": "L Gregory",
              "runs": {
                "batter": 0,
                "extras": 0,
                "total": 0
              }
            },
            {
              "batter": "TB Abell",
              "bowler": "MS Crane",
              "non_striker": "L Gregory",
              "runs": {
                "batter": 1,
                "extras": 0,
                "total": 1
              }
            },
            {
              "batter": "L Gregory",
              "bowler": "MS Crane",
              "non_striker": "TB Abell",
              "runs": {
                "batter": 2,
                "extras": 0,
                "total": 2
              }
            },
            {
              "batter": "L Gregory",
              "bowler": "MS Crane",
              "non_striker": "TB Abell",
              "runs": {
                "batter": 4,
                "extras": 0,
                "total": 4
              }
            }
          ]
        },
        {
          "over": 11,
          "deliveries": [
            {
              "batter": "TB Abell",
              "bowler": "LA Dawson",
              "non_striker": "L Gregory",
              "runs": {
                "batter": 0,
                "extras": 0,
                "total": 0
              }
            },
            {
              "batter": "TB Abell",
              "bowler": "LA Dawson",
              "non_striker": "L Gregory",
              "runs": {
                "batter": 4,
                "extras": 0,
                "total": 4
              }
            },
            {
              "batter": "TB Abell",
              "bowler": "LA Dawson",
              "non_striker": "L Gregory",
              "runs": {
                "batter": 1,
                "extras": 0,
                "total": 1
              }
            },
            {
              "batter": "L Gregory",
              "bowler": "LA Dawson",
              "non_striker": "TB Abell",
              "runs": {
                "batter": 1,
                "extras": 0,
                "total": 1
              }
            },
            {
              "batter": "TB Abell",
              "bowler": "LA Dawson",
              "non_striker": "L Gregory",
              "runs": {
                "batter": 1,
                "extras": 0,
                "total": 1
              }
            },
            {
              "batter": "L Gregory",
              "bowler": "LA Dawson",
              "non_striker": "TB Abell",
              "runs": {
                "batter": 1,
                "extras": 0,
                "total": 1
              }
            }
          ]
        },
        {
          "over": 12,
          "deliveries": [
            {
              "batter": "L Gregory",
              "bowler": "SW Currie",
              "non_striker": "TB Abell",
              "runs": {
                "batter": 1,
                "extras": 0,
                "total": 1
              }
            },
            {
              "batter": "TB Abell",
              "bowler": "SW Currie",
              "non_striker": "L Gregory",
              "runs": {
                "batter": 1,
                "extras": 0,
                "total": 1
              }
            },
            {
              "batter": "L Gregory",
              "bowler": "SW Currie",
              "extras": {
                "legbyes": 1
              },
              "non_striker": "TB Abell",
              "runs": {
                "batter": 0,
                "extras": 1,
                "total": 1
              }
            },
            {
              "batter": "TB Abell",
              "bowler": "SW Currie",
              "non_striker": "L Gregory",
              "runs": {
                "batter": 1,
                "extras": 0,
                "total": 1
              }
            },
            {
              "batter": "L Gregory",
              "bowler": "SW Currie",
              "non_striker": "TB Abell",
              "runs": {
                "batter": 1,
                "extras": 0,
                "total": 1
              }
            },
            {
              "batter": "TB Abell",
              "bowler": "SW Currie",
              "non_striker": "L Gregory",
              "runs": {
                "batter": 1,
                "extras": 0,
                "total": 1
              }
            }
          ]
        },
        {
          "over": 13,
          "deliveries": [
            {
              "batter": "TB Abell",
              "bowler": "LA Dawson",
              "non_striker": "L Gregory",
              "runs": {
                "batter": 2,
                "extras": 0,
                "total": 2
              }
            },
            {
              "batter": "TB Abell",
              "bowler": "LA Dawson",
              "non_striker": "L Gregory",
              "runs": {
                "batter": 6,
                "extras": 0,
                "total": 6
              }
            },
            {
              "batter": "TB Abell",
              "bowler": "LA Dawson",
              "non_striker": "L Gregory",
              "runs": {
                "batter": 1,
                "extras": 0,
                "total": 1
              }
            },
            {
              "batter": "L Gregory",
              "bowler": "LA Dawson",
              "non_striker": "TB Abell",
              "runs": {
                "batter": 0,
                "extras": 0,
                "total": 0
              },
              "wickets": [
                {
                  "player_out": "L Gregory",
                  "kind": "bowled"
                }
              ]
            },
            {
              "batter": "BGF Green",
              "bowler": "LA Dawson",
              "non_striker": "TB Abell",
              "runs": {
                "batter": 0,
                "extras": 0,
                "total": 0
              }
            },
            {
              "batter": "BGF Green",
              "bowler": "LA Dawson",
              "non_striker": "TB Abell",
              "runs": {
                "batter": 1,
                "extras": 0,
                "total": 1
              }
            }
          ]
        },
        {
          "over": 14,
          "deliveries": [
            {
              "batter": "BGF Green",
              "bowler": "MS Crane",
              "non_striker": "TB Abell",
              "runs": {
                "batter": 1,
                "extras": 0,
                "total": 1
              }
            },
            {
              "batter": "TB Abell",
              "bowler": "MS Crane",
              "non_striker": "BGF Green",
              "runs": {
                "batter": 6,
                "extras": 0,
                "total": 6
              }
            },
            {
              "batter": "TB Abell",
              "bowler": "MS Crane",
              "non_striker": "BGF Green",
              "runs": {
                "batter": 1,
                "extras": 0,
                "total": 1
              }
            },
            {
              "batter": "BGF Green",
              "bowler": "MS Crane",
              "non_striker": "TB Abell",
              "runs": {
                "batter": 1,
                "extras": 0,
                "total": 1
              }
            },
            {
              "batter": "TB Abell",
              "bowler": "MS Crane",
              "non_striker": "BGF Green",
              "runs": {
                "batter": 1,
                "extras": 0,
                "total": 1
              }
            },
            {
              "batter": "BGF Green",
              "bowler": "MS Crane",
              "non_striker": "TB Abell",
              "runs": {
                "batter": 1,
                "extras": 0,
                "total": 1
              }
            }
          ]
        },
        {
          "over": 15,
          "deliveries": [
            {
              "batter": "BGF Green",
              "bowler": "CP Wood",
              "extras": {
                "legbyes": 1
              },
              "non_striker": "TB Abell",
              "runs": {
                "batter": 0,
                "extras": 1,
                "total": 1
              }
            },
            {
              "batter": "TB Abell",
              "bowler": "CP Wood",
              "non_striker": "BGF Green",
              "runs": {
                "batter": 1,
                "extras": 0,
                "total": 1
              }
            },
            {
              "batter": "BGF Green",
              "bowler": "CP Wood",
              "non_striker": "TB Abell",
              "runs": {
                "batter": 1,
                "extras": 0,
                "total": 1
              }
            },
            {
              "batter": "TB Abell",
              "bowler": "CP Wood",
              "non_striker": "BGF Green",
              "runs": {
                "batter": 1,
                "extras": 0,
                "total": 1
              }
            },
            {
              "batter": "BGF Green",
              "bowler": "CP Wood",
              "non_striker": "TB Abell",
              "runs": {
                "batter": 1,
                "extras": 0,
                "total": 1
              }
            },
            {
              "batter": "TB Abell",
              "bowler": "CP Wood",
              "non_striker": "BGF Green",
              "runs": {
                "batter": 1,
                "extras": 0,
                "total": 1
              }
            }
          ]
        },
        {
          "over": 16,
          "deliveries": [
            {
              "batter": "TB Abell",
              "bowler": "SW Currie",
              "non_striker": "BGF Green",
              "runs": {
                "batter": 4,
                "extras": 0,
                "total": 4
              }
            },
            {
              "batter": "TB Abell",
              "bowler": "SW Currie",
              "non_striker": "BGF Green",
              "runs": {
                "batter": 1,
                "extras": 0,
                "total": 1
              }
            },
            {
              "batter": "BGF Green",
              "bowler": "SW Currie",
              "non_striker": "TB Abell",
              "runs": {
                "batter": 1,
                "extras": 0,
                "total": 1
              }
            },
            {
              "batter": "TB Abell",
              "bowler": "SW Currie",
              "non_striker": "BGF Green",
              "runs": {
                "batter": 0,
                "extras": 0,
                "total": 0
              },
              "wickets": [
                {
                  "player_out": "TB Abell",
                  "fielders": [
                    {
                      "name": "JK Fuller"
                    }
                  ],
                  "kind": "caught"
                }
              ]
            },
            {
              "batter": "BGF Green",
              "bowler": "SW Currie",
              "non_striker": "C Overton",
              "runs": {
                "batter": 1,
                "extras": 0,
                "total": 1
              }
            },
            {
              "batter": "C Overton",
              "bowler": "SW Currie",
              "non_striker": "BGF Green",
              "runs": {
                "batter": 1,
                "extras": 0,
                "total": 1
              }
            }
          ]
        },
        {
          "over": 17,
          "deliveries": [
            {
              "batter": "C Overton",
              "bowler": "BTJ Wheal",
              "non_striker": "BGF Green",
              "runs": {
                "batter": 0,
                "extras": 0,
                "total": 0
              }
            },
            {
              "batter": "C Overton",
              "bowler": "BTJ Wheal",
              "non_striker": "BGF Green",
              "runs": {
                "batter": 1,
                "extras": 0,
                "total": 1
              }
            },
            {
              "batter": "BGF Green",
              "bowler": "BTJ Wheal",
              "non_striker": "C Overton",
              "runs": {
                "batter": 4,
                "extras": 0,
                "total": 4
              }
            },
            {
              "batter": "BGF Green",
              "bowler": "BTJ Wheal",
              "non_striker": "C Overton",
              "runs": {
                "batter": 6,
                "extras": 0,
                "total": 6
              }
            },
            {
              "batter": "BGF Green",
              "bowler": "BTJ Wheal",
              "non_striker": "C Overton",
              "runs": {
                "batter": 1,
                "extras": 0,
                "total": 1
              }
            },
            {
              "batter": "C Overton",
              "bowler": "BTJ Wheal",
              "non_striker": "BGF Green",
              "runs": {
                "batter": 6,
                "extras": 0,
                "total": 6
              }
            }
          ]
        },
        {
          "over": 18,
          "deliveries": [
            {
              "batter": "BGF Green",
              "bowler": "CP Wood",
              "non_striker": "C Overton",
              "runs": {
                "batter": 6,
                "extras": 0,
                "total": 6
              }
            },
            {
              "batter": "BGF Green",
              "bowler": "CP Wood",
              "non_striker": "C Overton",
              "runs": {
                "batter": 2,
                "extras": 0,
                "total": 2
              }
            },
            {
              "batter": "BGF Green",
              "bowler": "CP Wood",
              "non_striker": "C Overton",
              "runs": {
                "batter": 2,
                "extras": 0,
                "total": 2
              }
            },
            {
              "batter": "BGF Green",
              "bowler": "CP Wood",
              "non_striker": "C Overton",
              "runs": {
                "batter": 6,
                "extras": 0,
                "total": 6
              }
            },
            {
              "batter": "BGF Green",
              "bowler": "CP Wood",
              "non_striker": "C Overton",
              "runs": {
                "batter": 0,
                "extras": 0,
                "total": 0
              },
              "wickets": [
                {
                  "player_out": "BGF Green",
                  "fielders": [
                    {
                      "name": "TJ Prest"
                    }
                  ],
                  "kind": "caught"
                }
              ]
            },
            {
              "batter": "C Overton",
              "bowler": "CP Wood",
              "non_striker": "JH Davey",
              "runs": {
                "batter": 2,
                "extras": 0,
                "total": 2
              }
            }
          ]
        },
        {
          "over": 19,
          "deliveries": [
            {
              "batter": "JH Davey",
              "bowler": "BTJ Wheal",
              "non_striker": "C Overton",
              "runs": {
                "batter": 1,
                "extras": 0,
                "total": 1
              }
            },
            {
              "batter": "C Overton",
              "bowler": "BTJ Wheal",
              "non_striker": "JH Davey",
              "runs": {
                "batter": 1,
                "extras": 0,
                "total": 1
              }
            },
            {
              "batter": "JH Davey",
              "bowler": "BTJ Wheal",
              "non_striker": "C Overton",
              "runs": {
                "batter": 6,
                "extras": 0,
                "total": 6
              }
            },
            {
              "batter": "JH Davey",
              "bowler": "BTJ Wheal",
              "non_striker": "C Overton",
              "runs": {
                "batter": 4,
                "extras": 0,
                "total": 4
              }
            }
          ]
        }
      ],
      "powerplays": [
        {
          "from": 0.1,
          "to": 5.6,
          "type": "mandatory"
        }
      ],
      "target": {
        "overs": 20,
        "runs": 151
      }
    }
  ]
}