{
  "meta": {
    "data_version": "1.1.0",
    "created": "2021-09-10",
    "revision": 1
  },
  "info": {
    "balls_per_over": 6,
    "city": "Basseterre",
    "dates": [
      "2021-09-08"
    ],
    "event": {
      "name": "Caribbean Premier League",
      "match_number": 22
    },
    "gender": "male",
    "match_type": "T20",
    "officials": {
      "match_referees": [
        "Denavon Hayles"
      ],
      "reserve_umpires": [
        "CM Tuckett"
      ],
      "tv_umpires": [
        "GO Brathwaite"
      ],
      "umpires": [
        "Verdayne Smith",
        "Zahid Bassarath"
      ]
    },
    "outcome": {
      "winner": "Guyana Amazon Warriors",
      "by": {
        "runs": 17
      }
    },
    "overs": 20,
    "player_of_match": [
      "G Motie"
    ],
    "players": {
      "Guyana Amazon Warriors": [
        "BA King",
        "C Hemraj",
        "SO Hetmyer",
        "Shoaib Malik",
        "Mohammad Hafeez",
        "N Pooran",
        "OF Smith",
        "R Shepherd",
        "G Motie",
        "Naveen-ul-Haq",
        "Imran Tahir"
      ],
      "St Lucia Kings": [
        "ADS Fletcher",
        "F du Plessis",
        "SR Patel",
        "RL Chase",
        "TH David",
        "KMA Paul",
        "J Royal",
        "Wahab Riaz",
        "KJ Cottoy",
        "OC McCoy",
        "KOK Williams"
      ]
    },
    "registry": {
      "people": {
        "ADS Fletcher": "1bae756b",
        "BA King": "7fca84b7",
        "C Hemraj": "9d450c28",
        "CM Tuckett": "a67252f0",
        "Denavon Hayles": "5cbeeb02",
        "F du Plessis": "3355b542",
        "G Motie": "97bdec3d",
        "GO Brathwaite": "1ace56d4",
        "Imran Tahir": "acee4cc4",
        "J Royal": "44a18ad8",
        "KJ Cottoy": "e3f143c1",
        "KMA Paul": "75224f22",
        "KOK Williams": "78cb83f3",
        "Mohammad Hafeez": "9ab63e7b",
        "N Pooran": "3241e3fd",
        "Naveen-ul-Haq": "c0c411cb",
        "OC McCoy": "529eb9e0",
        "OF Smith": "23cca426",
        "R Shepherd": "c5aef772",
        "RL Chase": "3feda4fa",
        "SO Hetmyer": "48a1d7b7",
        "SR Patel": "18fac429",
        "Shoaib Malik": "64c34cd0",
        "TH David": "f1f99156",
        "Verdayne Smith": "6e1a8b04",
        "Wahab Riaz": "b3118300",
        "Zahid Bassarath": "ca6bf044"
      }
    },
    "season": "2021",
    "team_type": "club",
    "teams": [
      "Guyana Amazon Warriors",
      "St Lucia Kings"
    ],
    "toss": {
      "decision": "bat",
      "winner": "Guyana Amazon Warriors"
    },
    "venue": "Warner Park, Basseterre, St Kitts"
  },
  "innings": [
    {
      "team": "Guyana Amazon Warriors",
      "overs": [
        {
          "over": 0,
          "deliveries": [
            {
              "batter": "BA King",
              "bowler": "J Royal",
              "non_striker": "C Hemraj",
              "runs": {
                "batter": 0,
                "extras": 0,
                "total": 0
              }
            },
            {
              "batter": "BA King",
              "bowler": "J Royal",
              "non_striker": "C Hemraj",
              "runs": {
                "batter": 4,
                "extras": 0,
                "total": 4
              }
            },
            {
              "batter": "BA King",
              "bowler": "J Royal",
              "non_striker": "C Hemraj",
              "runs": {
                "batter": 0,
                "extras": 0,
                "total": 0
              }
            },
            {
              "batter": "BA King",
              "bowler": "J Royal",
              "non_striker": "C Hemraj",
              "runs": {
                "batter": 1,
                "extras": 0,
                "total": 1
              }
            },
            {
              "batter": "C Hemraj",
              "bowler": "J Royal",
              "non_striker": "BA King",
              "runs": {
                "batter": 0,
                "extras": 0,
                "total": 0
              }
            },
            {
              "batter": "C Hemraj",
              "bowler": "J Royal",
              "non_striker": "BA King",
              "runs": {
                "batter": 0,
                "extras": 0,
                "total": 0
              },
              "wickets": [
                {
                  "player_out": "C Hemraj",
                  "fielders": [
                    {
                      "name": "Wahab Riaz"
                    }
                  ],
                  "kind": "caught"
                }
              ]
            }
          ]
        },
        {
          "over": 1,
          "deliveries": [
            {
              "batter": "SO Hetmyer",
              "bowler": "Wahab Riaz",
              "non_striker": "BA King",
              "runs": {
                "batter": 1,
                "extras": 0,
                "total": 1
              }
            },
            {
              "batter": "BA King",
              "bowler": "Wahab Riaz",
              "non_striker": "SO Hetmyer",
              "runs": {
                "batter": 1,
                "extras": 0,
                "total": 1
              }
            },
            {
              "batter": "SO Hetmyer",
              "bowler": "Wahab Riaz",
              "non_striker": "BA King",
              "runs": {
                "batter": 0,
                "extras": 0,
                "total": 0
              }
            },
            {
              "batter": "SO Hetmyer",
              "bowler": "Wahab Riaz",
              "non_striker": "BA King",
              "runs": {
                "batter": 0,
                "extras": 0,
                "total": 0
              }
            },
            {
              "batter": "SO Hetmyer",
              "bowler": "Wahab Riaz",
              "non_striker": "BA King",
              "runs": {
                "batter": 0,
                "extras": 0,
                "total": 0
              },
              "wickets": [
                {
                  "player_out": "SO Hetmyer",
                  "kind": "bowled"
                }
              ]
            },
            {
              "batter": "Shoaib Malik",
              "bowler": "Wahab Riaz",
              "non_striker": "BA King",
              "runs": {
                "batter": 0,
                "extras": 0,
                "total": 0
              }
            }
          ]
        },
        {
          "over": 2,
          "deliveries": [
            {
              "batter": "BA King",
              "bowler": "J Royal",
              "non_striker": "Shoaib Malik",
              "runs": {
                "batter": 0,
                "extras": 0,
                "total": 0
              }
            },
            {
              "batter": "BA King",
              "bowler": "J Royal",
              "non_striker": "Shoaib Malik",
              "runs": {
                "batter": 4,
                "extras": 0,
                "total": 4
              }
            },
            {
              "batter": "BA King",
              "bowler": "J Royal",
              "non_striker": "Shoaib Malik",
              "runs": {
                "batter": 4,
                "extras": 0,
                "total": 4
              }
            },
            {
              "batter": "BA King",
              "bowler": "J Royal",
              "non_striker": "Shoaib Malik",
              "runs": {
                "batter": 0,
                "extras": 0,
                "total": 0
              }
            },
            {
              "batter": "BA King",
              "bowler": "J Royal",
              "non_striker": "Shoaib Malik",
              "runs": {
                "batter": 0,
                "extras": 0,
                "total": 0
              }
            },
            {
              "batter": "BA King",
              "bowler": "J Royal",
              "non_striker": "Shoaib Malik",
              "runs": {
                "batter": 0,
                "extras": 0,
                "total": 0
              }
            }
          ]
        },
        {
          "over": 3,
          "deliveries": [
            {
              "batter": "Shoaib Malik",
              "bowler": "Wahab Riaz",
              "non_striker": "BA King",
              "runs": {
                "batter": 1,
                "extras": 0,
                "total": 1
              }
            },
            {
              "batter": "BA King",
              "bowler": "Wahab Riaz",
              "non_striker": "Shoaib Malik",
              "runs": {
                "batter": 0,
                "extras": 0,
                "total": 0
              }
            },
            {
              "batter": "BA King",
              "bowler": "Wahab Riaz",
              "non_striker": "Shoaib Malik",
              "runs": {
                "batter": 1,
                "extras": 0,
                "total": 1
              }
            },
            {
              "batter": "Shoaib Malik",
              "bowler": "Wahab Riaz",
              "non_striker": "BA King",
              "runs": {
                "batter": 0,
                "extras": 0,
                "total": 0
              }
            },
            {
              "batter": "Shoaib Malik",
              "bowler": "Wahab Riaz",
              "non_striker": "BA King",
              "runs": {
                "batter": 0,
                "extras": 0,
                "total": 0
              },
              "wickets": [
                {
                  "player_out": "Shoaib Malik",
                  "fielders": [
                    {
                      "name": "ADS Fletcher"
                    }
                  ],
                  "kind": "caught"
                }
              ]
            },
            {
              "batter": "Mohammad Hafeez",
              "bowler": "Wahab Riaz",
              "non_striker": "BA King",
              "runs": {
                "batter": 0,
                "extras": 0,
                "total": 0
              }
            }
          ]
        },
        {
          "over": 4,
          "deliveries": [
            {
              "batter": "BA King",
              "bowler": "OC McCoy",
              "non_striker": "Mohammad Hafeez",
              "runs": {
                "batter": 0,
                "extras": 0,
                "total": 0
              }
            },
            {
              "batter": "BA King",
              "bowler": "OC McCoy",
              "non_striker": "Mohammad Hafeez",
              "runs": {
                "batter": 0,
                "extras": 0,
                "total": 0
              }
            },
            {
              "batter": "BA King",
              "bowler": "OC McCoy",
              "non_striker": "Mohammad Hafeez",
              "runs": {
                "batter": 1,
                "extras": 0,
                "total": 1
              }
            },
            {
              "batter": "Mohammad Hafeez",
              "bowler": "OC McCoy",
              "non_striker": "BA King",
              "runs": {
                "batter": 0,
                "extras": 0,
                "total": 0
              }
            },
            {
              "batter": "Mohammad Hafeez",
              "bowler": "OC McCoy",
              "non_striker": "BA King",
              "runs": {
                "batter": 1,
                "extras": 0,
                "total": 1
              }
            },
            {
              "batter": "BA King",
              "bowler": "OC McCoy",
              "non_striker": "Mohammad Hafeez",
              "runs": {
                "batter": 0,
                "extras": 0,
                "total": 0
              }
            }
          ]
        },
        {
          "over": 5,
          "deliveries": [
            {
              "batter": "Mohammad Hafeez",
              "bowler": "KOK Williams",
              "non_striker": "BA King",
              "runs": {
                "batter": 0,
                "extras": 0,
                "total": 0
              }
            },
            {
              "batter": "Mohammad Hafeez",
              "bowler": "KOK Williams",
              "non_striker": "BA King",
              "runs": {
                "batter": 4,
                "extras": 0,
                "total": 4
              }
            },
            {
              "batter": "Mohammad Hafeez",
              "bowler": "KOK Williams",
              "extras": {
                "wides": 2
              },
              "non_striker": "BA King",
              "runs": {
                "batter": 0,
                "extras": 2,
                "total": 2
              }
            },
            {
              "batter": "BA King",
              "bowler": "KOK Williams",
              "non_striker": "Mohammad Hafeez",
              "runs": {
                "batter": 2,
                "extras": 0,
                "total": 2
              }
            },
            {
              "batter": "BA King",
              "bowler": "KOK Williams",
              "non_striker": "Mohammad Hafeez",
              "runs": {
                "batter": 4,
                "extras": 0,
                "total": 4
              }
            },
            {
              "batter": "BA King",
              "bowler": "KOK Williams",
              "non_striker": "Mohammad Hafeez",
              "runs": {
                "batter": 0,
                "extras": 0,
                "total": 0
              }
            },
            {
              "batter": "BA King",
              "bowler": "KOK Williams",
              "non_striker": "Mohammad Hafeez",
              "runs": {
                "batter": 1,
                "extras": 0,
                "total": 1
              }
            }
          ]
        },
        {
          "over": 6,
          "deliveries": [
            {
              "batter": "BA King",
              "bowler": "OC McCoy",
              "non_striker": "Mohammad Hafeez",
              "runs": {
                "batter": 4,
                "extras": 0,
                "total": 4
              }
            },
            {
              "batter": "BA King",
              "bowler": "OC McCoy",
              "non_striker": "Mohammad Hafeez",
              "runs": {
                "batter": 1,
                "extras": 0,
                "total": 1
              }
            },
            {
              "batter": "Mohammad Hafeez",
              "bowler": "OC McCoy",
              "non_striker": "BA King",
              "runs": {
                "batter": 0,
                "extras": 0,
                "total": 0
              }
            },
            {
              "batter": "Mohammad Hafeez",
              "bowler": "OC McCoy",
              "non_striker": "BA King",
              "runs": {
                "batter": 1,
                "extras": 0,
                "total": 1
              }
            },
            {
              "batter": "BA King",
              "bowler": "OC McCoy",
              "non_striker": "Mohammad Hafeez",
              "runs": {
                "batter": 2,
                "extras": 0,
                "total": 2
              }
            },
            {
              "batter": "BA King",
              "bowler": "OC McCoy",
              "non_striker": "Mohammad Hafeez",
              "runs": {
                "batter": 4,
                "extras": 0,
                "total": 4
              }
            }
          ]
        },
        {
          "over": 7,
          "deliveries": [
            {
              "batter": "Mohammad Hafeez",
              "bowler": "SR Patel",
              "extras": {
                "wides": 1
              },
              "non_striker": "BA King",
              "runs": {
                "batter": 0,
                "extras": 1,
                "total": 1
              }
            },
            {
              "batter": "Mohammad Hafeez",
              "bowler": "SR Patel",
              "non_striker": "BA King",
              "runs": {
                "batter": 0,
                "extras": 0,
                "total": 0
              }
            },
            {
              "batter": "Mohammad Hafeez",
              "bowler": "SR Patel",
              "non_striker": "BA King",
              "runs": {
                "batter": 1,
                "extras": 0,
                "total": 1
              }
            },
            {
              "batter": "BA King",
              "bowler": "SR Patel",
              "non_striker": "Mohammad Hafeez",
              "runs": {
                "batter": 0,
                "extras": 0,
                "total": 0
              }
            },
            {
              "batter": "BA King",
              "bowler": "SR Patel",
              "extras": {
                "legbyes": 1
              },
              "non_striker": "Mohammad Hafeez",
              "runs": {
                "batter": 0,
                "extras": 1,
                "total": 1
              }
            },
            {
              "batter": "Mohammad Hafeez",
              "bowler": "SR Patel",
              "non_striker": "BA King",
              "runs": {
                "batter": 0,
                "extras": 0,
                "total": 0
              }
            },
            {
              "batter": "Mohammad Hafeez",
              "bowler": "SR Patel",
              "non_striker": "BA King",
              "runs": {
                "batter": 1,
                "extras": 0,
                "total": 1
              }
            }
          ]
        },
        {
          "over": 8,
          "deliveries": [
            {
              "batter": "Mohammad Hafeez",
              "bowler": "J Royal",
              "non_striker": "BA King",
              "runs": {
                "batter": 4,
                "extras": 0,
                "total": 4
              }
            },
            {
              "batter": "Mohammad Hafeez",
              "bowler": "J Royal",
              "non_striker": "BA King",
              "runs": {
                "batter": 0,
                "extras": 0,
                "total": 0
              }
            },
            {
              "batter": "Mohammad Hafeez",
              "bowler": "J Royal",
              "non_striker": "BA King",
              "runs": {
                "batter": 0,
                "extras": 0,
                "total": 0
              },
              "wickets": [
                {
                  "player_out": "Mohammad Hafeez",
                  "fielders": [
                    {
                      "name": "KOK Williams"
                    }
                  ],
                  "kind": "caught"
                }
              ]
            },
            {
              "batter": "N Pooran",
              "bowler": "J Royal",
              "non_striker": "BA King",
              "runs": {
                "batter": 0,
                "extras": 0,
                "total": 0
              }
            },
            {
              "batter": "N Pooran",
              "bowler": "J Royal",
              "non_striker": "BA King",
              "runs": {
                "batter": 0,
                "extras": 0,
                "total": 0
              }
            },
            {
              "batter": "N Pooran",
              "bowler": "J Royal",
              "non_striker": "BA King",
              "runs": {
                "batter": 0,
                "extras": 0,
                "total": 0
              }
            }
          ]
        },
        {
          "over": 9,
          "deliveries": [
            {
              "batter": "BA King",
              "bowler": "RL Chase",
              "non_striker": "N Pooran",
              "runs": {
                "batter": 1,
                "extras": 0,
                "total": 1
              }
            },
            {
              "batter": "N Pooran",
              "bowler": "RL Chase",
              "non_striker": "BA King",
              "runs": {
                "batter": 1,
                "extras": 0,
                "total": 1
              }
            },
            {
              "batter": "BA King",
              "bowler": "RL Chase",
              "non_striker": "N Pooran",
              "runs": {
                "batter": 0,
                "extras": 0,
                "total": 0
              }
            },
            {
              "batter": "BA King",
              "bowler": "RL Chase",
              "non_striker": "N Pooran",
              "runs": {
                "batter": 1,
                "extras": 0,
                "total": 1
              }
            },
            {
              "batter": "N Pooran",
              "bowler": "RL Chase",
              "non_striker": "BA King",
              "runs": {
                "batter": 1,
                "extras": 0,
                "total": 1
              }
            },
            {
              "batter": "BA King",
              "bowler": "RL Chase",
              "non_striker": "N Pooran",
              "runs": {
                "batter": 0,
                "extras": 0,
                "total": 0
              }
            }
          ]
        },
        {
          "over": 10,
          "deliveries": [
            {
              "batter": "N Pooran",
              "bowler": "SR Patel",
              "non_striker": "BA King",
              "runs": {
                "batter": 0,
                "extras": 0,
                "total": 0
              }
            },
            {
              "batter": "N Pooran",
              "bowler": "SR Patel",
              "non_striker": "BA King",
              "runs": {
                "batter": 0,
                "extras": 0,
                "total": 0
              }
            },
            {
              "batter": "N Pooran",
              "bowler": "SR Patel",
              "non_striker": "BA King",
              "runs": {
                "batter": 1,
                "extras": 0,
                "total": 1
              }
            },
            {
              "batter": "BA King",
              "bowler": "SR Patel",
              "non_striker": "N Pooran",
              "runs": {
                "batter": 0,
                "extras": 0,
                "total": 0
              }
            },
            {
              "batter": "BA King",
              "bowler": "SR Patel",
              "non_striker": "N Pooran",
              "runs": {
                "batter": 1,
                "extras": 0,
                "total": 1
              }
            },
            {
              "batter": "N Pooran",
              "bowler": "SR Patel",
              "non_striker": "BA King",
              "runs": {
                "batter": 1,
                "extras": 0,
                "total": 1
              }
            }
          ]
        },
        {
          "over": 11,
          "deliveries": [
            {
              "batter": "N Pooran",
              "bowler": "RL Chase",
              "non_striker": "BA King",
              "runs": {
                "batter": 6,
                "extras": 0,
                "total": 6
              }
            },
            {
              "batter": "N Pooran",
              "bowler": "RL Chase",
              "non_striker": "BA King",
              "runs": {
                "batter": 0,
                "extras": 0,
                "total": 0
              }
            },
            {
              "batter": "N Pooran",
              "bowler": "RL Chase",
              "non_striker": "BA King",
              "runs": {
                "batter": 0,
                "extras": 0,
                "total": 0
              }
            },
            {
              "batter": "N Pooran",
              "bowler": "RL Chase",
              "non_striker": "BA King",
              "runs": {
                "batter": 1,
                "extras": 0,
                "total": 1
              }
            },
            {
              "batter": "BA King",
              "bowler": "RL Chase",
              "non_striker": "N Pooran",
              "runs": {
                "batter": 1,
                "extras": 0,
                "total": 1
              }
            },
            {
              "batter": "N Pooran",
              "bowler": "RL Chase",
              "non_striker": "BA King",
              "runs": {
                "batter": 4,
                "extras": 0,
                "total": 4
              }
            }
          ]
        },
        {
          "over": 12,
          "deliveries": [
            {
              "batter": "BA King",
              "bowler": "SR Patel",
              "non_striker": "N Pooran",
              "runs": {
                "batter": 0,
                "extras": 0,
                "total": 0
              }
            },
            {
              "batter": "BA King",
              "bowler": "SR Patel",
              "non_striker": "N Pooran",
              "runs": {
                "batter": 6,
                "extras": 0,
                "total": 6
              }
            },
            {
              "batter": "BA King",
              "bowler": "SR Patel",
              "non_striker": "N Pooran",
              "runs": {
                "batter": 0,
                "extras": 0,
                "total": 0
              }
            },
            {
              "batter": "BA King",
              "bowler": "SR Patel",
              "non_striker": "N Pooran",
              "runs": {
                "batter": 2,
                "extras": 0,
                "total": 2
              }
            },
            {
              "batter": "BA King",
              "bowler": "SR Patel",
              "non_striker": "N Pooran",
              "runs": {
                "batter": 0,
                "extras": 0,
                "total": 0
              }
            },
            {
              "batter": "BA King",
              "bowler": "SR Patel",
              "non_striker": "N Pooran",
              "runs": {
                "batter": 1,
                "extras": 0,
                "total": 1
              }
            }
          ]
        },
        {
          "over": 13,
          "deliveries": [
            {
              "batter": "BA King",
              "bowler": "RL Chase",
              "non_striker": "N Pooran",
              "runs": {
                "batter": 0,
                "extras": 0,
                "total": 0
              }
            },
            {
              "batter": "BA King",
              "bowler": "RL Chase",
              "non_striker": "N Pooran",
              "runs": {
                "batter": 1,
                "extras": 0,
                "total": 1
              }
            },
            {
              "batter": "N Pooran",
              "bowler": "RL Chase",
              "non_striker": "BA King",
              "runs": {
                "batter": 0,
                "extras": 0,
                "total": 0
              }
            },
            {
              "batter": "N Pooran",
              "bowler": "RL Chase",
              "non_striker": "BA King",
              "runs": {
                "batter": 1,
                "extras": 0,
                "total": 1
              }
            },
            {
              "batter": "BA King",
              "bowler": "RL Chase",
              "non_striker": "N Pooran",
              "runs": {
                "batter": 0,
                "extras": 0,
                "total": 0
              }
            },
            {
              "batter": "BA King",
              "bowler": "RL Chase",
              "non_striker": "N Pooran",
              "runs": {
                "batter": 1,
                "extras": 0,
                "total": 1
              }
            }
          ]
        },
        {
          "over": 14,
          "deliveries": [
            {
              "batter": "BA King",
              "bowler": "KOK Williams",
              "non_striker": "N Pooran",
              "runs": {
                "batter": 1,
                "extras": 0,
                "total": 1
              }
            },
            {
              "batter": "N Pooran",
              "bowler": "KOK Williams",
              "non_striker": "BA King",
              "runs": {
                "batter": 1,
                "extras": 0,
                "total": 1
              }
            },
            {
              "batter": "BA King",
              "bowler": "KOK Williams",
              "non_striker": "N Pooran",
              "runs": {
                "batter": 1,
                "extras": 0,
                "total": 1
              }
            },
            {
              "batter": "N Pooran",
              "bowler": "KOK Williams",
              "non_striker": "BA King",
              "runs": {
                "batter": 6,
                "extras": 0,
                "total": 6
              }
            },
            {
              "batter": "N Pooran",
              "bowler": "KOK Williams",
              "non_striker": "BA King",
              "runs": {
                "batter": 1,
                "extras": 0,
                "total": 1
              }
            },
            {
              "batter": "BA King",
              "bowler": "KOK Williams",
              "non_striker": "N Pooran",
              "runs": {
                "batter": 1,
                "extras": 0,
                "total": 1
              }
            }
          ]
        },
        {
          "over": 15,
          "deliveries": [
            {
              "batter": "BA King",
              "bowler": "RL Chase",
              "non_striker": "N Pooran",
              "runs": {
                "batter": 1,
                "extras": 0,
                "total": 1
              }
            },
            {
              "batter": "N Pooran",
              "bowler": "RL Chase",
              "non_striker": "BA King",
              "runs": {
                "batter": 1,
                "extras": 0,
                "total": 1
              }
            },
            {
              "batter": "BA King",
              "bowler": "RL Chase",
              "non_striker": "N Pooran",
              "runs": {
                "batter": 6,
                "extras": 0,
                "total": 6
              }
            },
            {
              "batter": "BA King",
              "bowler": "RL Chase",
              "non_striker": "N Pooran",
              "runs": {
                "batter": 1,
                "extras": 0,
                "total": 1
              }
            },
            {
              "batter": "N Pooran",
              "bowler": "RL Chase",
              "non_striker": "BA King",
              "runs": {
                "batter": 0,
                "extras": 0,
                "total": 0
              },
              "wickets": [
                {
                  "player_out": "N Pooran",
                  "fielders": [
                    {
                      "name": "J Royal"
                    }
                  ],
                  "kind": "caught"
                }
              ]
            },
            {
              "batter": "OF Smith",
              "bowler": "RL Chase",
              "non_striker": "BA King",
              "runs": {
                "batter": 0,
                "extras": 0,
                "total": 0
              }
            }
          ]
        },
        {
          "over": 16,
          "deliveries": [
            {
              "batter": "BA King",
              "bowler": "Wahab Riaz",
              "non_striker": "OF Smith",
              "runs": {
                "batter": 1,
                "extras": 0,
                "total": 1
              }
            },
            {
              "batter": "OF Smith",
              "bowler": "Wahab Riaz",
              "extras": {
                "legbyes": 1
              },
              "non_striker": "BA King",
              "runs": {
                "batter": 0,
                "extras": 1,
                "total": 1
              }
            },
            {
              "batter": "BA King",
              "bowler": "Wahab Riaz",
              "non_striker": "OF Smith",
              "runs": {
                "batter": 4,
                "extras": 0,
                "total": 4
              }
            },
            {
              "batter": "BA King",
              "bowler": "Wahab Riaz",
              "non_striker": "OF Smith",
              "runs": {
                "batter": 4,
                "extras": 0,
                "total": 4
              }
            },
            {
              "batter": "BA King",
              "bowler": "Wahab Riaz",
              "non_striker": "OF Smith",
              "runs": {
                "batter": 1,
                "extras": 0,
                "total": 1
              }
            },
            {
              "batter": "OF Smith",
              "bowler": "Wahab Riaz",
              "non_striker": "BA King",
              "runs": {
                "batter": 0,
                "extras": 0,
                "total": 0
              }
            }
          ]
        },
        {
          "over": 17,
          "deliveries": [
            {
              "batter": "BA King",
              "bowler": "OC McCoy",
              "non_striker": "OF Smith",
              "runs": {
                "batter": 1,
                "extras": 0,
                "total": 1
              }
            },
            {
              "batter": "OF Smith",
              "bowler": "OC McCoy",
              "extras": {
                "wides": 1
              },
              "non_striker": "BA King",
              "runs": {
                "batter": 0,
                "extras": 1,
                "total": 1
              }
            },
            {
              "batter": "OF Smith",
              "bowler": "OC McCoy",
              "non_striker": "BA King",
              "runs": {
                "batter": 0,
                "extras": 0,
                "total": 0
              }
            },
            {
              "batter": "OF Smith",
              "bowler": "OC McCoy",
              "non_striker": "BA King",
              "runs": {
                "batter": 1,
                "extras": 0,
                "total": 1
              }
            },
            {
              "batter": "BA King",
              "bowler": "OC McCoy",
              "non_striker": "OF Smith",
              "runs": {
                "batter": 6,
                "extras": 0,
                "total": 6
              }
            },
            {
              "batter": "BA King",
              "bowler": "OC McCoy",
              "non_striker": "OF Smith",
              "runs": {
                "batter": 0,
                "extras": 0,
                "total": 0
              },
              "wickets": [
                {
                  "player_out": "BA King",
                  "fielders": [
                    {
                      "name": "KMA Paul"
                    }
                  ],
                  "kind": "caught"
                }
              ]
            },
            {
              "batter": "OF Smith",
              "bowler": "OC McCoy",
              "extras": {
                "wides": 1
              },
              "non_striker": "R Shepherd",
              "runs": {
                "batter": 0,
                "extras": 1,
                "total": 1
              }
            },
            {
              "batter": "OF Smith",
              "bowler": "OC McCoy",
              "extras": {
                "wides": 1
              },
              "non_striker": "R Shepherd",
              "runs": {
                "batter": 0,
                "extras": 1,
                "total": 1
              }
            },
            {
              "batter": "OF Smith",
              "bowler": "OC McCoy",
              "non_striker": "R Shepherd",
              "runs": {
                "batter": 1,
                "extras": 0,
                "total": 1
              }
            }
          ]
        },
        {
          "over": 18,
          "deliveries": [
            {
              "batter": "OF Smith",
              "bowler": "KOK Williams",
              "non_striker": "R Shepherd",
              "runs": {
                "batter": 0,
                "extras": 0,
                "total": 0
              }
            },
            {
              "batter": "OF Smith",
              "bowler": "KOK Williams",
              "extras": {
                "wides": 1
              },
              "non_striker": "R Shepherd",
              "runs": {
                "batter": 0,
                "extras": 1,
                "total": 1
              }
            },
            {
              "batter": "OF Smith",
              "bowler": "KOK Williams",
              "non_striker": "R Shepherd",
              "runs": {
                "batter": 0,
                "extras": 0,
                "total": 0
              }
            },
            {
              "batter": "OF Smith",
              "bowler": "KOK Williams",
              "non_striker": "R Shepherd",
              "runs": {
                "batter": 6,
                "extras": 0,
                "total": 6
              }
            },
            {
              "batter": "OF Smith",
              "bowler": "KOK Williams",
              "non_striker": "R Shepherd",
              "runs": {
                "batter": 4,
                "extras": 0,
                "total": 4
              }
            },
            {
              "batter": "OF Smith",
              "bowler": "KOK Williams",
              "non_striker": "R Shepherd",
              "runs": {
                "batter": 6,
                "extras": 0,
                "total": 6
              }
            },
            {
              "batter": "OF Smith",
              "bowler": "KOK Williams",
              "non_striker": "R Shepherd",
              "runs": {
                "batter": 0,
                "extras": 0,
                "total": 0
              }
            }
          ]
        },
        {
          "over": 19,
          "deliveries": [
            {
              "batter": "R Shepherd",
              "bowler": "Wahab Riaz",
              "non_striker": "OF Smith",
              "runs": {
                "batter": 0,
                "extras": 0,
                "total": 0
              }
            },
            {
              "batter": "R Shepherd",
              "bowler": "Wahab Riaz",
              "extras": {
                "legbyes": 4
              },
              "non_striker": "OF Smith",
              "runs": {
                "batter": 0,
                "extras": 4,
                "total": 4
              }
            },
            {
              "batter": "R Shepherd",
              "bowler": "Wahab Riaz",
              "non_striker": "OF Smith",
              "runs": {
                "batter": 1,
                "extras": 0,
                "total": 1
              }
            },
            {
              "batter": "OF Smith",
              "bowler": "Wahab Riaz",
              "extras": {
                "byes": 1
              },
              "non_striker": "R Shepherd",
              "runs": {
                "batter": 0,
                "extras": 1,
                "total": 1
              }
            },
            {
              "batter": "R Shepherd",
              "bowler": "Wahab Riaz",
              "non_striker": "OF Smith",
              "runs": {
                "batter": 1,
                "extras": 0,
                "total": 1
              }
            },
            {
              "batter": "OF Smith",
              "bowler": "Wahab Riaz",
              "extras": {
                "byes": 1
              },
              "non_striker": "R Shepherd",
              "runs": {
                "batter": 0,
                "extras": 1,
                "total": 1
              }
            }
          ]
        }
      ],
      "powerplays": [
        {
          "from": 0.1,
          "to": 5.7,
          "type": "mandatory"
        }
      ]
    },
    {
      "team": "St Lucia Kings",
      "overs": [
        {
          "over": 0,
          "deliveries": [
            {
              "batter": "ADS Fletcher",
              "bowler": "G Motie",
              "non_striker": "F du Plessis",
              "runs": {
                "batter": 1,
                "extras": 0,
                "total": 1
              }
            },
            {
              "batter": "F du Plessis",
              "bowler": "G Motie",
              "non_striker": "ADS Fletcher",
              "runs": {
                "batter": 0,
                "extras": 0,
                "total": 0
              }
            },
            {
              "batter": "F du Plessis",
              "bowler": "G Motie",
              "non_striker": "ADS Fletcher",
              "runs": {
                "batter": 1,
                "extras": 0,
                "total": 1
              }
            },
            {
              "batter": "ADS Fletcher",
              "bowler": "G Motie",
              "non_striker": "F du Plessis",
              "runs": {
                "batter": 1,
                "extras": 0,
                "total": 1
              }
            },
            {
              "batter": "F du Plessis",
              "bowler": "G Motie",
              "non_striker": "ADS Fletcher",
              "runs": {
                "batter": 0,
                "extras": 0,
                "total": 0
              }
            },
            {
              "batter": "F du Plessis",
              "bowler": "G Motie",
              "non_striker": "ADS Fletcher",
              "runs": {
                "batter": 0,
                "extras": 0,
                "total": 0
              }
            }
          ]
        },
        {
          "over": 1,
          "deliveries": [
            {
              "batter": "ADS Fletcher",
              "bowler": "Imran Tahir",
              "non_striker": "F du Plessis",
              "runs": {
                "batter": 0,
                "extras": 0,
                "total": 0
              }
            },
            {
              "batter": "ADS Fletcher",
              "bowler": "Imran Tahir",
              "non_striker": "F du Plessis",
              "runs": {
                "batter": 0,
                "extras": 0,
                "total": 0
              }
            },
            {
              "batter": "ADS Fletcher",
              "bowler": "Imran Tahir",
              "non_striker": "F du Plessis",
              "runs": {
                "batter": 1,
                "extras": 0,
                "total": 1
              }
            },
            {
              "batter": "F du Plessis",
              "bowler": "Imran Tahir",
              "non_striker": "ADS Fletcher",
              "runs": {
                "batter": 2,
                "extras": 0,
                "total": 2
              }
            },
            {
              "batter": "F du Plessis",
              "bowler": "Imran Tahir",
              "non_striker": "ADS Fletcher",
              "runs": {
                "batter": 6,
                "extras": 0,
                "total": 6
              }
            },
            {
              "batter": "F du Plessis",
              "bowler": "Imran Tahir",
              "non_striker": "ADS Fletcher",
              "runs": {
                "batter": 1,
                "extras": 0,
                "total": 1
              }
            }
          ]
        },
        {
          "over": 2,
          "deliveries": [
            {
              "batter": "F du Plessis",
              "bowler": "G Motie",
              "non_striker": "ADS Fletcher",
              "runs": {
                "batter": 0,
                "extras": 0,
                "total": 0
              }
            },
            {
              "batter": "F du Plessis",
              "bowler": "G Motie",
              "non_striker": "ADS Fletcher",
              "runs": {
                "batter": 1,
                "extras": 0,
                "total": 1
              }
            },
            {
              "batter": "ADS Fletcher",
              "bowler": "G Motie",
              "non_striker": "F du Plessis",
              "runs": {
                "batter": 0,
                "extras": 0,
                "total": 0
              }
            },
            {
              "batter": "ADS Fletcher",
              "bowler": "G Motie",
              "non_striker": "F du Plessis",
              "runs": {
                "batter": 0,
                "extras": 0,
                "total": 0
              }
            },
            {
              "batter": "ADS Fletcher",
              "bowler": "G Motie",
              "extras": {
                "wides": 2
              },
              "non_striker": "F du Plessis",
              "runs": {
                "batter": 0,
                "extras": 2,
                "total": 2
              }
            },
            {
              "batter": "F du Plessis",
              "bowler": "G Motie",
              "non_striker": "ADS Fletcher",
              "runs": {
                "batter": 0,
                "extras": 0,
                "total": 0
              }
            },
            {
              "batter": "F du Plessis",
              "bowler": "G Motie",
              "non_striker": "ADS Fletcher",
              "runs": {
                "batter": 1,
                "extras": 0,
                "total": 1
              }
            }
          ]
        },
        {
          "over": 3,
          "deliveries": [
            {
              "batter": "F du Plessis",
              "bowler": "R Shepherd",
              "non_striker": "ADS Fletcher",
              "runs": {
                "batter": 4,
                "extras": 0,
                "total": 4
              }
            },
            {
              "batter": "F du Plessis",
              "bowler": "R Shepherd",
              "non_striker": "ADS Fletcher",
              "runs": {
                "batter": 0,
                "extras": 0,
                "total": 0
              }
            },
            {
              "batter": "F du Plessis",
              "bowler": "R Shepherd",
              "extras": {
                "wides": 1
              },
              "non_striker": "ADS Fletcher",
              "runs": {
                "batter": 0,
                "extras": 1,
                "total": 1
              }
            },
            {
              "batter": "F du Plessis",
              "bowler": "R Shepherd",
              "non_striker": "ADS Fletcher",
              "runs": {
                "batter": 0,
                "extras": 0,
                "total": 0
              }
            },
            {
              "batter": "F du Plessis",
              "bowler": "R Shepherd",
              "non_striker": "ADS Fletcher",
              "runs": {
                "batter": 2,
                "extras": 0,
                "total": 2
              }
            },
            {
              "batter": "F du Plessis",
              "bowler": "R Shepherd",
              "non_striker": "ADS Fletcher",
              "runs": {
                "batter": 1,
                "extras": 0,
                "total": 1
              }
            },
            {
              "batter": "ADS Fletcher",
              "bowler": "R Shepherd",
              "non_striker": "F du Plessis",
              "runs": {
                "batter": 4,
                "extras": 0,
                "total": 4
              }
            }
          ]
        },
        {
          "over": 4,
          "deliveries": [
            {
              "batter": "F du Plessis",
              "bowler": "G Motie",
              "non_striker": "ADS Fletcher",
              "runs": {
                "batter": 0,
                "extras": 0,
                "total": 0
              },
              "wickets": [
                {
                  "player_out": "F du Plessis",
                  "kind": "caught and bowled"
                }
              ]
            },
            {
              "batter": "SR Patel",
              "bowler": "G Motie",
              "non_striker": "ADS Fletcher",
              "runs": {
                "batter": 0,
                "extras": 0,
                "total": 0
              }
            },
            {
              "batter": "SR Patel",
              "bowler": "G Motie",
              "non_striker": "ADS Fletcher",
              "runs": {
                "batter": 0,
                "extras": 0,
                "total": 0
              }
            },
            {
              "batter": "SR Patel",
              "bowler": "G Motie",
              "non_striker": "ADS Fletcher",
              "runs": {
                "batter": 0,
                "extras": 0,
                "total": 0
              }
            },
            {
              "batter": "SR Patel",
              "bowler": "G Motie",
              "non_striker": "ADS Fletcher",
              "runs": {
                "batter": 0,
                "extras": 0,
                "total": 0
              }
            },
            {
              "batter": "SR Patel",
              "bowler": "G Motie",
              "non_striker": "ADS Fletcher",
              "runs": {
                "batter": 0,
                "extras": 0,
                "total": 0
              }
            }
          ]
        },
        {
          "over": 5,
          "deliveries": [
            {
              "batter": "ADS Fletcher",
              "bowler": "Imran Tahir",
              "non_striker": "SR Patel",
              "runs": {
                "batter": 1,
                "extras": 0,
                "total": 1
              }
            },
            {
              "batter": "SR Patel",
              "bowler": "Imran Tahir",
              "non_striker": "ADS Fletcher",
              "runs": {
                "batter": 4,
                "extras": 0,
                "total": 4
              }
            },
            {
              "batter": "SR Patel",
              "bowler": "Imran Tahir",
              "non_striker": "ADS Fletcher",
              "runs": {
                "batter": 1,
                "extras": 0,
                "total": 1
              }
            },
            {
              "batter": "ADS Fletcher",
              "bowler": "Imran Tahir",
              "non_striker": "SR Patel",
              "runs": {
                "batter": 0,
                "extras": 0,
                "total": 0
              },
              "wickets": [
                {
                  "player_out": "ADS Fletcher",
                  "kind": "bowled"
                }
              ]
            },
            {
              "batter": "RL Chase",
              "bowler": "Imran Tahir",
              "non_striker": "SR Patel",
              "runs": {
                "batter": 2,
                "extras": 0,
                "total": 2
              }
            },
            {
              "batter": "RL Chase",
              "bowler": "Imran Tahir",
              "non_striker": "SR Patel",
              "runs": {
                "batter": 1,
                "extras": 0,
                "total": 1
              }
            }
          ]
        },
        {
          "over": 6,
          "deliveries": [
            {
              "batter": "RL Chase",
              "bowler": "G Motie",
              "non_striker": "SR Patel",
              "runs": {
                "batter": 1,
                "extras": 0,
                "total": 1
              }
            },
            {
              "batter": "SR Patel",
              "bowler": "G Motie",
              "non_striker": "RL Chase",
              "runs": {
                "batter": 0,
                "extras": 0,
                "total": 0
              }
            },
            {
              "batter": "SR Patel",
              "bowler": "G Motie",
              "non_striker": "RL Chase",
              "runs": {
                "batter": 4,
                "extras": 0,
                "total": 4
              }
            },
            {
              "batter": "SR Patel",
              "bowler": "G Motie",
              "non_striker": "RL Chase",
              "runs": {
                "batter": 0,
                "extras": 0,
                "total": 0
              }
            },
            {
              "batter": "SR Patel",
              "bowler": "G Motie",
              "non_striker": "RL Chase",
              "runs": {
                "batter": 0,
                "extras": 0,
                "total": 0
              },
              "wickets": [
                {
                  "player_out": "SR Patel",
                  "kind": "bowled"
                }
              ]
            },
            {
              "batter": "TH David",
              "bowler": "G Motie",
              "non_striker": "RL Chase",
              "runs": {
                "batter": 0,
                "extras": 0,
                "total": 0
              }
            }
          ]
        },
        {
          "over": 7,
          "deliveries": [
            {
              "batter": "RL Chase",
              "bowler": "Imran Tahir",
              "non_striker": "TH David",
              "runs": {
                "batter": 0,
                "extras": 0,
                "total": 0
              }
            },
            {
              "batter": "RL Chase",
              "bowler": "Imran Tahir",
              "non_striker": "TH David",
              "runs": {
                "batter": 0,
                "extras": 0,
                "total": 0
              }
            },
            {
              "batter": "RL Chase",
              "bowler": "Imran Tahir",
              "non_striker": "TH David",
              "runs": {
                "batter": 1,
                "extras": 0,
                "total": 1
              }
            },
            {
              "batter": "TH David",
              "bowler": "Imran Tahir",
              "non_striker": "RL Chase",
              "runs": {
                "batter": 1,
                "extras": 0,
                "total": 1
              }
            },
            {
              "batter": "RL Chase",
              "bowler": "Imran Tahir",
              "non_striker": "TH David",
              "runs": {
                "batter": 1,
                "extras": 0,
                "total": 1
              }
            },
            {
              "batter": "TH David",
              "bowler": "Imran Tahir",
              "extras": {
                "wides": 1
              },
              "non_striker": "RL Chase",
              "runs": {
                "batter": 0,
                "extras": 1,
                "total": 1
              }
            },
            {
              "batter": "TH David",
              "bowler": "Imran Tahir",
              "non_striker": "RL Chase",
              "runs": {
                "batter": 2,
                "extras": 0,
                "total": 2
              }
            }
          ]
        },
        {
          "over": 8,
          "deliveries": [
            {
              "batter": "RL Chase",
              "bowler": "R Shepherd",
              "non_striker": "TH David",
              "runs": {
                "batter": 1,
                "extras": 0,
                "total": 1
              }
            },
            {
              "batter": "TH David",
              "bowler": "R Shepherd",
              "non_striker": "RL Chase",
              "runs": {
                "batter": 0,
                "extras": 0,
                "total": 0
              }
            },
            {
              "batter": "TH David",
              "bowler": "R Shepherd",
              "non_striker": "RL Chase",
              "runs": {
                "batter": 1,
                "extras": 0,
                "total": 1
              }
            },
            {
              "batter": "RL Chase",
              "bowler": "R Shepherd",
              "non_striker": "TH David",
              "runs": {
                "batter": 6,
                "extras": 0,
                "total": 6
              }
            },
            {
              "batter": "RL Chase",
              "bowler": "R Shepherd",
              "non_striker": "TH David",
              "runs": {
                "batter": 2,
                "extras": 0,
                "total": 2
              }
            },
            {
              "batter": "RL Chase",
              "bowler": "R Shepherd",
              "non_striker": "TH David",
              "runs": {
                "batter": 4,
                "extras": 0,
                "total": 4
              }
            }
          ]
        },
        {
          "over": 9,
          "deliveries": [
            {
              "batter": "TH David",
              "bowler": "Shoaib Malik",
              "non_striker": "RL Chase",
              "runs": {
                "batter": 6,
                "extras": 0,
                "total": 6
              }
            },
            {
              "batter": "TH David",
              "bowler": "Shoaib Malik",
              "extras": {
                "legbyes": 1
              },
              "non_striker": "RL Chase",
              "runs": {
                "batter": 0,
                "extras": 1,
                "total": 1
              }
            },
            {
              "batter": "RL Chase",
              "bowler": "Shoaib Malik",
              "non_striker": "TH David",
              "runs": {
                "batter": 0,
                "extras": 0,
                "total": 0
              }
            },
            {
              "batter": "RL Chase",
              "bowler": "Shoaib Malik",
              "non_striker": "TH David",
              "runs": {
                "batter": 1,
                "extras": 0,
                "total": 1
              }
            },
            {
              "batter": "TH David",
              "bowler": "Shoaib Malik",
              "non_striker": "RL Chase",
              "runs": {
                "batter": 0,
                "extras": 0,
                "total": 0
              }
            },
            {
              "batter": "TH David",
              "bowler": "Shoaib Malik",
              "non_striker": "RL Chase",
              "runs": {
                "batter": 1,
                "extras": 0,
                "total": 1
              }
            }
          ]
        },
        {
          "over": 10,
          "deliveries": [
            {
              "batter": "TH David",
              "bowler": "Imran Tahir",
              "non_striker": "RL Chase",
              "runs": {
                "batter": 0,
                "extras": 0,
                "total": 0
              }
            },
            {
              "batter": "TH David",
              "bowler": "Imran Tahir",
              "non_striker": "RL Chase",
              "runs": {
                "batter": 1,
                "extras": 0,
                "total": 1
              }
            },
            {
              "batter": "RL Chase",
              "bowler": "Imran Tahir",
              "non_striker": "TH David",
              "runs": {
                "batter": 1,
                "extras": 0,
                "total": 1
              }
            },
            {
              "batter": "TH David",
              "bowler": "Imran Tahir",
              "non_striker": "RL Chase",
              "runs": {
                "batter": 4,
                "extras": 0,
                "total": 4
              }
            },
            {
              "batter": "TH David",
              "bowler": "Imran Tahir",
              "non_striker": "RL Chase",
              "runs": {
                "batter": 0,
                "extras": 0,
                "total": 0
              }
            },
            {
              "batter": "TH David",
              "bowler": "Imran Tahir",
              "non_striker": "RL Chase",
              "runs": {
                "batter": 1,
                "extras": 0,
                "total": 1
              }
            }
          ]
        },
        {
          "over": 11,
          "deliveries": [
            {
              "batter": "TH David",
              "bowler": "OF Smith",
              "extras": {
                "wides": 1
              },
              "non_striker": "RL Chase",
              "runs": {
                "batter": 0,
                "extras": 1,
                "total": 1
              }
            },
            {
              "batter": "TH David",
              "bowler": "OF Smith",
              "non_striker": "RL Chase",
              "runs": {
                "batter": 0,
                "extras": 0,
                "total": 0
              }
            },
            {
              "batter": "TH David",
              "bowler": "OF Smith",
              "non_striker": "RL Chase",
              "runs": {
                "batter": 0,
                "extras": 0,
                "total": 0
              }
            },
            {
              "batter": "TH David",
              "bowler": "OF Smith",
              "non_striker": "RL Chase",
              "runs": {
                "batter": 1,
                "extras": 0,
                "total": 1
              }
            },
            {
              "batter": "RL Chase",
              "bowler": "OF Smith",
              "non_striker": "TH David",
              "runs": {
                "batter": 0,
                "extras": 0,
                "total": 0
              }
            },
            {
              "batter": "RL Chase",
              "bowler": "OF Smith",
              "non_striker": "TH David",
              "runs": {
                "batter": 2,
                "extras": 0,
                "total": 2
              }
            },
            {
              "batter": "RL Chase",
              "bowler": "OF Smith",
              "non_striker": "TH David",
              "runs": {
                "batter": 6,
                "extras": 0,
                "total": 6
              }
            }
          ]
        },
        {
          "over": 12,
          "deliveries": [
            {
              "batter": "TH David",
              "bowler": "C Hemraj",
              "non_striker": "RL Chase",
              "runs": {
                "batter": 0,
                "extras": 0,
                "total": 0
              }
            },
            {
              "batter": "TH David",
              "bowler": "C Hemraj",
              "non_striker": "RL Chase",
              "runs": {
                "batter": 0,
                "extras": 0,
                "total": 0
              }
            },
            {
              "batter": "TH David",
              "bowler": "C Hemraj",
              "non_striker": "RL Chase",
              "runs": {
                "batter": 2,
                "extras": 0,
                "total": 2
              }
            },
            {
              "batter": "TH David",
              "bowler": "C Hemraj",
              "non_striker": "RL Chase",
              "runs": {
                "batter": 1,
                "extras": 0,
                "total": 1
              }
            },
            {
              "batter": "RL Chase",
              "bowler": "C Hemraj",
              "non_striker": "TH David",
              "runs": {
                "batter": 2,
                "extras": 0,
                "total": 2
              }
            },
            {
              "batter": "RL Chase",
              "bowler": "C Hemraj",
              "non_striker": "TH David",
              "runs": {
                "batter": 0,
                "extras": 0,
                "total": 0
              }
            }
          ]
        },
        {
          "over": 13,
          "deliveries": [
            {
              "batter": "TH David",
              "bowler": "Naveen-ul-Haq",
              "non_striker": "RL Chase",
              "runs": {
                "batter": 1,
                "extras": 0,
                "total": 1
              }
            },
            {
              "batter": "RL Chase",
              "bowler": "Naveen-ul-Haq",
              "non_striker": "TH David",
              "runs": {
                "batter": 0,
                "extras": 0,
                "total": 0
              }
            },
            {
              "batter": "RL Chase",
              "bowler": "Naveen-ul-Haq",
              "non_striker": "TH David",
              "runs": {
                "batter": 1,
                "extras": 0,
                "total": 1
              }
            },
            {
              "batter": "TH David",
              "bowler": "Naveen-ul-Haq",
              "non_striker": "RL Chase",
              "runs": {
                "batter": 2,
                "extras": 0,
                "total": 2
              }
            },
            {
              "batter": "TH David",
              "bowler": "Naveen-ul-Haq",
              "non_striker": "RL Chase",
              "runs": {
                "batter": 1,
                "extras": 0,
                "total": 1
              }
            },
            {
              "batter": "RL Chase",
              "bowler": "Naveen-ul-Haq",
              "non_striker": "TH David",
              "runs": {
                "batter": 1,
                "extras": 0,
                "total": 1
              }
            }
          ]
        },
        {
          "over": 14,
          "deliveries": [
            {
              "batter": "RL Chase",
              "bowler": "R Shepherd",
              "non_striker": "TH David",
              "runs": {
                "batter": 1,
                "extras": 0,
                "total": 1
              }
            },
            {
              "batter": "TH David",
              "bowler": "R Shepherd",
              "non_striker": "RL Chase",
              "runs": {
                "batter": 2,
                "extras": 0,
                "total": 2
              }
            },
            {
              "batter": "TH David",
              "bowler": "R Shepherd",
              "non_striker": "RL Chase",
              "runs": {
                "batter": 1,
                "extras": 0,
                "total": 1
              }
            },
            {
              "batter": "RL Chase",
              "bowler": "R Shepherd",
              "non_striker": "TH David",
              "runs": {
                "batter": 1,
                "extras": 0,
                "total": 1
              }
            },
            {
              "batter": "TH David",
              "bowler": "R Shepherd",
              "non_striker": "RL Chase",
              "runs": {
                "batter": 0,
                "extras": 0,
                "total": 0
              }
            },
            {
              "batter": "TH David",
              "bowler": "R Shepherd",
              "non_striker": "RL Chase",
              "runs": {
                "batter": 2,
                "extras": 0,
                "total": 2
              }
            }
          ]
        },
        {
          "over": 15,
          "deliveries": [
            {
              "batter": "RL Chase",
              "bowler": "Naveen-ul-Haq",
              "non_striker": "TH David",
              "runs": {
                "batter": 1,
                "extras": 0,
                "total": 1
              }
            },
            {
              "batter": "TH David",
              "bowler": "Naveen-ul-Haq",
              "non_striker": "RL Chase",
              "runs": {
                "batter": 1,
                "extras": 0,
                "total": 1
              }
            },
            {
              "batter": "RL Chase",
              "bowler": "Naveen-ul-Haq",
              "non_striker": "TH David",
              "runs": {
                "batter": 1,
                "extras": 0,
                "total": 1
              }
            },
            {
              "batter": "TH David",
              "bowler": "Naveen-ul-Haq",
              "non_striker": "RL Chase",
              "runs": {
                "batter": 1,
                "extras": 0,
                "total": 1
              }
            },
            {
              "batter": "RL Chase",
              "bowler": "Naveen-ul-Haq",
              "non_striker": "TH David",
              "runs": {
                "batter": 0,
                "extras": 0,
                "total": 0
              }
            },
            {
              "batter": "RL Chase",
              "bowler": "Naveen-ul-Haq",
              "non_striker": "TH David",
              "runs": {
                "batter": 1,
                "extras": 0,
                "total": 1
              }
            }
          ]
        },
        {
          "over": 16,
          "deliveries": [
            {
              "batter": "RL Chase",
              "bowler": "R Shepherd",
              "non_striker": "TH David",
              "runs": {
                "batter": 1,
                "extras": 0,
                "total": 1
              }
            },
            {
              "batter": "TH David",
              "bowler": "R Shepherd",
              "extras": {
                "wides": 1
              },
              "non_striker": "RL Chase",
              "runs": {
                "batter": 0,
                "extras": 1,
                "total": 1
              }
            },
            {
              "batter": "TH David",
              "bowler": "R Shepherd",
              "non_striker": "RL Chase",
              "runs": {
                "batter": 1,
                "extras": 0,
                "total": 1
              }
            },
            {
              "batter": "RL Chase",
              "bowler": "R Shepherd",
              "non_striker": "TH David",
              "runs": {
                "batter": 1,
                "extras": 0,
                "total": 1
              }
            },
            {
              "batter": "TH David",
              "bowler": "R Shepherd",
              "non_striker": "RL Chase",
              "runs": {
                "batter": 1,
                "extras": 0,
                "total": 1
              }
            },
            {
              "batter": "RL Chase",
              "bowler": "R Shepherd",
              "non_striker": "TH David",
              "runs": {
                "batter": 0,
                "extras": 0,
                "total": 0
              }
            },
            {
              "batter": "RL Chase",
              "bowler": "R Shepherd",
              "non_striker": "TH David",
              "runs": {
                "batter": 0,
                "extras": 0,
                "total": 0
              }
            }
          ]
        },
        {
          "over": 17,
          "deliveries": [
            {
              "batter": "TH David",
              "bowler": "Naveen-ul-Haq",
              "non_striker": "RL Chase",
              "runs": {
                "batter": 1,
                "extras": 0,
                "total": 1
              }
            },
            {
              "batter": "RL Chase",
              "bowler": "Naveen-ul-Haq",
              "non_striker": "TH David",
              "runs": {
                "batter": 0,
                "extras": 0,
                "total": 0
              },
              "wickets": [
                {
                  "player_out": "RL Chase",
                  "fielders": [
                    {
                      "name": "Shoaib Malik"
                    }
                  ],
                  "kind": "caught"
                }
              ]
            },
            {
              "batter": "KMA Paul",
              "bowler": "Naveen-ul-Haq",
              "non_striker": "TH David",
              "runs": {
                "batter": 1,
                "extras": 0,
                "total": 1
              }
            },
            {
              "batter": "TH David",
              "bowler": "Naveen-ul-Haq",
              "non_striker": "KMA Paul",
              "runs": {
                "batter": 2,
                "extras": 0,
                "total": 2
              }
            },
            {
              "batter": "TH David",
              "bowler": "Naveen-ul-Haq",
              "non_striker": "KMA Paul",
              "runs": {
                "batter": 1,
                "extras": 0,
                "total": 1
              }
            },
            {
              "batter": "KMA Paul",
              "bowler": "Naveen-ul-Haq",
              "non_striker": "TH David",
              "runs": {
                "batter": 0,
                "extras": 0,
                "total": 0
              }
            }
          ]
        },
        {
          "over": 18,
          "deliveries": [
            {
              "batter": "TH David",
              "bowler": "OF Smith",
              "non_striker": "KMA Paul",
              "runs": {
                "batter": 0,
                "extras": 0,
                "total": 0
              }
            },
            {
              "batter": "TH David",
              "bowler": "OF Smith",
              "extras": {
                "legbyes": 1
              },
              "non_striker": "KMA Paul",
              "runs": {
                "batter": 0,
                "extras": 1,
                "total": 1
              }
            },
            {
              "batter": "KMA Paul",
              "bowler": "OF Smith",
              "non_striker": "TH David",
              "runs": {
                "batter": 0,
                "extras": 0,
                "total": 0
              },
              "wickets": [
                {
                  "player_out": "KMA Paul",
                  "kind": "bowled"
                }
              ]
            },
            {
              "batter": "J Royal",
              "bowler": "OF Smith",
              "non_striker": "TH David",
              "runs": {
                "batter": 0,
                "extras": 0,
                "total": 0
              },
              "wickets": [
                {
                  "player_out": "J Royal",
                  "fielders": [
                    {
                      "name": "N Pooran"
                    }
                  ],
                  "kind": "caught"
                }
              ]
            },
            {
              "batter": "Wahab Riaz",
              "bowler": "OF Smith",
              "non_striker": "TH David",
              "runs": {
                "batter": 1,
                "extras": 0,
                "total": 1
              }
            },
            {
              "batter": "TH David",
              "bowler": "OF Smith",
              "non_striker": "Wahab Riaz",
              "runs": {
                "batter": 1,
                "extras": 0,
                "total": 1
              }
            }
          ]
        },
        {
          "over": 19,
          "deliveries": [
            {
              "batter": "TH David",
              "bowler": "Naveen-ul-Haq",
              "non_striker": "Wahab Riaz",
              "runs": {
                "batter": 1,
                "extras": 0,
                "total": 1
              }
            },
            {
              "batter": "Wahab Riaz",
              "bowler": "Naveen-ul-Haq",
              "non_striker": "TH David",
              "runs": {
                "batter": 1,
                "extras": 0,
                "total": 1
              }
            },
            {
              "batter": "TH David",
              "bowler": "Naveen-ul-Haq",
              "non_striker": "Wahab Riaz",
              "runs": {
                "batter": 6,
                "extras": 0,
                "total": 6
              }
            },
            {
              "batter": "TH David",
              "bowler": "Naveen-ul-Haq",
              "non_striker": "Wahab Riaz",
              "runs": {
                "batter": 0,
                "extras": 0,
                "total": 0
              }
            },
            {
              "batter": "TH David",
              "bowler": "Naveen-ul-Haq",
              "non_striker": "Wahab Riaz",
              "runs": {
                "batter": 1,
                "extras": 0,
                "total": 1
              }
            },
            {
              "batter": "Wahab Riaz",
              "bowler": "Naveen-ul-Haq",
              "non_striker": "TH David",
              "runs": {
                "batter": 0,
                "extras": 0,
                "total": 0
              }
            }
          ]
        }
      ],
      "powerplays": [
        {
          "from": 0.1,
          "to": 5.6,
          "type": "mandatory"
        }
      ],
      "target": {
        "overs": 20,
        "runs": 152
      }
    }
  ]
}