{
  "meta": {
    "data_version": "1.1.0",
    "created": "2021-09-13",
    "revision": 1
  },
  "info": {
    "balls_per_over": 6,
    "city": "Basseterre",
    "dates": [
      "2021-09-12"
    ],
    "event": {
      "name": "Caribbean Premier League",
      "match_number": 29
    },
    "gender": "male",
    "match_type": "T20",
    "officials": {
      "match_referees": [
        "M Ragoonath"
      ],
      "reserve_umpires": [
        "Christopher Taylor"
      ],
      "tv_umpires": [
        "DK Butler"
      ],
      "umpires": [
        "LS Reifer",
        "N Duguid"
      ]
    },
    "outcome": {
      "winner": "Guyana Amazon Warriors",
      "by": {
        "runs": 14
      }
    },
    "overs": 20,
    "player_of_match": [
      "R Shepherd"
    ],
    "players": {
      "Guyana Amazon Warriors": [
        "BA King",
        "C Hemraj",
        "SO Hetmyer",
        "Shoaib Malik",
        "A Bramble",
        "N Pooran",
        "R Shepherd",
        "OF Smith",
        "G Motie",
        "Naveen-ul-Haq",
        "Imran Tahir"
      ],
      "Jamaica Tallawahs": [
        "CAK Walton",
        "K Lewis",
        "KSA McKenzie",
        "SSJ Brooks",
        "Imad Wasim",
        "R Powell",
        "CR Brathwaite",
        "AD Russell",
        "CJ Green",
        "M Pretorius",
        "FH Edwards"
      ]
    },
    "registry": {
      "people": {
        "A Bramble": "eca0c288",
        "AD Russell": "bbd41817",
        "BA King": "7fca84b7",
        "C Hemraj": "9d450c28",
        "CAK Walton": "bbff906c",
        "CJ Green": "19b9f399",
        "CR Brathwaite": "e342e5fb",
        "Christopher Taylor": "1f50a44a",
        "DK Butler": "671398e3",
        "FH Edwards": "a7c226e1",
        "G Motie": "97bdec3d",
        "Imad Wasim": "9cb8d7a6",
        "Imran Tahir": "acee4cc4",
        "K Lewis": "b0081e62",
        "KSA McKenzie": "2b8f219a",
        "LS Reifer": "5dee559a",
        "M Pretorius": "54c2b697",
        "M Ragoonath": "6f596571",
        "N Duguid": "64495506",
        "N Pooran": "3241e3fd",
        "Naveen-ul-Haq": "c0c411cb",
        "OF Smith": "23cca426",
        "R Powell": "650d5e49",
        "R Shepherd": "c5aef772",
        "SO Hetmyer": "48a1d7b7",
        "SSJ Brooks": "977b841a",
        "Shoaib Malik": "64c34cd0"
      }
    },
    "season": "2021",
    "team_type": "club",
    "teams": [
      "Guyana Amazon Warriors",
      "Jamaica Tallawahs"
    ],
    "toss": {
      "decision": "bat",
      "winner": "Guyana Amazon Warriors"
    },
    "venue": "Warner Park, Basseterre, St Kitts"
  },
  "innings": [
    {
      "team": "Guyana Amazon Warriors",
      "overs": [
        {
          "over": 0,
          "deliveries": [
            {
              "batter": "BA King",
              "bowler": "FH Edwards",
              "non_striker": "C Hemraj",
              "runs": {
                "batter": 1,
                "extras": 0,
                "total": 1
              }
            },
            {
              "batter": "C Hemraj",
              "bowler": "FH Edwards",
              "non_striker": "BA King",
              "runs": {
                "batter": 1,
                "extras": 0,
                "total": 1
              }
            },
            {
              "batter": "BA King",
              "bowler": "FH Edwards",
              "extras": {
                "wides": 1
              },
              "non_striker": "C Hemraj",
              "runs": {
                "batter": 0,
                "extras": 1,
                "total": 1
              }
            },
            {
              "batter": "BA King",
              "bowler": "FH Edwards",
              "non_striker": "C Hemraj",
              "runs": {
                "batter": 6,
                "extras": 0,
                "total": 6
              }
            },
            {
              "batter": "BA King",
              "bowler": "FH Edwards",
              "non_striker": "C Hemraj",
              "runs": {
                "batter": 0,
                "extras": 0,
                "total": 0
              }
            },
            {
              "batter": "BA King",
              "bowler": "FH Edwards",
              "extras": {
                "wides": 1
              },
              "non_striker": "C Hemraj",
              "runs": {
                "batter": 0,
                "extras": 1,
                "total": 1
              }
            },
            {
              "batter": "BA King",
              "bowler": "FH Edwards",
              "non_striker": "C Hemraj",
              "runs": {
                "batter": 4,
                "extras": 0,
                "total": 4
              }
            },
            {
              "batter": "BA King",
              "bowler": "FH Edwards",
              "non_striker": "C Hemraj",
              "runs": {
                "batter": 0,
                "extras": 0,
                "total": 0
              }
            }
          ]
        },
        {
          "over": 1,
          "deliveries": [
            {
              "batter": "C Hemraj",
              "bowler": "Imad Wasim",
              "non_striker": "BA King",
              "runs": {
                "batter": 1,
                "extras": 0,
                "total": 1
              }
            },
            {
              "batter": "BA King",
              "bowler": "Imad Wasim",
              "non_striker": "C Hemraj",
              "runs": {
                "batter": 0,
                "extras": 0,
                "total": 0
              }
            },
            {
              "batter": "BA King",
              "bowler": "Imad Wasim",
              "non_striker": "C Hemraj",
              "runs": {
                "batter": 1,
                "extras": 0,
                "total": 1
              }
            },
            {
              "batter": "C Hemraj",
              "bowler": "Imad Wasim",
              "non_striker": "BA King",
              "runs": {
                "batter": 0,
                "extras": 0,
                "total": 0
              }
            },
            {
              "batter": "C Hemraj",
              "bowler": "Imad Wasim",
              "non_striker": "BA King",
              "runs": {
                "batter": 1,
                "extras": 0,
                "total": 1
              }
            },
            {
              "batter": "BA King",
              "bowler": "Imad Wasim",
              "non_striker": "C Hemraj",
              "runs": {
                "batter": 0,
                "extras": 0,
                "total": 0
              },
              "wickets": [
                {
                  "player_out": "BA King",
                  "kind": "bowled"
                }
              ]
            }
          ]
        },
        {
          "over": 2,
          "deliveries": [
            {
              "batter": "C Hemraj",
              "bowler": "CJ Green",
              "non_striker": "SO Hetmyer",
              "runs": {
                "batter": 0,
                "extras": 0,
                "total": 0
              }
            },
            {
              "batter": "C Hemraj",
              "bowler": "CJ Green",
              "non_striker": "SO Hetmyer",
              "runs": {
                "batter": 6,
                "extras": 0,
                "total": 6
              }
            },
            {
              "batter": "C Hemraj",
              "bowler": "CJ Green",
              "non_striker": "SO Hetmyer",
              "runs": {
                "batter": 2,
                "extras": 0,
                "total": 2
              }
            },
            {
              "batter": "C Hemraj",
              "bowler": "CJ Green",
              "non_striker": "SO Hetmyer",
              "runs": {
                "batter": 1,
                "extras": 0,
                "total": 1
              }
            },
            {
              "batter": "SO Hetmyer",
              "bowler": "CJ Green",
              "non_striker": "C Hemraj",
              "runs": {
                "batter": 0,
                "extras": 0,
                "total": 0
              },
              "wickets": [
                {
                  "player_out": "SO Hetmyer",
                  "kind": "bowled"
                }
              ]
            },
            {
              "batter": "Shoaib Malik",
              "bowler": "CJ Green",
              "non_striker": "C Hemraj",
              "runs": {
                "batter": 0,
                "extras": 0,
                "total": 0
              }
            }
          ]
        },
        {
          "over": 3,
          "deliveries": [
            {
              "batter": "C Hemraj",
              "bowler": "Imad Wasim",
              "non_striker": "Shoaib Malik",
              "runs": {
                "batter": 0,
                "extras": 0,
                "total": 0
              }
            },
            {
              "batter": "C Hemraj",
              "bowler": "Imad Wasim",
              "non_striker": "Shoaib Malik",
              "runs": {
                "batter": 0,
                "extras": 0,
                "total": 0
              }
            },
            {
              "batter": "C Hemraj",
              "bowler": "Imad Wasim",
              "non_striker": "Shoaib Malik",
              "runs": {
                "batter": 6,
                "extras": 0,
                "total": 6
              }
            },
            {
              "batter": "C Hemraj",
              "bowler": "Imad Wasim",
              "non_striker": "Shoaib Malik",
              "runs": {
                "batter": 0,
                "extras": 0,
                "total": 0
              }
            },
            {
              "batter": "C Hemraj",
              "bowler": "Imad Wasim",
              "non_striker": "Shoaib Malik",
              "runs": {
                "batter": 0,
                "extras": 0,
                "total": 0
              }
            },
            {
              "batter": "C Hemraj",
              "bowler": "Imad Wasim",
              "non_striker": "Shoaib Malik",
              "runs": {
                "batter": 0,
                "extras": 0,
                "total": 0
              }
            }
          ]
        },
        {
          "over": 4,
          "deliveries": [
            {
              "batter": "Shoaib Malik",
              "bowler": "CJ Green",
              "non_striker": "C Hemraj",
              "runs": {
                "batter": 0,
                "extras": 0,
                "total": 0
              }
            },
            {
              "batter": "Shoaib Malik",
              "bowler": "CJ Green",
              "non_striker": "C Hemraj",
              "runs": {
                "batter": 0,
                "extras": 0,
                "total": 0
              },
              "wickets": [
                {
                  "player_out": "Shoaib Malik",
                  "fielders": [
                    {
                      "name": "CAK Walton"
                    }
                  ],
                  "kind": "stumped"
                }
              ]
            },
            {
              "batter": "A Bramble",
              "bowler": "CJ Green",
              "non_striker": "C Hemraj",
              "runs": {
                "batter": 0,
                "extras": 0,
                "total": 0
              }
            },
            {
              "batter": "A Bramble",
              "bowler": "CJ Green",
              "non_striker": "C Hemraj",
              "runs": {
                "batter": 0,
                "extras": 0,
                "total": 0
              }
            },
            {
              "batter": "A Bramble",
              "bowler": "CJ Green",
              "non_striker": "C Hemraj",
              "runs": {
                "batter": 4,
                "extras": 0,
                "total": 4
              }
            },
            {
              "batter": "A Bramble",
              "bowler": "CJ Green",
              "non_striker": "C Hemraj",
              "runs": {
                "batter": 0,
                "extras": 0,
                "total": 0
              }
            }
          ]
        },
        {
          "over": 5,
          "deliveries": [
            {
              "batter": "C Hemraj",
              "bowler": "Imad Wasim",
              "non_striker": "A Bramble",
              "runs": {
                "batter": 1,
                "extras": 0,
                "total": 1
              }
            },
            {
              "batter": "A Bramble",
              "bowler": "Imad Wasim",
              "non_striker": "C Hemraj",
              "runs": {
                "batter": 0,
                "extras": 0,
                "total": 0
              }
            },
            {
              "batter": "A Bramble",
              "bowler": "Imad Wasim",
              "non_striker": "C Hemraj",
              "runs": {
                "batter": 0,
                "extras": 0,
                "total": 0
              }
            },
            {
              "batter": "A Bramble",
              "bowler": "Imad Wasim",
              "extras": {
                "legbyes": 1
              },
              "non_striker": "C Hemraj",
              "runs": {
                "batter": 0,
                "extras": 1,
                "total": 1
              }
            },
            {
              "batter": "C Hemraj",
              "bowler": "Imad Wasim",
              "non_striker": "A Bramble",
              "runs": {
                "batter": 0,
                "extras": 0,
                "total": 0
              }
            },
            {
              "batter": "C Hemraj",
              "bowler": "Imad Wasim",
              "non_striker": "A Bramble",
              "runs": {
                "batter": 0,
                "extras": 0,
                "total": 0
              }
            }
          ]
        },
        {
          "over": 6,
          "deliveries": [
            {
              "batter": "A Bramble",
              "bowler": "M Pretorius",
              "non_striker": "C Hemraj",
              "runs": {
                "batter": 0,
                "extras": 0,
                "total": 0
              }
            },
            {
              "batter": "A Bramble",
              "bowler": "M Pretorius",
              "non_striker": "C Hemraj",
              "runs": {
                "batter": 1,
                "extras": 0,
                "total": 1
              }
            },
            {
              "batter": "C Hemraj",
              "bowler": "M Pretorius",
              "non_striker": "A Bramble",
              "runs": {
                "batter": 1,
                "extras": 0,
                "total": 1
              }
            },
            {
              "batter": "A Bramble",
              "bowler": "M Pretorius",
              "non_striker": "C Hemraj",
              "runs": {
                "batter": 0,
                "extras": 0,
                "total": 0
              }
            },
            {
              "batter": "A Bramble",
              "bowler": "M Pretorius",
              "non_striker": "C Hemraj",
              "runs": {
                "batter": 1,
                "extras": 0,
                "total": 1
              }
            },
            {
              "batter": "C Hemraj",
              "bowler": "M Pretorius",
              "non_striker": "A Bramble",
              "runs": {
                "batter": 1,
                "extras": 0,
                "total": 1
              }
            }
          ]
        },
        {
          "over": 7,
          "deliveries": [
            {
              "batter": "C Hemraj",
              "bowler": "AD Russell",
              "non_striker": "A Bramble",
              "runs": {
                "batter": 0,
                "extras": 0,
                "total": 0
              },
              "wickets": [
                {
                  "player_out": "C Hemraj",
                  "fielders": [
                    {
                      "name": "CJ Green"
                    }
                  ],
                  "kind": "caught"
                }
              ]
            },
            {
              "batter": "A Bramble",
              "bowler": "AD Russell",
              "non_striker": "N Pooran",
              "runs": {
                "batter": 1,
                "extras": 0,
                "total": 1
              }
            },
            {
              "batter": "N Pooran",
              "bowler": "AD Russell",
              "non_striker": "A Bramble",
              "runs": {
                "batter": 1,
                "extras": 0,
                "total": 1
              }
            },
            {
              "batter": "A Bramble",
              "bowler": "AD Russell",
              "non_striker": "N Pooran",
              "runs": {
                "batter": 1,
                "extras": 0,
                "total": 1
              }
            },
            {
              "batter": "N Pooran",
              "bowler": "AD Russell",
              "non_striker": "A Bramble",
              "runs": {
                "batter": 0,
                "extras": 0,
                "total": 0
              }
            },
            {
              "batter": "N Pooran",
              "bowler": "AD Russell",
              "non_striker": "A Bramble",
              "runs": {
                "batter": 1,
                "extras": 0,
                "total": 1
              }
            }
          ]
        },
        {
          "over": 8,
          "deliveries": [
            {
              "batter": "N Pooran",
              "bowler": "CJ Green",
              "non_striker": "A Bramble",
              "runs": {
                "batter": 0,
                "extras": 0,
                "total": 0
              }
            },
            {
              "batter": "N Pooran",
              "bowler": "CJ Green",
              "non_striker": "A Bramble",
              "runs": {
                "batter": 1,
                "extras": 0,
                "total": 1
              }
            },
            {
              "batter": "A Bramble",
              "bowler": "CJ Green",
              "non_striker": "N Pooran",
              "runs": {
                "batter": 0,
                "extras": 0,
                "total": 0
              }
            },
            {
              "batter": "A Bramble",
              "bowler": "CJ Green",
              "non_striker": "N Pooran",
              "runs": {
                "batter": 0,
                "extras": 0,
                "total": 0
              }
            },
            {
              "batter": "A Bramble",
              "bowler": "CJ Green",
              "non_striker": "N Pooran",
              "runs": {
                "batter": 0,
                "extras": 0,
                "total": 0
              }
            },
            {
              "batter": "A Bramble",
              "bowler": "CJ Green",
              "non_striker": "N Pooran",
              "runs": {
                "batter": 0,
                "extras": 0,
                "total": 0
              }
            }
          ]
        },
        {
          "over": 9,
          "deliveries": [
            {
              "batter": "N Pooran",
              "bowler": "AD Russell",
              "non_striker": "A Bramble",
              "runs": {
                "batter": 6,
                "extras": 0,
                "total": 6
              }
            },
            {
              "batter": "N Pooran",
              "bowler": "AD Russell",
              "non_striker": "A Bramble",
              "runs": {
                "batter": 0,
                "extras": 0,
                "total": 0
              },
              "wickets": [
                {
                  "player_out": "N Pooran",
                  "fielders": [
                    {
                      "name": "SSJ Brooks"
                    }
                  ],
                  "kind": "caught"
                }
              ]
            },
            {
              "batter": "R Shepherd",
              "bowler": "AD Russell",
              "non_striker": "A Bramble",
              "runs": {
                "batter": 4,
                "extras": 0,
                "total": 4
              }
            },
            {
              "batter": "R Shepherd",
              "bowler": "AD Russell",
              "non_striker": "A Bramble",
              "runs": {
                "batter": 0,
                "extras": 0,
                "total": 0
              }
            },
            {
              "batter": "R Shepherd",
              "bowler": "AD Russell",
              "non_striker": "A Bramble",
              "runs": {
                "batter": 4,
                "extras": 0,
                "total": 4
              }
            },
            {
              "batter": "R Shepherd",
              "bowler": "AD Russell",
              "non_striker": "A Bramble",
              "runs": {
                "batter": 4,
                "extras": 0,
                "total": 4
              }
            }
          ]
        },
        {
          "over": 10,
          "deliveries": [
            {
              "batter": "A Bramble",
              "bowler": "CJ Green",
              "non_striker": "R Shepherd",
              "runs": {
                "batter": 1,
                "extras": 0,
                "total": 1
              }
            },
            {
              "batter": "R Shepherd",
              "bowler": "CJ Green",
              "non_striker": "A Bramble",
              "runs": {
                "batter": 0,
                "extras": 0,
                "total": 0
              }
            },
            {
              "batter": "R Shepherd",
              "bowler": "CJ Green",
              "non_striker": "A Bramble",
              "runs": {
                "batter": 2,
                "extras": 0,
                "total": 2
              }
            },
            {
              "batter": "R Shepherd",
              "bowler": "CJ Green",
              "non_striker": "A Bramble",
              "runs": {
                "batter": 0,
                "extras": 0,
                "total": 0
              }
            },
            {
              "batter": "R Shepherd",
              "bowler": "CJ Green",
              "non_striker": "A Bramble",
              "runs": {
                "batter": 1,
                "extras": 0,
                "total": 1
              }
            },
            {
              "batter": "A Bramble",
              "bowler": "CJ Green",
              "non_striker": "R Shepherd",
              "runs": {
                "batter": 1,
                "extras": 0,
                "total": 1
              }
            }
          ]
        },
        {
          "over": 11,
          "deliveries": [
            {
              "batter": "A Bramble",
              "bowler": "Imad Wasim",
              "non_striker": "R Shepherd",
              "runs": {
                "batter": 4,
                "extras": 0,
                "total": 4
              }
            },
            {
              "batter": "A Bramble",
              "bowler": "Imad Wasim",
              "extras": {
                "wides": 1
              },
              "non_striker": "R Shepherd",
              "runs": {
                "batter": 0,
                "extras": 1,
                "total": 1
              },
              "wickets": [
                {
                  "player_out": "A Bramble",
                  "fielders": [
                    {
                      "name": "CAK Walton"
                    }
                  ],
                  "kind": "stumped"
                }
              ]
            },
            {
              "batter": "OF Smith",
              "bowler": "Imad Wasim",
              "non_striker": "R Shepherd",
              "runs": {
                "batter": 0,
                "extras": 0,
                "total": 0
              },
              "wickets": [
                {
                  "player_out": "OF Smith",
                  "kind": "lbw"
                }
              ]
            },
            {
              "batter": "G Motie",
              "bowler": "Imad Wasim",
              "non_striker": "R Shepherd",
              "runs": {
                "batter": 0,
                "extras": 0,
                "total": 0
              }
            },
            {
              "batter": "G Motie",
              "bowler": "Imad Wasim",
              "non_striker": "R Shepherd",
              "runs": {
                "batter": 0,
                "extras": 0,
                "total": 0
              }
            },
            {
              "batter": "G Motie",
              "bowler": "Imad Wasim",
              "non_striker": "R Shepherd",
              "runs": {
                "batter": 0,
                "extras": 0,
                "total": 0
              }
            },
            {
              "batter": "G Motie",
              "bowler": "Imad Wasim",
              "non_striker": "R Shepherd",
              "runs": {
                "batter": 0,
                "extras": 0,
                "total": 0
              }
            }
          ]
        },
        {
          "over": 12,
          "deliveries": [
            {
              "batter": "R Shepherd",
              "bowler": "M Pretorius",
              "non_striker": "G Motie",
              "runs": {
                "batter": 0,
                "extras": 0,
                "total": 0
              }
            },
            {
              "batter": "R Shepherd",
              "bowler": "M Pretorius",
              "non_striker": "G Motie",
              "runs": {
                "batter": 0,
                "extras": 0,
                "total": 0
              }
            },
            {
              "batter": "R Shepherd",
              "bowler": "M Pretorius",
              "non_striker": "G Motie",
              "runs": {
                "batter": 1,
                "extras": 0,
                "total": 1
              }
            },
            {
              "batter": "G Motie",
              "bowler": "M Pretorius",
              "non_striker": "R Shepherd",
              "runs": {
                "batter": 0,
                "extras": 0,
                "total": 0
              }
            },
            {
              "batter": "G Motie",
              "bowler": "M Pretorius",
              "non_striker": "R Shepherd",
              "runs": {
                "batter": 1,
                "extras": 0,
                "total": 1
              }
            },
            {
              "batter": "R Shepherd",
              "bowler": "M Pretorius",
              "non_striker": "G Motie",
              "runs": {
                "batter": 0,
                "extras": 0,
                "total": 0
              }
            }
          ]
        },
        {
          "over": 13,
          "deliveries": [
            {
              "batter": "G Motie",
              "bowler": "FH Edwards",
              "non_striker": "R Shepherd",
              "runs": {
                "batter": 0,
                "extras": 0,
                "total": 0
              }
            },
            {
              "batter": "G Motie",
              "bowler": "FH Edwards",
              "non_striker": "R Shepherd",
              "runs": {
                "batter": 0,
                "extras": 0,
                "total": 0
              }
            },
            {
              "batter": "G Motie",
              "bowler": "FH Edwards",
              "non_striker": "R Shepherd",
              "runs": {
                "batter": 1,
                "extras": 0,
                "total": 1
              }
            },
            {
              "batter": "R Shepherd",
              "bowler": "FH Edwards",
              "extras": {
                "legbyes": 4
              },
              "non_striker": "G Motie",
              "runs": {
                "batter": 0,
                "extras": 4,
                "total": 4
              }
            },
            {
              "batter": "R Shepherd",
              "bowler": "FH Edwards",
              "non_striker": "G Motie",
              "runs": {
                "batter": 6,
                "extras": 0,
                "total": 6
              }
            },
            {
              "batter": "R Shepherd",
              "bowler": "FH Edwards",
              "non_striker": "G Motie",
              "runs": {
                "batter": 6,
                "extras": 0,
                "total": 6
              }
            }
          ]
        },
        {
          "over": 14,
          "deliveries": [
            {
              "batter": "G Motie",
              "bowler": "CR Brathwaite",
              "non_striker": "R Shepherd",
              "runs": {
                "batter": 0,
                "extras": 0,
                "total": 0
              }
            },
            {
              "batter": "G Motie",
              "bowler": "CR Brathwaite",
              "non_striker": "R Shepherd",
              "runs": {
                "batter": 0,
                "extras": 0,
                "total": 0
              }
            },
            {
              "batter": "G Motie",
              "bowler": "CR Brathwaite",
              "non_striker": "R Shepherd",
              "runs": {
                "batter": 1,
                "extras": 0,
                "total": 1
              }
            },
            {
              "batter": "R Shepherd",
              "bowler": "CR Brathwaite",
              "non_striker": "G Motie",
              "runs": {
                "batter": 6,
                "extras": 0,
                "total": 6
              }
            },
            {
              "batter": "R Shepherd",
              "bowler": "CR Brathwaite",
              "non_striker": "G Motie",
              "runs": {
                "batter": 0,
                "extras": 0,
                "total": 0
              }
            },
            {
              "batter": "R Shepherd",
              "bowler": "CR Brathwaite",
              "extras": {
                "wides": 1
              },
              "non_striker": "G Motie",
              "runs": {
                "batter": 0,
                "extras": 1,
                "total": 1
              }
            },
            {
              "batter": "R Shepherd",
              "bowler": "CR Brathwaite",
              "non_striker": "G Motie",
              "runs": {
                "batter": 1,
                "extras": 0,
                "total": 1
              }
            }
          ]
        },
        {
          "over": 15,
          "deliveries": [
            {
              "batter": "R Shepherd",
              "bowler": "AD Russell",
              "non_striker": "G Motie",
              "runs": {
                "batter": 0,
                "extras": 0,
                "total": 0
              }
            },
            {
              "batter": "R Shepherd",
              "bowler": "AD Russell",
              "non_striker": "G Motie",
              "runs": {
                "batter": 6,
                "extras": 0,
                "total": 6
              }
            },
            {
              "batter": "R Shepherd",
              "bowler": "AD Russell",
              "non_striker": "G Motie",
              "runs": {
                "batter": 4,
                "extras": 0,
                "total": 4
              }
            },
            {
              "batter": "R Shepherd",
              "bowler": "AD Russell",
              "non_striker": "G Motie",
              "runs": {
                "batter": 1,
                "extras": 0,
                "total": 1
              }
            },
            {
              "batter": "G Motie",
              "bowler": "AD Russell",
              "non_striker": "R Shepherd",
              "runs": {
                "batter": 0,
                "extras": 0,
                "total": 0
              }
            },
            {
              "batter": "G Motie",
              "bowler": "AD Russell",
              "non_striker": "R Shepherd",
              "runs": {
                "batter": 1,
                "extras": 0,
                "total": 1
              }
            }
          ]
        },
        {
          "over": 16,
          "deliveries": [
            {
              "batter": "G Motie",
              "bowler": "M Pretorius",
              "non_striker": "R Shepherd",
              "runs": {
                "batter": 1,
                "extras": 0,
                "total": 1
              }
            },
            {
              "batter": "R Shepherd",
              "bowler": "M Pretorius",
              "non_striker": "G Motie",
              "runs": {
                "batter": 4,
                "extras": 0,
                "total": 4
              }
            },
            {
              "batter": "R Shepherd",
              "bowler": "M Pretorius",
              "non_striker": "G Motie",
              "runs": {
                "batter": 4,
                "extras": 0,
                "total": 4
              }
            },
            {
              "batter": "R Shepherd",
              "bowler": "M Pretorius",
              "non_striker": "G Motie",
              "runs": {
                "batter": 1,
                "extras": 0,
                "total": 1
              }
            },
            {
              "batter": "G Motie",
              "bowler": "M Pretorius",
              "non_striker": "R Shepherd",
              "runs": {
                "batter": 0,
                "extras": 0,
                "total": 0
              }
            },
            {
              "batter": "G Motie",
              "bowler": "M Pretorius",
              "non_striker": "R Shepherd",
              "runs": {
                "batter": 0,
                "extras": 0,
                "total": 0
              }
            }
          ]
        },
        {
          "over": 17,
          "deliveries": [
            {
              "batter": "R Shepherd",
              "bowler": "AD Russell",
              "non_striker": "G Motie",
              "runs": {
                "batter": 0,
                "extras": 0,
                "total": 0
              }
            },
            {
              "batter": "R Shepherd",
              "bowler": "AD Russell",
              "non_striker": "G Motie",
              "runs": {
                "batter": 4,
                "extras": 0,
                "total": 4
              }
            },
            {
              "batter": "R Shepherd",
              "bowler": "AD Russell",
              "non_striker": "G Motie",
              "runs": {
                "batter": 6,
                "extras": 0,
                "total": 6
              }
            },
            {
              "batter": "R Shepherd",
              "bowler": "AD Russell",
              "non_striker": "G Motie",
              "runs": {
                "batter": 6,
                "extras": 0,
                "total": 6
              }
            },
            {
              "batter": "R Shepherd",
              "bowler": "AD Russell",
              "non_striker": "G Motie",
              "runs": {
                "batter": 0,
                "extras": 0,
                "total": 0
              }
            },
            {
              "batter": "R Shepherd",
              "bowler": "AD Russell",
              "non_striker": "G Motie",
              "runs": {
                "batter": 1,
                "extras": 0,
                "total": 1
              }
            }
          ]
        }
      ],
      "powerplays": [
        {
          "from": 0.1,
          "to": 4.6,
          "type": "mandatory"
        }
      ]
    },
    {
      "team": "Jamaica Tallawahs",
      "overs": [
        {
          "over": 0,
          "deliveries": [
            {
              "batter": "CAK Walton",
              "bowler": "Naveen-ul-Haq",
              "non_striker": "K Lewis",
              "runs": {
                "batter": 0,
                "extras": 0,
                "total": 0
              }
            },
            {
              "batter": "CAK Walton",
              "bowler": "Naveen-ul-Haq",
              "extras": {
                "byes": 1
              },
              "non_striker": "K Lewis",
              "runs": {
                "batter": 0,
                "extras": 1,
                "total": 1
              }
            },
            {
              "batter": "K Lewis",
              "bowler": "Naveen-ul-Haq",
              "non_striker": "CAK Walton",
              "runs": {
                "batter": 0,
                "extras": 0,
                "total": 0
              }
            },
            {
              "batter": "K Lewis",
              "bowler": "Naveen-ul-Haq",
              "non_striker": "CAK Walton",
              "runs": {
                "batter": 2,
                "extras": 0,
                "total": 2
              }
            },
            {
              "batter": "K Lewis",
              "bowler": "Naveen-ul-Haq",
              "non_striker": "CAK Walton",
              "runs": {
                "batter": 0,
                "extras": 0,
                "total": 0
              }
            },
            {
              "batter": "K Lewis",
              "bowler": "Naveen-ul-Haq",
              "non_striker": "CAK Walton",
              "runs": {
                "batter": 1,
                "extras": 0,
                "total": 1
              }
            }
          ]
        },
        {
          "over": 1,
          "deliveries": [
            {
              "batter": "K Lewis",
              "bowler": "Imran Tahir",
              "non_striker": "CAK Walton",
              "runs": {
                "batter": 0,
                "extras": 0,
                "total": 0
              },
              "wickets": [
                {
                  "player_out": "K Lewis",
                  "kind": "bowled"
                }
              ]
            },
            {
              "batter": "KSA McKenzie",
              "bowler": "Imran Tahir",
              "non_striker": "CAK Walton",
              "runs": {
                "batter": 0,
                "extras": 0,
                "total": 0
              }
            },
            {
              "batter": "KSA McKenzie",
              "bowler": "Imran Tahir",
              "non_striker": "CAK Walton",
              "runs": {
                "batter": 0,
                "extras": 0,
                "total": 0
              }
            },
            {
              "batter": "KSA McKenzie",
              "bowler": "Imran Tahir",
              "non_striker": "CAK Walton",
              "runs": {
                "batter": 0,
                "extras": 0,
                "total": 0
              },
              "wickets": [
                {
                  "player_out": "KSA McKenzie",
                  "kind": "lbw"
                }
              ]
            },
            {
              "batter": "SSJ Brooks",
              "bowler": "Imran Tahir",
              "non_striker": "CAK Walton",
              "runs": {
                "batter": 0,
                "extras": 0,
                "total": 0
              }
            },
            {
              "batter": "SSJ Brooks",
              "bowler": "Imran Tahir",
              "non_striker": "CAK Walton",
              "runs": {
                "batter": 0,
                "extras": 0,
                "total": 0
              }
            }
          ]
        },
        {
          "over": 2,
          "deliveries": [
            {
              "batter": "CAK Walton",
              "bowler": "Naveen-ul-Haq",
              "non_striker": "SSJ Brooks",
              "runs": {
                "batter": 0,
                "extras": 0,
                "total": 0
              }
            },
            {
              "batter": "CAK Walton",
              "bowler": "Naveen-ul-Haq",
              "non_striker": "SSJ Brooks",
              "runs": {
                "batter": 1,
                "extras": 0,
                "total": 1
              }
            },
            {
              "batter": "SSJ Brooks",
              "bowler": "Naveen-ul-Haq",
              "non_striker": "CAK Walton",
              "runs": {
                "batter": 0,
                "extras": 0,
                "total": 0
              }
            },
            {
              "batter": "SSJ Brooks",
              "bowler": "Naveen-ul-Haq",
              "non_striker": "CAK Walton",
              "runs": {
                "batter": 1,
                "extras": 0,
                "total": 1
              }
            },
            {
              "batter": "CAK Walton",
              "bowler": "Naveen-ul-Haq",
              "non_striker": "SSJ Brooks",
              "runs": {
                "batter": 0,
                "extras": 0,
                "total": 0
              }
            },
            {
              "batter": "CAK Walton",
              "bowler": "Naveen-ul-Haq",
              "non_striker": "SSJ Brooks",
              "runs": {
                "batter": 0,
                "extras": 0,
                "total": 0
              }
            }
          ]
        },
        {
          "over": 3,
          "deliveries": [
            {
              "batter": "SSJ Brooks",
              "bowler": "G Motie",
              "non_striker": "CAK Walton",
              "runs": {
                "batter": 1,
                "extras": 0,
                "total": 1
              }
            },
            {
              "batter": "CAK Walton",
              "bowler": "G Motie",
              "non_striker": "SSJ Brooks",
              "runs": {
                "batter": 1,
                "extras": 0,
                "total": 1
              }
            },
            {
              "batter": "SSJ Brooks",
              "bowler": "G Motie",
              "non_striker": "CAK Walton",
              "runs": {
                "batter": 1,
                "extras": 0,
                "total": 1
              }
            },
            {
              "batter": "CAK Walton",
              "bowler": "G Motie",
              "non_striker": "SSJ Brooks",
              "runs": {
                "batter": 6,
                "extras": 0,
                "total": 6
              }
            },
            {
              "batter": "CAK Walton",
              "bowler": "G Motie",
              "non_striker": "SSJ Brooks",
              "runs": {
                "batter": 0,
                "extras": 0,
                "total": 0
              }
            },
            {
              "batter": "CAK Walton",
              "bowler": "G Motie",
              "non_striker": "SSJ Brooks",
              "runs": {
                "batter": 1,
                "extras": 0,
                "total": 1
              }
            }
          ]
        },
        {
          "over": 4,
          "deliveries": [
            {
              "batter": "CAK Walton",
              "bowler": "R Shepherd",
              "non_striker": "SSJ Brooks",
              "runs": {
                "batter": 0,
                "extras": 0,
                "total": 0
              }
            },
            {
              "batter": "CAK Walton",
              "bowler": "R Shepherd",
              "non_striker": "SSJ Brooks",
              "runs": {
                "batter": 0,
                "extras": 0,
                "total": 0
              }
            },
            {
              "batter": "CAK Walton",
              "bowler": "R Shepherd",
              "non_striker": "SSJ Brooks",
              "runs": {
                "batter": 1,
                "extras": 0,
                "total": 1
              }
            },
            {
              "batter": "SSJ Brooks",
              "bowler": "R Shepherd",
              "non_striker": "CAK Walton",
              "runs": {
                "batter": 0,
                "extras": 0,
                "total": 0
              }
            },
            {
              "batter": "SSJ Brooks",
              "bowler": "R Shepherd",
              "non_striker": "CAK Walton",
              "runs": {
                "batter": 0,
                "extras": 0,
                "total": 0
              }
            },
            {
              "batter": "SSJ Brooks",
              "bowler": "R Shepherd",
              "non_striker": "CAK Walton",
              "runs": {
                "batter": 4,
                "extras": 0,
                "total": 4
              }
            }
          ]
        },
        {
          "over": 5,
          "deliveries": [
            {
              "batter": "CAK Walton",
              "bowler": "C Hemraj",
              "non_striker": "SSJ Brooks",
              "runs": {
                "batter": 6,
                "extras": 0,
                "total": 6
              }
            },
            {
              "batter": "CAK Walton",
              "bowler": "C Hemraj",
              "non_striker": "SSJ Brooks",
              "runs": {
                "batter": 4,
                "extras": 0,
                "total": 4
              }
            },
            {
              "batter": "CAK Walton",
              "bowler": "C Hemraj",
              "non_striker": "SSJ Brooks",
              "runs": {
                "batter": 0,
                "extras": 0,
                "total": 0
              }
            },
            {
              "batter": "CAK Walton",
              "bowler": "C Hemraj",
              "extras": {
                "wides": 1
              },
              "non_striker": "SSJ Brooks",
              "runs": {
                "batter": 0,
                "extras": 1,
                "total": 1
              }
            },
            {
              "batter": "CAK Walton",
              "bowler": "C Hemraj",
              "non_striker": "SSJ Brooks",
              "runs": {
                "batter": 0,
                "extras": 0,
                "total": 0
              },
              "wickets": [
                {
                  "player_out": "CAK Walton",
                  "fielders": [
                    {
                      "name": "Naveen-ul-Haq"
                    }
                  ],
                  "kind": "caught"
                }
              ]
            },
            {
              "batter": "SSJ Brooks",
              "bowler": "C Hemraj",
              "non_striker": "Imad Wasim",
              "runs": {
                "batter": 1,
                "extras": 0,
                "total": 1
              }
            },
            {
              "batter": "Imad Wasim",
              "bowler": "C Hemraj",
              "non_striker": "SSJ Brooks",
              "runs": {
                "batter": 0,
                "extras": 0,
                "total": 0
              }
            }
          ]
        },
        {
          "over": 6,
          "deliveries": [
            {
              "batter": "SSJ Brooks",
              "bowler": "OF Smith",
              "extras": {
                "wides": 1
              },
              "non_striker": "Imad Wasim",
              "runs": {
                "batter": 0,
                "extras": 1,
                "total": 1
              }
            },
            {
              "batter": "SSJ Brooks",
              "bowler": "OF Smith",
              "extras": {
                "wides": 1
              },
              "non_striker": "Imad Wasim",
              "runs": {
                "batter": 0,
                "extras": 1,
                "total": 1
              }
            },
            {
              "batter": "SSJ Brooks",
              "bowler": "OF Smith",
              "non_striker": "Imad Wasim",
              "runs": {
                "batter": 0,
                "extras": 0,
                "total": 0
              },
              "wickets": [
                {
                  "player_out": "SSJ Brooks",
                  "kind": "bowled"
                }
              ]
            },
            {
              "batter": "R Powell",
              "bowler": "OF Smith",
              "non_striker": "Imad Wasim",
              "runs": {
                "batter": 1,
                "extras": 0,
                "total": 1
              }
            },
            {
              "batter": "Imad Wasim",
              "bowler": "OF Smith",
              "non_striker": "R Powell",
              "runs": {
                "batter": 1,
                "extras": 0,
                "total": 1
              }
            },
            {
              "batter": "R Powell",
              "bowler": "OF Smith",
              "non_striker": "Imad Wasim",
              "runs": {
                "batter": 2,
                "extras": 0,
                "total": 2
              }
            },
            {
              "batter": "R Powell",
              "bowler": "OF Smith",
              "non_striker": "Imad Wasim",
              "runs": {
                "batter": 0,
                "extras": 0,
                "total": 0
              }
            },
            {
              "batter": "R Powell",
              "bowler": "OF Smith",
              "non_striker": "Imad Wasim",
              "runs": {
                "batter": 0,
                "extras": 0,
                "total": 0
              }
            }
          ]
        },
        {
          "over": 7,
          "deliveries": [
            {
              "batter": "Imad Wasim",
              "bowler": "R Shepherd",
              "non_striker": "R Powell",
              "runs": {
                "batter": 1,
                "extras": 0,
                "total": 1
              }
            },
            {
              "batter": "R Powell",
              "bowler": "R Shepherd",
              "non_striker": "Imad Wasim",
              "runs": {
                "batter": 0,
                "extras": 0,
                "total": 0
              }
            },
            {
              "batter": "R Powell",
              "bowler": "R Shepherd",
              "non_striker": "Imad Wasim",
              "runs": {
                "batter": 0,
                "extras": 0,
                "total": 0
              },
              "wickets": [
                {
                  "player_out": "R Powell",
                  "fielders": [
                    {
                      "name": "G Motie"
                    }
                  ],
                  "kind": "caught"
                }
              ]
            },
            {
              "batter": "Imad Wasim",
              "bowler": "R Shepherd",
              "non_striker": "CR Brathwaite",
              "runs": {
                "batter": 1,
                "extras": 0,
                "total": 1
              }
            },
            {
              "batter": "CR Brathwaite",
              "bowler": "R Shepherd",
              "non_striker": "Imad Wasim",
              "runs": {
                "batter": 1,
                "extras": 0,
                "total": 1
              }
            },
            {
              "batter": "Imad Wasim",
              "bowler": "R Shepherd",
              "non_striker": "CR Brathwaite",
              "runs": {
                "batter": 0,
                "extras": 0,
                "total": 0
              },
              "wickets": [
                {
                  "player_out": "Imad Wasim",
                  "fielders": [
                    {
                      "name": "N Pooran"
                    }
                  ],
                  "kind": "caught"
                }
              ]
            }
          ]
        },
        {
          "over": 8,
          "deliveries": [
            {
              "batter": "CR Brathwaite",
              "bowler": "Imran Tahir",
              "non_striker": "AD Russell",
              "runs": {
                "batter": 0,
                "extras": 0,
                "total": 0
              }
            },
            {
              "batter": "CR Brathwaite",
              "bowler": "Imran Tahir",
              "non_striker": "AD Russell",
              "runs": {
                "batter": 0,
                "extras": 0,
                "total": 0
              }
            },
            {
              "batter": "CR Brathwaite",
              "bowler": "Imran Tahir",
              "non_striker": "AD Russell",
              "runs": {
                "batter": 0,
                "extras": 0,
                "total": 0
              }
            },
            {
              "batter": "CR Brathwaite",
              "bowler": "Imran Tahir",
              "non_striker": "AD Russell",
              "runs": {
                "batter": 0,
                "extras": 0,
                "total": 0
              }
            },
            {
              "batter": "CR Brathwaite",
              "bowler": "Imran Tahir",
              "non_striker": "AD Russell",
              "runs": {
                "batter": 0,
                "extras": 0,
                "total": 0
              }
            },
            {
              "batter": "CR Brathwaite",
              "bowler": "Imran Tahir",
              "non_striker": "AD Russell",
              "runs": {
                "batter": 0,
                "extras": 0,
                "total": 0
              }
            }
          ]
        },
        {
          "over": 9,
          "deliveries": [
            {
              "batter": "AD Russell",
              "bowler": "OF Smith",
              "non_striker": "CR Brathwaite",
              "runs": {
                "batter": 0,
                "extras": 0,
                "total": 0
              }
            },
            {
              "batter": "AD Russell",
              "bowler": "OF Smith",
              "extras": {
                "wides": 1
              },
              "non_striker": "CR Brathwaite",
              "runs": {
                "batter": 0,
                "extras": 1,
                "total": 1
              }
            },
            {
              "batter": "AD Russell",
              "bowler": "OF Smith",
              "non_striker": "CR Brathwaite",
              "runs": {
                "batter": 4,
                "extras": 0,
                "total": 4
              }
            },
            {
              "batter": "AD Russell",
              "bowler": "OF Smith",
              "non_striker": "CR Brathwaite",
              "runs": {
                "batter": 0,
                "extras": 0,
                "total": 0
              }
            },
            {
              "batter": "AD Russell",
              "bowler": "OF Smith",
              "non_striker": "CR Brathwaite",
              "runs": {
                "batter": 1,
                "extras": 0,
                "total": 1
              }
            },
            {
              "batter": "CR Brathwaite",
              "bowler": "OF Smith",
              "non_striker": "AD Russell",
              "runs": {
                "batter": 0,
                "extras": 0,
                "total": 0
              }
            },
            {
              "batter": "CR Brathwaite",
              "bowler": "OF Smith",
              "non_striker": "AD Russell",
              "runs": {
                "batter": 0,
                "extras": 0,
                "total": 0
              }
            }
          ]
        },
        {
          "over": 10,
          "deliveries": [
            {
              "batter": "AD Russell",
              "bowler": "R Shepherd",
              "non_striker": "CR Brathwaite",
              "runs": {
                "batter": 1,
                "extras": 0,
                "total": 1
              }
            },
            {
              "batter": "CR Brathwaite",
              "bowler": "R Shepherd",
              "non_striker": "AD Russell",
              "runs": {
                "batter": 6,
                "extras": 0,
                "total": 6
              }
            },
            {
              "batter": "CR Brathwaite",
              "bowler": "R Shepherd",
              "non_striker": "AD Russell",
              "runs": {
                "batter": 1,
                "extras": 0,
                "total": 1
              }
            },
            {
              "batter": "AD Russell",
              "bowler": "R Shepherd",
              "non_striker": "CR Brathwaite",
              "runs": {
                "batter": 0,
                "extras": 0,
                "total": 0
              }
            },
            {
              "batter": "AD Russell",
              "bowler": "R Shepherd",
              "non_striker": "CR Brathwaite",
              "runs": {
                "batter": 4,
                "extras": 0,
                "total": 4
              }
            },
            {
              "batter": "AD Russell",
              "bowler": "R Shepherd",
              "non_striker": "CR Brathwaite",
              "runs": {
                "batter": 0,
                "extras": 0,
                "total": 0
              }
            }
          ]
        },
        {
          "over": 11,
          "deliveries": [
            {
              "batter": "CR Brathwaite",
              "bowler": "OF Smith",
              "non_striker": "AD Russell",
              "runs": {
                "batter": 1,
                "extras": 0,
                "total": 1
              }
            },
            {
              "batter": "AD Russell",
              "bowler": "OF Smith",
              "non_striker": "CR Brathwaite",
              "runs": {
                "batter": 1,
                "extras": 0,
                "total": 1
              }
            },
            {
              "batter": "CR Brathwaite",
              "bowler": "OF Smith",
              "non_striker": "AD Russell",
              "runs": {
                "batter": 0,
                "extras": 0,
                "total": 0
              }
            },
            {
              "batter": "CR Brathwaite",
              "bowler": "OF Smith",
              "non_striker": "AD Russell",
              "runs": {
                "batter": 6,
                "extras": 0,
                "total": 6
              }
            },
            {
              "batter": "CR Brathwaite",
              "bowler": "OF Smith",
              "non_striker": "AD Russell",
              "runs": {
                "batter": 0,
                "extras": 0,
                "total": 0
              },
              "wickets": [
                {
                  "player_out": "CR Brathwaite",
                  "fielders": [
                    {
                      "name": "A Bramble"
                    }
                  ],
                  "kind": "caught"
                }
              ]
            },
            {
              "batter": "CJ Green",
              "bowler": "OF Smith",
              "non_striker": "AD Russell",
              "runs": {
                "batter": 0,
                "extras": 0,
                "total": 0
              }
            }
          ]
        },
        {
          "over": 12,
          "deliveries": [
            {
              "batter": "AD Russell",
              "bowler": "R Shepherd",
              "extras": {
                "wides": 1
              },
              "non_striker": "CJ Green",
              "runs": {
                "batter": 0,
                "extras": 1,
                "total": 1
              }
            },
            {
              "batter": "AD Russell",
              "bowler": "R Shepherd",
              "non_striker": "CJ Green",
              "runs": {
                "batter": 4,
                "extras": 0,
                "total": 4
              }
            },
            {
              "batter": "AD Russell",
              "bowler": "R Shepherd",
              "non_striker": "CJ Green",
              "runs": {
                "batter": 0,
                "extras": 0,
                "total": 0
              }
            },
            {
              "batter": "AD Russell",
              "bowler": "R Shepherd",
              "extras": {
                "wides": 1
              },
              "non_striker": "CJ Green",
              "runs": {
                "batter": 0,
                "extras": 1,
                "total": 1
              }
            },
            {
              "batter": "AD Russell",
              "bowler": "R Shepherd",
              "non_striker": "CJ Green",
              "runs": {
                "batter": 4,
                "extras": 0,
                "total": 4
              }
            },
            {
              "batter": "AD Russell",
              "bowler": "R Shepherd",
              "non_striker": "CJ Green",
              "runs": {
                "batter": 0,
                "extras": 0,
                "total": 0
              },
              "wickets": [
                {
                  "player_out": "AD Russell",
                  "fielders": [
                    {
                      "name": "N Pooran"
                    }
                  ],
                  "kind": "caught"
                }
              ]
            },
            {
              "batter": "M Pretorius",
              "bowler": "R Shepherd",
              "extras": {
                "wides": 1
              },
              "non_striker": "CJ Green",
              "runs": {
                "batter": 0,
                "extras": 1,
                "total": 1
              }
            },
            {
              "batter": "M Pretorius",
              "bowler": "R Shepherd",
              "non_striker": "CJ Green",
              "runs": {
                "batter": 0,
                "extras": 0,
                "total": 0
              }
            },
            {
              "batter": "M Pretorius",
              "bowler": "R Shepherd",
              "non_striker": "CJ Green",
              "runs": {
                "batter": 0,
                "extras": 0,
                "total": 0
              }
            }
          ]
        },
        {
          "over": 13,
          "deliveries": [
            {
              "batter": "CJ Green",
              "bowler": "G Motie",
              "non_striker": "M Pretorius",
              "runs": {
                "batter": 0,
                "extras": 0,
                "total": 0
              }
            },
            {
              "batter": "CJ Green",
              "bowler": "G Motie",
              "non_striker": "M Pretorius",
              "runs": {
                "batter": 2,
                "extras": 0,
                "total": 2
              }
            },
            {
              "batter": "CJ Green",
              "bowler": "G Motie",
              "non_striker": "M Pretorius",
              "runs": {
                "batter": 1,
                "extras": 0,
                "total": 1
              }
            },
            {
              "batter": "M Pretorius",
              "bowler": "G Motie",
              "non_striker": "CJ Green",
              "runs": {
                "batter": 1,
                "extras": 0,
                "total": 1
              }
            },
            {
              "batter": "CJ Green",
              "bowler": "G Motie",
              "non_striker": "M Pretorius",
              "runs": {
                "batter": 0,
                "extras": 0,
                "total": 0
              }
            },
            {
              "batter": "CJ Green",
              "bowler": "G Motie",
              "non_striker": "M Pretorius",
              "runs": {
                "batter": 0,
                "extras": 0,
                "total": 0
              }
            }
          ]
        },
        {
          "over": 14,
          "deliveries": [
            {
              "batter": "M Pretorius",
              "bowler": "Naveen-ul-Haq",
              "non_striker": "CJ Green",
              "runs": {
                "batter": 6,
                "extras": 0,
                "total": 6
              }
            },
            {
              "batter": "M Pretorius",
              "bowler": "Naveen-ul-Haq",
              "non_striker": "CJ Green",
              "runs": {
                "batter": 0,
                "extras": 0,
                "total": 0
              },
              "wickets": [
                {
                  "player_out": "M Pretorius",
                  "kind": "caught and bowled"
                }
              ]
            },
            {
              "batter": "CJ Green",
              "bowler": "Naveen-ul-Haq",
              "non_striker": "FH Edwards",
              "runs": {
                "batter": 2,
                "extras": 0,
                "total": 2
              }
            },
            {
              "batter": "CJ Green",
              "bowler": "Naveen-ul-Haq",
              "non_striker": "FH Edwards",
              "runs": {
                "batter": 0,
                "extras": 0,
                "total": 0
              }
            },
            {
              "batter": "CJ Green",
              "bowler": "Naveen-ul-Haq",
              "non_striker": "FH Edwards",
              "runs": {
                "batter": 1,
                "extras": 0,
                "total": 1
              }
            },
            {
              "batter": "FH Edwards",
              "bowler": "Naveen-ul-Haq",
              "non_striker": "CJ Green",
              "runs": {
                "batter": 4,
                "extras": 0,
                "total": 4
              }
            }
          ]
        },
        {
          "over": 15,
          "deliveries": [
            {
              "batter": "CJ Green",
              "bowler": "G Motie",
              "non_striker": "FH Edwards",
              "runs": {
                "batter": 0,
                "extras": 0,
                "total": 0
              }
            },
            {
              "batter": "CJ Green",
              "bowler": "G Motie",
              "non_striker": "FH Edwards",
              "runs": {
                "batter": 1,
                "extras": 0,
                "total": 1
              }
            },
            {
              "batter": "FH Edwards",
              "bowler": "G Motie",
              "non_striker": "CJ Green",
              "runs": {
                "batter": 1,
                "extras": 0,
                "total": 1
              }
            },
            {
              "batter": "CJ Green",
              "bowler": "G Motie",
              "non_striker": "FH Edwards",
              "runs": {
                "batter": 6,
                "extras": 0,
                "total": 6
              }
            },
            {
              "batter": "CJ Green",
              "bowler": "G Motie",
              "non_striker": "FH Edwards",
              "runs": {
                "batter": 1,
                "extras": 0,
                "total": 1
              }
            },
            {
              "batter": "FH Edwards",
              "bowler": "G Motie",
              "non_striker": "CJ Green",
              "runs": {
                "batter": 6,
                "extras": 0,
                "total": 6
              }
            }
          ]
        },
        {
          "over": 16,
          "deliveries": [
            {
              "batter": "CJ Green",
              "bowler": "Naveen-ul-Haq",
              "non_striker": "FH Edwards",
              "runs": {
                "batter": 0,
                "extras": 0,
                "total": 0
              }
            },
            {
              "batter": "CJ Green",
              "bowler": "Naveen-ul-Haq",
              "non_striker": "FH Edwards",
              "runs": {
                "batter": 6,
                "extras": 0,
                "total": 6
              }
            },
            {
              "batter": "CJ Green",
              "bowler": "Naveen-ul-Haq",
              "non_striker": "FH Edwards",
              "runs": {
                "batter": 4,
                "extras": 0,
                "total": 4
              }
            },
            {
              "batter": "CJ Green",
              "bowler": "Naveen-ul-Haq",
              "non_striker": "FH Edwards",
              "runs": {
                "batter": 0,
                "extras": 0,
                "total": 0
              }
            },
            {
              "batter": "CJ Green",
              "bowler": "Naveen-ul-Haq",
              "non_striker": "FH Edwards",
              "runs": {
                "batter": 6,
                "extras": 0,
                "total": 6
              }
            },
            {
              "batter": "CJ Green",
              "bowler": "Naveen-ul-Haq",
              "non_striker": "FH Edwards",
              "runs": {
                "batter": 1,
                "extras": 0,
                "total": 1
              }
            }
          ]
        },
        {
          "over": 17,
          "deliveries": [
            {
              "batter": "CJ Green",
              "bowler": "OF Smith",
              "non_striker": "FH Edwards",
              "runs": {
                "batter": 0,
                "extras": 0,
                "total": 0
              },
              "wickets": [
                {
                  "player_out": "CJ Green",
                  "fielders": [
                    {
                      "name": "A Bramble"
                    }
                  ],
                  "kind": "caught"
                }
              ]
            }
          ]
        }
      ],
      "powerplays": [
        {
          "from": 0.1,
          "to": 4.6,
          "type": "mandatory"
        }
      ],
      "target": {
        "overs": 18,
        "runs": 143
      }
    }
  ]
}