{
  "meta": {
    "data_version": "1.1.0",
    "created": "2021-09-10",
    "revision": 1
  },
  "info": {
    "balls_per_over": 6,
    "city": "Colombo",
    "dates": [
      "2021-09-10"
    ],
    "event": {
      "name": "South Africa tour of Sri Lanka",
      "match_number": 1
    },
    "gender": "male",
    "match_type": "T20",
    "match_type_number": 1265,
    "officials": {
      "match_referees": [
        "RS Madugalle"
      ],
      "reserve_umpires": [
        "RR Wimalasiri"
      ],
      "tv_umpires": [
        "RSA Palliyaguruge"
      ],
      "umpires": [
        "HDPK Dharmasena",
        "RMPJ Rambukwella"
      ]
    },
    "outcome": {
      "winner": "South Africa",
      "by": {
        "runs": 28
      }
    },
    "overs": 20,
    "player_of_match": [
      "AK Markram"
    ],
    "players": {
      "South Africa": [
        "Q de Kock",
        "RR Hendricks",
        "AK Markram",
        "H Klaasen",
        "DA Miller",
        "D Pretorius",
        "K Rabada",
        "KA Maharaj",
        "BC Fortuin",
        "A Nortje",
        "T Shamsi"
      ],
      "Sri Lanka": [
        "WIA Fernando",
        "LD Chandimal",
        "PBB Rajapaksa",
        "KIC Asalanka",
        "MD Shanaka",
        "PWH de Silva",
        "DM de Silva",
        "C Karunaratne",
        "PVD Chameera",
        "M Theekshana",
        "A Dananjaya"
      ]
    },
    "registry": {
      "people": {
        "A Dananjaya": "5b16a806",
        "A Nortje": "acdc62f5",
        "AK Markram": "6a26221c",
        "BC Fortuin": "9a2fc964",
        "C Karunaratne": "fb3e0d39",
        "D Pretorius": "11614d87",
        "DA Miller": "d67d5f00",
        "DM de Silva": "7d608e12",
        "H Klaasen": "235c2bb6",
        "HDPK Dharmasena": "323e4c16",
        "K Rabada": "e62dd25d",
        "KA Maharaj": "0b60eb09",
        "KIC Asalanka": "732c038e",
        "LD Chandimal": "8dd02a98",
        "M Theekshana": "f24c6701",
        "MD Shanaka": "3ff033bb",
        "PBB Rajapaksa": "6c882e9a",
        "PVD Chameera": "327b58d3",
        "PWH de Silva": "a97c8ec2",
        "Q de Kock": "372455c4",
        "RMPJ Rambukwella": "13fa6ffc",
        "RR Hendricks": "b8cc58c9",
        "RR Wimalasiri": "4950c8db",
        "RS Madugalle": "766b5798",
        "RSA Palliyaguruge": "4339c19d",
        "T Shamsi": "a03bba42",
        "WIA Fernando": "9550470d"
      }
    },
    "season": "2021",
    "team_type": "international",
    "teams": [
      "South Africa",
      "Sri Lanka"
    ],
    "toss": {
      "decision": "bat",
      "winner": "South Africa"
    },
    "venue": "R Premadasa Stadium, Colombo"
  },
  "innings": [
    {
      "team": "South Africa",
      "overs": [
        {
          "over": 0,
          "deliveries": [
            {
              "batter": "Q de Kock",
              "bowler": "PVD Chameera",
              "non_striker": "RR Hendricks",
              "runs": {
                "batter": 0,
                "extras": 0,
                "total": 0
              }
            },
            {
              "batter": "Q de Kock",
              "bowler": "PVD Chameera",
              "non_striker": "RR Hendricks",
              "runs": {
                "batter": 4,
                "extras": 0,
                "total": 4
              }
            },
            {
              "batter": "Q de Kock",
              "bowler": "PVD Chameera",
              "non_striker": "RR Hendricks",
              "runs": {
                "batter": 0,
                "extras": 0,
                "total": 0
              }
            },
            {
              "batter": "Q de Kock",
              "bowler": "PVD Chameera",
              "non_striker": "RR Hendricks",
              "review": {
                "by": "Sri Lanka",
                "umpire": "HDPK Dharmasena",
                "batter": "Q de Kock",
                "decision": "struck down"
              },
              "runs": {
                "batter": 0,
                "extras": 0,
                "total": 0
              }
            },
            {
              "batter": "Q de Kock",
              "bowler": "PVD Chameera",
              "non_striker": "RR Hendricks",
              "runs": {
                "batter": 0,
                "extras": 0,
                "total": 0
              }
            },
            {
              "batter": "Q de Kock",
              "bowler": "PVD Chameera",
              "non_striker": "RR Hendricks",
              "runs": {
                "batter": 1,
                "extras": 0,
                "total": 1
              }
            }
          ]
        },
        {
          "over": 1,
          "deliveries": [
            {
              "batter": "Q de Kock",
              "bowler": "DM de Silva",
              "non_striker": "RR Hendricks",
              "runs": {
                "batter": 1,
                "extras": 0,
                "total": 1
              }
            },
            {
              "batter": "RR Hendricks",
              "bowler": "DM de Silva",
              "non_striker": "Q de Kock",
              "runs": {
                "batter": 0,
                "extras": 0,
                "total": 0
              }
            },
            {
              "batter": "RR Hendricks",
              "bowler": "DM de Silva",
              "non_striker": "Q de Kock",
              "runs": {
                "batter": 1,
                "extras": 0,
                "total": 1
              }
            },
            {
              "batter": "Q de Kock",
              "bowler": "DM de Silva",
              "non_striker": "RR Hendricks",
              "runs": {
                "batter": 1,
                "extras": 0,
                "total": 1
              }
            },
            {
              "batter": "RR Hendricks",
              "bowler": "DM de Silva",
              "non_striker": "Q de Kock",
              "runs": {
                "batter": 0,
                "extras": 0,
                "total": 0
              }
            },
            {
              "batter": "RR Hendricks",
              "bowler": "DM de Silva",
              "non_striker": "Q de Kock",
              "runs": {
                "batter": 1,
                "extras": 0,
                "total": 1
              }
            }
          ]
        },
        {
          "over": 2,
          "deliveries": [
            {
              "batter": "RR Hendricks",
              "bowler": "M Theekshana",
              "non_striker": "Q de Kock",
              "runs": {
                "batter": 1,
                "extras": 0,
                "total": 1
              }
            },
            {
              "batter": "Q de Kock",
              "bowler": "M Theekshana",
              "non_striker": "RR Hendricks",
              "runs": {
                "batter": 0,
                "extras": 0,
                "total": 0
              }
            },
            {
              "batter": "Q de Kock",
              "bowler": "M Theekshana",
              "non_striker": "RR Hendricks",
              "runs": {
                "batter": 1,
                "extras": 0,
                "total": 1
              }
            },
            {
              "batter": "RR Hendricks",
              "bowler": "M Theekshana",
              "non_striker": "Q de Kock",
              "runs": {
                "batter": 4,
                "extras": 0,
                "total": 4
              }
            },
            {
              "batter": "RR Hendricks",
              "bowler": "M Theekshana",
              "non_striker": "Q de Kock",
              "runs": {
                "batter": 4,
                "extras": 0,
                "total": 4
              }
            },
            {
              "batter": "RR Hendricks",
              "bowler": "M Theekshana",
              "non_striker": "Q de Kock",
              "runs": {
                "batter": 4,
                "extras": 0,
                "total": 4
              }
            }
          ]
        },
        {
          "over": 3,
          "deliveries": [
            {
              "batter": "Q de Kock",
              "bowler": "DM de Silva",
              "non_striker": "RR Hendricks",
              "runs": {
                "batter": 0,
                "extras": 0,
                "total": 0
              }
            },
            {
              "batter": "Q de Kock",
              "bowler": "DM de Silva",
              "non_striker": "RR Hendricks",
              "runs": {
                "batter": 0,
                "extras": 0,
                "total": 0
              }
            },
            {
              "batter": "Q de Kock",
              "bowler": "DM de Silva",
              "non_striker": "RR Hendricks",
              "runs": {
                "batter": 1,
                "extras": 0,
                "total": 1
              }
            },
            {
              "batter": "RR Hendricks",
              "bowler": "DM de Silva",
              "non_striker": "Q de Kock",
              "runs": {
                "batter": 1,
                "extras": 0,
                "total": 1
              }
            },
            {
              "batter": "Q de Kock",
              "bowler": "DM de Silva",
              "non_striker": "RR Hendricks",
              "runs": {
                "batter": 6,
                "extras": 0,
                "total": 6
              }
            },
            {
              "batter": "Q de Kock",
              "bowler": "DM de Silva",
              "non_striker": "RR Hendricks",
              "runs": {
                "batter": 0,
                "extras": 0,
                "total": 0
              }
            }
          ]
        },
        {
          "over": 4,
          "deliveries": [
            {
              "batter": "RR Hendricks",
              "bowler": "A Dananjaya",
              "non_striker": "Q de Kock",
              "runs": {
                "batter": 0,
                "extras": 0,
                "total": 0
              }
            },
            {
              "batter": "RR Hendricks",
              "bowler": "A Dananjaya",
              "non_striker": "Q de Kock",
              "runs": {
                "batter": 6,
                "extras": 0,
                "total": 6
              }
            },
            {
              "batter": "RR Hendricks",
              "bowler": "A Dananjaya",
              "non_striker": "Q de Kock",
              "runs": {
                "batter": 1,
                "extras": 0,
                "total": 1
              }
            },
            {
              "batter": "Q de Kock",
              "bowler": "A Dananjaya",
              "non_striker": "RR Hendricks",
              "runs": {
                "batter": 1,
                "extras": 0,
                "total": 1
              }
            },
            {
              "batter": "RR Hendricks",
              "bowler": "A Dananjaya",
              "non_striker": "Q de Kock",
              "runs": {
                "batter": 0,
                "extras": 0,
                "total": 0
              }
            },
            {
              "batter": "RR Hendricks",
              "bowler": "A Dananjaya",
              "non_striker": "Q de Kock",
              "runs": {
                "batter": 1,
                "extras": 0,
                "total": 1
              }
            }
          ]
        },
        {
          "over": 5,
          "deliveries": [
            {
              "batter": "RR Hendricks",
              "bowler": "PVD Chameera",
              "non_striker": "Q de Kock",
              "runs": {
                "batter": 0,
                "extras": 0,
                "total": 0
              }
            },
            {
              "batter": "RR Hendricks",
              "bowler": "PVD Chameera",
              "non_striker": "Q de Kock",
              "runs": {
                "batter": 1,
                "extras": 0,
                "total": 1
              }
            },
            {
              "batter": "Q de Kock",
              "bowler": "PVD Chameera",
              "non_striker": "RR Hendricks",
              "runs": {
                "batter": 4,
                "extras": 0,
                "total": 4
              }
            },
            {
              "batter": "Q de Kock",
              "bowler": "PVD Chameera",
              "non_striker": "RR Hendricks",
              "runs": {
                "batter": 0,
                "extras": 0,
                "total": 0
              }
            },
            {
              "batter": "Q de Kock",
              "bowler": "PVD Chameera",
              "non_striker": "RR Hendricks",
              "runs": {
                "batter": 1,
                "extras": 0,
                "total": 1
              }
            },
            {
              "batter": "RR Hendricks",
              "bowler": "PVD Chameera",
              "non_striker": "Q de Kock",
              "runs": {
                "batter": 1,
                "extras": 0,
                "total": 1
              }
            }
          ]
        },
        {
          "over": 6,
          "deliveries": [
            {
              "batter": "RR Hendricks",
              "bowler": "M Theekshana",
              "non_striker": "Q de Kock",
              "runs": {
                "batter": 2,
                "extras": 0,
                "total": 2
              }
            },
            {
              "batter": "RR Hendricks",
              "bowler": "M Theekshana",
              "non_striker": "Q de Kock",
              "runs": {
                "batter": 1,
                "extras": 0,
                "total": 1
              }
            },
            {
              "batter": "Q de Kock",
              "bowler": "M Theekshana",
              "non_striker": "RR Hendricks",
              "runs": {
                "batter": 1,
                "extras": 0,
                "total": 1
              }
            },
            {
              "batter": "RR Hendricks",
              "bowler": "M Theekshana",
              "non_striker": "Q de Kock",
              "runs": {
                "batter": 1,
                "extras": 0,
                "total": 1
              }
            },
            {
              "batter": "Q de Kock",
              "bowler": "M Theekshana",
              "non_striker": "RR Hendricks",
              "runs": {
                "batter": 2,
                "extras": 0,
                "total": 2
              }
            },
            {
              "batter": "Q de Kock",
              "bowler": "M Theekshana",
              "non_striker": "RR Hendricks",
              "runs": {
                "batter": 0,
                "extras": 0,
                "total": 0
              }
            }
          ]
        },
        {
          "over": 7,
          "deliveries": [
            {
              "batter": "RR Hendricks",
              "bowler": "PWH de Silva",
              "non_striker": "Q de Kock",
              "runs": {
                "batter": 0,
                "extras": 0,
                "total": 0
              }
            },
            {
              "batter": "RR Hendricks",
              "bowler": "PWH de Silva",
              "non_striker": "Q de Kock",
              "runs": {
                "batter": 1,
                "extras": 0,
                "total": 1
              }
            },
            {
              "batter": "Q de Kock",
              "bowler": "PWH de Silva",
              "non_striker": "RR Hendricks",
              "runs": {
                "batter": 0,
                "extras": 0,
                "total": 0
              }
            },
            {
              "batter": "Q de Kock",
              "bowler": "PWH de Silva",
              "non_striker": "RR Hendricks",
              "runs": {
                "batter": 1,
                "extras": 0,
                "total": 1
              }
            },
            {
              "batter": "RR Hendricks",
              "bowler": "PWH de Silva",
              "non_striker": "Q de Kock",
              "runs": {
                "batter": 1,
                "extras": 0,
                "total": 1
              }
            },
            {
              "batter": "Q de Kock",
              "bowler": "PWH de Silva",
              "non_striker": "RR Hendricks",
              "runs": {
                "batter": 1,
                "extras": 0,
                "total": 1
              }
            }
          ]
        },
        {
          "over": 8,
          "deliveries": [
            {
              "batter": "Q de Kock",
              "bowler": "M Theekshana",
              "non_striker": "RR Hendricks",
              "runs": {
                "batter": 4,
                "extras": 0,
                "total": 4
              }
            },
            {
              "batter": "Q de Kock",
              "bowler": "M Theekshana",
              "non_striker": "RR Hendricks",
              "runs": {
                "batter": 1,
                "extras": 0,
                "total": 1
              }
            },
            {
              "batter": "RR Hendricks",
              "bowler": "M Theekshana",
              "non_striker": "Q de Kock",
              "runs": {
                "batter": 1,
                "extras": 0,
                "total": 1
              }
            },
            {
              "batter": "Q de Kock",
              "bowler": "M Theekshana",
              "non_striker": "RR Hendricks",
              "runs": {
                "batter": 2,
                "extras": 0,
                "total": 2
              }
            },
            {
              "batter": "Q de Kock",
              "bowler": "M Theekshana",
              "non_striker": "RR Hendricks",
              "runs": {
                "batter": 1,
                "extras": 0,
                "total": 1
              }
            },
            {
              "batter": "RR Hendricks",
              "bowler": "M Theekshana",
              "non_striker": "Q de Kock",
              "runs": {
                "batter": 2,
                "extras": 0,
                "total": 2
              }
            }
          ]
        },
        {
          "over": 9,
          "deliveries": [
            {
              "batter": "Q de Kock",
              "bowler": "PWH de Silva",
              "non_striker": "RR Hendricks",
              "runs": {
                "batter": 1,
                "extras": 0,
                "total": 1
              }
            },
            {
              "batter": "RR Hendricks",
              "bowler": "PWH de Silva",
              "non_striker": "Q de Kock",
              "runs": {
                "batter": 1,
                "extras": 0,
                "total": 1
              }
            },
            {
              "batter": "Q de Kock",
              "bowler": "PWH de Silva",
              "non_striker": "RR Hendricks",
              "runs": {
                "batter": 1,
                "extras": 0,
                "total": 1
              }
            },
            {
              "batter": "RR Hendricks",
              "bowler": "PWH de Silva",
              "non_striker": "Q de Kock",
              "runs": {
                "batter": 1,
                "extras": 0,
                "total": 1
              }
            },
            {
              "batter": "Q de Kock",
              "bowler": "PWH de Silva",
              "non_striker": "RR Hendricks",
              "runs": {
                "batter": 0,
                "extras": 0,
                "total": 0
              },
              "wickets": [
                {
                  "player_out": "Q de Kock",
                  "fielders": [
                    {
                      "name": "KIC Asalanka"
                    }
                  ],
                  "kind": "caught"
                }
              ]
            },
            {
              "batter": "RR Hendricks",
              "bowler": "PWH de Silva",
              "non_striker": "AK Markram",
              "runs": {
                "batter": 0,
                "extras": 0,
                "total": 0
              }
            }
          ]
        },
        {
          "over": 10,
          "deliveries": [
            {
              "batter": "AK Markram",
              "bowler": "A Dananjaya",
              "non_striker": "RR Hendricks",
              "runs": {
                "batter": 0,
                "extras": 0,
                "total": 0
              }
            },
            {
              "batter": "AK Markram",
              "bowler": "A Dananjaya",
              "non_striker": "RR Hendricks",
              "runs": {
                "batter": 2,
                "extras": 0,
                "total": 2
              }
            },
            {
              "batter": "AK Markram",
              "bowler": "A Dananjaya",
              "non_striker": "RR Hendricks",
              "runs": {
                "batter": 0,
                "extras": 0,
                "total": 0
              }
            },
            {
              "batter": "AK Markram",
              "bowler": "A Dananjaya",
              "non_striker": "RR Hendricks",
              "runs": {
                "batter": 2,
                "extras": 0,
                "total": 2
              }
            },
            {
              "batter": "AK Markram",
              "bowler": "A Dananjaya",
              "non_striker": "RR Hendricks",
              "runs": {
                "batter": 1,
                "extras": 0,
                "total": 1
              }
            },
            {
              "batter": "RR Hendricks",
              "bowler": "A Dananjaya",
              "non_striker": "AK Markram",
              "runs": {
                "batter": 1,
                "extras": 0,
                "total": 1
              }
            }
          ]
        },
        {
          "over": 11,
          "deliveries": [
            {
              "batter": "RR Hendricks",
              "bowler": "PWH de Silva",
              "non_striker": "AK Markram",
              "runs": {
                "batter": 0,
                "extras": 0,
                "total": 0
              },
              "wickets": [
                {
                  "player_out": "RR Hendricks",
                  "fielders": [
                    {
                      "name": "M Theekshana"
                    }
                  ],
                  "kind": "caught"
                }
              ]
            },
            {
              "batter": "AK Markram",
              "bowler": "PWH de Silva",
              "non_striker": "H Klaasen",
              "runs": {
                "batter": 2,
                "extras": 0,
                "total": 2
              }
            },
            {
              "batter": "AK Markram",
              "bowler": "PWH de Silva",
              "non_striker": "H Klaasen",
              "runs": {
                "batter": 0,
                "extras": 0,
                "total": 0
              }
            },
            {
              "batter": "AK Markram",
              "bowler": "PWH de Silva",
              "non_striker": "H Klaasen",
              "runs": {
                "batter": 1,
                "extras": 0,
                "total": 1
              }
            },
            {
              "batter": "AK Markram",
              "bowler": "PWH de Silva",
              "non_striker": "H Klaasen",
              "runs": {
                "batter": 1,
                "extras": 0,
                "total": 1
              }
            },
            {
              "batter": "H Klaasen",
              "bowler": "PWH de Silva",
              "non_striker": "AK Markram",
              "runs": {
                "batter": 1,
                "extras": 0,
                "total": 1
              }
            }
          ]
        },
        {
          "over": 12,
          "deliveries": [
            {
              "batter": "AK Markram",
              "bowler": "M Theekshana",
              "non_striker": "H Klaasen",
              "runs": {
                "batter": 0,
                "extras": 0,
                "total": 0
              }
            },
            {
              "batter": "AK Markram",
              "bowler": "M Theekshana",
              "non_striker": "H Klaasen",
              "runs": {
                "batter": 1,
                "extras": 0,
                "total": 1
              }
            },
            {
              "batter": "H Klaasen",
              "bowler": "M Theekshana",
              "non_striker": "AK Markram",
              "runs": {
                "batter": 0,
                "extras": 0,
                "total": 0
              }
            },
            {
              "batter": "H Klaasen",
              "bowler": "M Theekshana",
              "non_striker": "AK Markram",
              "runs": {
                "batter": 1,
                "extras": 0,
                "total": 1
              }
            },
            {
              "batter": "AK Markram",
              "bowler": "M Theekshana",
              "non_striker": "H Klaasen",
              "runs": {
                "batter": 1,
                "extras": 0,
                "total": 1
              }
            },
            {
              "batter": "H Klaasen",
              "bowler": "M Theekshana",
              "non_striker": "AK Markram",
              "review": {
                "by": "South Africa",
                "umpire": "HDPK Dharmasena",
                "batter": "H Klaasen",
                "decision": "struck down",
                "umpires_call": true
              },
              "runs": {
                "batter": 0,
                "extras": 0,
                "total": 0
              },
              "wickets": [
                {
                  "player_out": "H Klaasen",
                  "kind": "lbw"
                }
              ]
            }
          ]
        },
        {
          "over": 13,
          "deliveries": [
            {
              "batter": "AK Markram",
              "bowler": "C Karunaratne",
              "non_striker": "DA Miller",
              "runs": {
                "batter": 1,
                "extras": 0,
                "total": 1
              }
            },
            {
              "batter": "DA Miller",
              "bowler": "C Karunaratne",
              "non_striker": "AK Markram",
              "runs": {
                "batter": 1,
                "extras": 0,
                "total": 1
              }
            },
            {
              "batter": "AK Markram",
              "bowler": "C Karunaratne",
              "non_striker": "DA Miller",
              "runs": {
                "batter": 1,
                "extras": 0,
                "total": 1
              }
            },
            {
              "batter": "DA Miller",
              "bowler": "C Karunaratne",
              "non_striker": "AK Markram",
              "runs": {
                "batter": 1,
                "extras": 0,
                "total": 1
              }
            },
            {
              "batter": "AK Markram",
              "bowler": "C Karunaratne",
              "non_striker": "DA Miller",
              "runs": {
                "batter": 2,
                "extras": 0,
                "total": 2
              }
            },
            {
              "batter": "AK Markram",
              "bowler": "C Karunaratne",
              "non_striker": "DA Miller",
              "runs": {
                "batter": 1,
                "extras": 0,
                "total": 1
              }
            }
          ]
        },
        {
          "over": 14,
          "deliveries": [
            {
              "batter": "AK Markram",
              "bowler": "A Dananjaya",
              "non_striker": "DA Miller",
              "runs": {
                "batter": 2,
                "extras": 0,
                "total": 2
              }
            },
            {
              "batter": "AK Markram",
              "bowler": "A Dananjaya",
              "non_striker": "DA Miller",
              "runs": {
                "batter": 1,
                "extras": 0,
                "total": 1
              }
            },
            {
              "batter": "DA Miller",
              "bowler": "A Dananjaya",
              "non_striker": "AK Markram",
              "runs": {
                "batter": 1,
                "extras": 0,
                "total": 1
              }
            },
            {
              "batter": "AK Markram",
              "bowler": "A Dananjaya",
              "non_striker": "DA Miller",
              "runs": {
                "batter": 1,
                "extras": 0,
                "total": 1
              }
            },
            {
              "batter": "DA Miller",
              "bowler": "A Dananjaya",
              "non_striker": "AK Markram",
              "runs": {
                "batter": 1,
                "extras": 0,
                "total": 1
              }
            },
            {
              "batter": "AK Markram",
              "bowler": "A Dananjaya",
              "extras": {
                "wides": 1
              },
              "non_striker": "DA Miller",
              "runs": {
                "batter": 0,
                "extras": 1,
                "total": 1
              }
            },
            {
              "batter": "AK Markram",
              "bowler": "A Dananjaya",
              "non_striker": "DA Miller",
              "runs": {
                "batter": 6,
                "extras": 0,
                "total": 6
              }
            }
          ]
        },
        {
          "over": 15,
          "deliveries": [
            {
              "batter": "DA Miller",
              "bowler": "PWH de Silva",
              "non_striker": "AK Markram",
              "runs": {
                "batter": 1,
                "extras": 0,
                "total": 1
              }
            },
            {
              "batter": "AK Markram",
              "bowler": "PWH de Silva",
              "non_striker": "DA Miller",
              "runs": {
                "batter": 0,
                "extras": 0,
                "total": 0
              }
            },
            {
              "batter": "AK Markram",
              "bowler": "PWH de Silva",
              "non_striker": "DA Miller",
              "runs": {
                "batter": 1,
                "extras": 0,
                "total": 1
              }
            },
            {
              "batter": "DA Miller",
              "bowler": "PWH de Silva",
              "non_striker": "AK Markram",
              "runs": {
                "batter": 6,
                "extras": 0,
                "total": 6
              }
            },
            {
              "batter": "DA Miller",
              "bowler": "PWH de Silva",
              "non_striker": "AK Markram",
              "runs": {
                "batter": 1,
                "extras": 0,
                "total": 1
              }
            },
            {
              "batter": "AK Markram",
              "bowler": "PWH de Silva",
              "non_striker": "DA Miller",
              "runs": {
                "batter": 1,
                "extras": 0,
                "total": 1
              }
            }
          ]
        },
        {
          "over": 16,
          "deliveries": [
            {
              "batter": "AK Markram",
              "bowler": "PVD Chameera",
              "non_striker": "DA Miller",
              "runs": {
                "batter": 1,
                "extras": 0,
                "total": 1
              }
            },
            {
              "batter": "DA Miller",
              "bowler": "PVD Chameera",
              "non_striker": "AK Markram",
              "runs": {
                "batter": 1,
                "extras": 0,
                "total": 1
              }
            },
            {
              "batter": "AK Markram",
              "bowler": "PVD Chameera",
              "non_striker": "DA Miller",
              "runs": {
                "batter": 1,
                "extras": 0,
                "total": 1
              }
            },
            {
              "batter": "DA Miller",
              "bowler": "PVD Chameera",
              "non_striker": "AK Markram",
              "runs": {
                "batter": 4,
                "extras": 0,
                "total": 4
              }
            },
            {
              "batter": "DA Miller",
              "bowler": "PVD Chameera",
              "non_striker": "AK Markram",
              "runs": {
                "batter": 4,
                "extras": 0,
                "total": 4
              }
            },
            {
              "batter": "DA Miller",
              "bowler": "PVD Chameera",
              "non_striker": "AK Markram",
              "runs": {
                "batter": 2,
                "extras": 0,
                "total": 2
              }
            }
          ]
        },
        {
          "over": 17,
          "deliveries": [
            {
              "batter": "AK Markram",
              "bowler": "C Karunaratne",
              "extras": {
                "wides": 1
              },
              "non_striker": "DA Miller",
              "runs": {
                "batter": 0,
                "extras": 1,
                "total": 1
              }
            },
            {
              "batter": "AK Markram",
              "bowler": "C Karunaratne",
              "non_striker": "DA Miller",
              "runs": {
                "batter": 3,
                "extras": 0,
                "total": 3
              }
            },
            {
              "batter": "DA Miller",
              "bowler": "C Karunaratne",
              "non_striker": "AK Markram",
              "runs": {
                "batter": 1,
                "extras": 0,
                "total": 1
              }
            },
            {
              "batter": "AK Markram",
              "bowler": "C Karunaratne",
              "non_striker": "DA Miller",
              "runs": {
                "batter": 4,
                "extras": 0,
                "total": 4
              }
            },
            {
              "batter": "AK Markram",
              "bowler": "C Karunaratne",
              "non_striker": "DA Miller",
              "runs": {
                "batter": 6,
                "extras": 0,
                "total": 6
              }
            },
            {
              "batter": "AK Markram",
              "bowler": "C Karunaratne",
              "non_striker": "DA Miller",
              "runs": {
                "batter": 1,
                "extras": 0,
                "total": 1
              }
            },
            {
              "batter": "DA Miller",
              "bowler": "C Karunaratne",
              "non_striker": "AK Markram",
              "runs": {
                "batter": 1,
                "extras": 0,
                "total": 1
              }
            }
          ]
        },
        {
          "over": 18,
          "deliveries": [
            {
              "batter": "DA Miller",
              "bowler": "MD Shanaka",
              "non_striker": "AK Markram",
              "runs": {
                "batter": 1,
                "extras": 0,
                "total": 1
              }
            },
            {
              "batter": "AK Markram",
              "bowler": "MD Shanaka",
              "non_striker": "DA Miller",
              "runs": {
                "batter": 2,
                "extras": 0,
                "total": 2
              }
            },
            {
              "batter": "AK Markram",
              "bowler": "MD Shanaka",
              "non_striker": "DA Miller",
              "runs": {
                "batter": 0,
                "extras": 0,
                "total": 0
              }
            },
            {
              "batter": "AK Markram",
              "bowler": "MD Shanaka",
              "non_striker": "DA Miller",
              "runs": {
                "batter": 2,
                "extras": 0,
                "total": 2
              }
            },
            {
              "batter": "AK Markram",
              "bowler": "MD Shanaka",
              "non_striker": "DA Miller",
              "runs": {
                "batter": 0,
                "extras": 0,
                "total": 0
              },
              "wickets": [
                {
                  "player_out": "AK Markram",
                  "fielders": [
                    {
                      "name": "PVD Chameera"
                    }
                  ],
                  "kind": "caught"
                }
              ]
            },
            {
              "batter": "D Pretorius",
              "bowler": "MD Shanaka",
              "non_striker": "DA Miller",
              "runs": {
                "batter": 1,
                "extras": 0,
                "total": 1
              }
            }
          ]
        },
        {
          "over": 19,
          "deliveries": [
            {
              "batter": "D Pretorius",
              "bowler": "PVD Chameera",
              "non_striker": "DA Miller",
              "runs": {
                "batter": 2,
                "extras": 0,
                "total": 2
              }
            },
            {
              "batter": "D Pretorius",
              "bowler": "PVD Chameera",
              "non_striker": "DA Miller",
              "runs": {
                "batter": 1,
                "extras": 0,
                "total": 1
              }
            },
            {
              "batter": "DA Miller",
              "bowler": "PVD Chameera",
              "non_striker": "D Pretorius",
              "runs": {
                "batter": 0,
                "extras": 0,
                "total": 0
              },
              "wickets": [
                {
                  "player_out": "DA Miller",
                  "fielders": [
                    {
                      "name": "WIA Fernando"
                    }
                  ],
                  "kind": "caught"
                }
              ]
            },
            {
              "batter": "D Pretorius",
              "bowler": "PVD Chameera",
              "extras": {
                "wides": 1
              },
              "non_striker": "K Rabada",
              "runs": {
                "batter": 0,
                "extras": 1,
                "total": 1
              }
            },
            {
              "batter": "D Pretorius",
              "bowler": "PVD Chameera",
              "non_striker": "K Rabada",
              "runs": {
                "batter": 0,
                "extras": 0,
                "total": 0
              }
            },
            {
              "batter": "D Pretorius",
              "bowler": "PVD Chameera",
              "non_striker": "K Rabada",
              "runs": {
                "batter": 2,
                "extras": 0,
                "total": 2
              }
            },
            {
              "batter": "D Pretorius",
              "bowler": "PVD Chameera",
              "non_striker": "K Rabada",
              "runs": {
                "batter": 4,
                "extras": 0,
                "total": 4
              }
            }
          ]
        }
      ],
      "powerplays": [
        {
          "from": 0.1,
          "to": 5.6,
          "type": "mandatory"
        }
      ]
    },
    {
      "team": "Sri Lanka",
      "overs": [
        {
          "over": 0,
          "deliveries": [
            {
              "batter": "WIA Fernando",
              "bowler": "BC Fortuin",
              "non_striker": "LD Chandimal",
              "runs": {
                "batter": 0,
                "extras": 0,
                "total": 0
              }
            },
            {
              "batter": "WIA Fernando",
              "bowler": "BC Fortuin",
              "non_striker": "LD Chandimal",
              "runs": {
                "batter": 1,
                "extras": 0,
                "total": 1
              }
            },
            {
              "batter": "LD Chandimal",
              "bowler": "BC Fortuin",
              "non_striker": "WIA Fernando",
              "runs": {
                "batter": 0,
                "extras": 0,
                "total": 0
              }
            },
            {
              "batter": "LD Chandimal",
              "bowler": "BC Fortuin",
              "non_striker": "WIA Fernando",
              "runs": {
                "batter": 0,
                "extras": 0,
                "total": 0
              }
            },
            {
              "batter": "LD Chandimal",
              "bowler": "BC Fortuin",
              "non_striker": "WIA Fernando",
              "runs": {
                "batter": 1,
                "extras": 0,
                "total": 1
              }
            },
            {
              "batter": "WIA Fernando",
              "bowler": "BC Fortuin",
              "non_striker": "LD Chandimal",
              "runs": {
                "batter": 0,
                "extras": 0,
                "total": 0
              }
            }
          ]
        },
        {
          "over": 1,
          "deliveries": [
            {
              "batter": "LD Chandimal",
              "bowler": "A Nortje",
              "non_striker": "WIA Fernando",
              "runs": {
                "batter": 1,
                "extras": 0,
                "total": 1
              }
            },
            {
              "batter": "WIA Fernando",
              "bowler": "A Nortje",
              "non_striker": "LD Chandimal",
              "runs": {
                "batter": 1,
                "extras": 0,
                "total": 1
              }
            },
            {
              "batter": "LD Chandimal",
              "bowler": "A Nortje",
              "non_striker": "WIA Fernando",
              "runs": {
                "batter": 0,
                "extras": 0,
                "total": 0
              }
            },
            {
              "batter": "LD Chandimal",
              "bowler": "A Nortje",
              "non_striker": "WIA Fernando",
              "runs": {
                "batter": 0,
                "extras": 0,
                "total": 0
              }
            },
            {
              "batter": "LD Chandimal",
              "bowler": "A Nortje",
              "non_striker": "WIA Fernando",
              "runs": {
                "batter": 0,
                "extras": 0,
                "total": 0
              }
            },
            {
              "batter": "LD Chandimal",
              "bowler": "A Nortje",
              "extras": {
                "wides": 5
              },
              "non_striker": "WIA Fernando",
              "runs": {
                "batter": 0,
                "extras": 5,
                "total": 5
              }
            },
            {
              "batter": "LD Chandimal",
              "bowler": "A Nortje",
              "non_striker": "WIA Fernando",
              "runs": {
                "batter": 4,
                "extras": 0,
                "total": 4
              }
            }
          ]
        },
        {
          "over": 2,
          "deliveries": [
            {
              "batter": "WIA Fernando",
              "bowler": "BC Fortuin",
              "non_striker": "LD Chandimal",
              "runs": {
                "batter": 2,
                "extras": 0,
                "total": 2
              }
            },
            {
              "batter": "WIA Fernando",
              "bowler": "BC Fortuin",
              "non_striker": "LD Chandimal",
              "runs": {
                "batter": 2,
                "extras": 0,
                "total": 2
              }
            },
            {
              "batter": "WIA Fernando",
              "bowler": "BC Fortuin",
              "non_striker": "LD Chandimal",
              "runs": {
                "batter": 1,
                "extras": 0,
                "total": 1
              }
            },
            {
              "batter": "LD Chandimal",
              "bowler": "BC Fortuin",
              "non_striker": "WIA Fernando",
              "runs": {
                "batter": 0,
                "extras": 0,
                "total": 0
              }
            },
            {
              "batter": "LD Chandimal",
              "bowler": "BC Fortuin",
              "non_striker": "WIA Fernando",
              "runs": {
                "batter": 1,
                "extras": 0,
                "total": 1
              }
            },
            {
              "batter": "WIA Fernando",
              "bowler": "BC Fortuin",
              "non_striker": "LD Chandimal",
              "runs": {
                "batter": 1,
                "extras": 0,
                "total": 1
              }
            }
          ]
        },
        {
          "over": 3,
          "deliveries": [
            {
              "batter": "WIA Fernando",
              "bowler": "K Rabada",
              "non_striker": "LD Chandimal",
              "runs": {
                "batter": 0,
                "extras": 0,
                "total": 0
              }
            },
            {
              "batter": "WIA Fernando",
              "bowler": "K Rabada",
              "non_striker": "LD Chandimal",
              "runs": {
                "batter": 1,
                "extras": 0,
                "total": 1
              }
            },
            {
              "batter": "LD Chandimal",
              "bowler": "K Rabada",
              "non_striker": "WIA Fernando",
              "runs": {
                "batter": 2,
                "extras": 0,
                "total": 2
              }
            },
            {
              "batter": "LD Chandimal",
              "bowler": "K Rabada",
              "non_striker": "WIA Fernando",
              "runs": {
                "batter": 2,
                "extras": 0,
                "total": 2
              }
            },
            {
              "batter": "LD Chandimal",
              "bowler": "K Rabada",
              "non_striker": "WIA Fernando",
              "runs": {
                "batter": 1,
                "extras": 0,
                "total": 1
              }
            },
            {
              "batter": "WIA Fernando",
              "bowler": "K Rabada",
              "non_striker": "LD Chandimal",
              "runs": {
                "batter": 1,
                "extras": 0,
                "total": 1
              }
            }
          ]
        },
        {
          "over": 4,
          "deliveries": [
            {
              "batter": "WIA Fernando",
              "bowler": "A Nortje",
              "non_striker": "LD Chandimal",
              "runs": {
                "batter": 1,
                "extras": 0,
                "total": 1
              }
            },
            {
              "batter": "LD Chandimal",
              "bowler": "A Nortje",
              "non_striker": "WIA Fernando",
              "runs": {
                "batter": 0,
                "extras": 0,
                "total": 0
              }
            },
            {
              "batter": "LD Chandimal",
              "bowler": "A Nortje",
              "non_striker": "WIA Fernando",
              "runs": {
                "batter": 4,
                "extras": 0,
                "total": 4
              }
            },
            {
              "batter": "LD Chandimal",
              "bowler": "A Nortje",
              "non_striker": "WIA Fernando",
              "runs": {
                "batter": 0,
                "extras": 0,
                "total": 0
              }
            },
            {
              "batter": "LD Chandimal",
              "bowler": "A Nortje",
              "non_striker": "WIA Fernando",
              "runs": {
                "batter": 0,
                "extras": 0,
                "total": 0
              }
            },
            {
              "batter": "LD Chandimal",
              "bowler": "A Nortje",
              "non_striker": "WIA Fernando",
              "runs": {
                "batter": 1,
                "extras": 0,
                "total": 1
              }
            }
          ]
        },
        {
          "over": 5,
          "deliveries": [
            {
              "batter": "LD Chandimal",
              "bowler": "K Rabada",
              "non_striker": "WIA Fernando",
              "runs": {
                "batter": 0,
                "extras": 0,
                "total": 0
              }
            },
            {
              "batter": "LD Chandimal",
              "bowler": "K Rabada",
              "non_striker": "WIA Fernando",
              "runs": {
                "batter": 0,
                "extras": 0,
                "total": 0
              }
            },
            {
              "batter": "LD Chandimal",
              "bowler": "K Rabada",
              "non_striker": "WIA Fernando",
              "runs": {
                "batter": 1,
                "extras": 0,
                "total": 1
              }
            },
            {
              "batter": "WIA Fernando",
              "bowler": "K Rabada",
              "non_striker": "LD Chandimal",
              "runs": {
                "batter": 0,
                "extras": 0,
                "total": 0
              }
            },
            {
              "batter": "WIA Fernando",
              "bowler": "K Rabada",
              "non_striker": "LD Chandimal",
              "runs": {
                "batter": 0,
                "extras": 0,
                "total": 0
              },
              "wickets": [
                {
                  "player_out": "WIA Fernando",
                  "kind": "run out"
                }
              ]
            },
            {
              "batter": "LD Chandimal",
              "bowler": "K Rabada",
              "non_striker": "PBB Rajapaksa",
              "runs": {
                "batter": 0,
                "extras": 0,
                "total": 0
              }
            }
          ]
        },
        {
          "over": 6,
          "deliveries": [
            {
              "batter": "PBB Rajapaksa",
              "bowler": "KA Maharaj",
              "non_striker": "LD Chandimal",
              "review": {
                "by": "Sri Lanka",
                "umpire": "HDPK Dharmasena",
                "batter": "PBB Rajapaksa",
                "decision": "struck down",
                "umpires_call": true
              },
              "runs": {
                "batter": 0,
                "extras": 0,
                "total": 0
              },
              "wickets": [
                {
                  "player_out": "PBB Rajapaksa",
                  "kind": "lbw"
                }
              ]
            },
            {
              "batter": "KIC Asalanka",
              "bowler": "KA Maharaj",
              "extras": {
                "wides": 1
              },
              "non_striker": "LD Chandimal",
              "runs": {
                "batter": 0,
                "extras": 1,
                "total": 1
              }
            },
            {
              "batter": "KIC Asalanka",
              "bowler": "KA Maharaj",
              "non_striker": "LD Chandimal",
              "runs": {
                "batter": 0,
                "extras": 0,
                "total": 0
              }
            },
            {
              "batter": "KIC Asalanka",
              "bowler": "KA Maharaj",
              "non_striker": "LD Chandimal",
              "runs": {
                "batter": 0,
                "extras": 0,
                "total": 0
              }
            },
            {
              "batter": "KIC Asalanka",
              "bowler": "KA Maharaj",
              "non_striker": "LD Chandimal",
              "runs": {
                "batter": 0,
                "extras": 0,
                "total": 0
              }
            },
            {
              "batter": "KIC Asalanka",
              "bowler": "KA Maharaj",
              "extras": {
                "wides": 1
              },
              "non_striker": "LD Chandimal",
              "runs": {
                "batter": 0,
                "extras": 1,
                "total": 1
              }
            },
            {
              "batter": "KIC Asalanka",
              "bowler": "KA Maharaj",
              "non_striker": "LD Chandimal",
              "runs": {
                "batter": 0,
                "extras": 0,
                "total": 0
              }
            },
            {
              "batter": "KIC Asalanka",
              "bowler": "KA Maharaj",
              "non_striker": "LD Chandimal",
              "runs": {
                "batter": 0,
                "extras": 0,
                "total": 0
              }
            }
          ]
        },
        {
          "over": 7,
          "deliveries": [
            {
              "batter": "LD Chandimal",
              "bowler": "BC Fortuin",
              "non_striker": "KIC Asalanka",
              "runs": {
                "batter": 1,
                "extras": 0,
                "total": 1
              }
            },
            {
              "batter": "KIC Asalanka",
              "bowler": "BC Fortuin",
              "non_striker": "LD Chandimal",
              "review": {
                "by": "South Africa",
                "umpire": "RMPJ Rambukwella",
                "batter": "KIC Asalanka",
                "decision": "struck down"
              },
              "runs": {
                "batter": 0,
                "extras": 0,
                "total": 0
              }
            },
            {
              "batter": "KIC Asalanka",
              "bowler": "BC Fortuin",
              "non_striker": "LD Chandimal",
              "runs": {
                "batter": 0,
                "extras": 0,
                "total": 0
              }
            },
            {
              "batter": "KIC Asalanka",
              "bowler": "BC Fortuin",
              "non_striker": "LD Chandimal",
              "runs": {
                "batter": 1,
                "extras": 0,
                "total": 1
              }
            },
            {
              "batter": "LD Chandimal",
              "bowler": "BC Fortuin",
              "non_striker": "KIC Asalanka",
              "runs": {
                "batter": 6,
                "extras": 0,
                "total": 6
              }
            },
            {
              "batter": "LD Chandimal",
              "bowler": "BC Fortuin",
              "non_striker": "KIC Asalanka",
              "runs": {
                "batter": 0,
                "extras": 0,
                "total": 0
              }
            }
          ]
        },
        {
          "over": 8,
          "deliveries": [
            {
              "batter": "KIC Asalanka",
              "bowler": "KA Maharaj",
              "non_striker": "LD Chandimal",
              "runs": {
                "batter": 0,
                "extras": 0,
                "total": 0
              }
            },
            {
              "batter": "KIC Asalanka",
              "bowler": "KA Maharaj",
              "extras": {
                "legbyes": 1
              },
              "non_striker": "LD Chandimal",
              "runs": {
                "batter": 0,
                "extras": 1,
                "total": 1
              }
            },
            {
              "batter": "LD Chandimal",
              "bowler": "KA Maharaj",
              "non_striker": "KIC Asalanka",
              "runs": {
                "batter": 0,
                "extras": 0,
                "total": 0
              }
            },
            {
              "batter": "LD Chandimal",
              "bowler": "KA Maharaj",
              "non_striker": "KIC Asalanka",
              "runs": {
                "batter": 1,
                "extras": 0,
                "total": 1
              }
            },
            {
              "batter": "KIC Asalanka",
              "bowler": "KA Maharaj",
              "non_striker": "LD Chandimal",
              "runs": {
                "batter": 0,
                "extras": 0,
                "total": 0
              }
            },
            {
              "batter": "KIC Asalanka",
              "bowler": "KA Maharaj",
              "non_striker": "LD Chandimal",
              "runs": {
                "batter": 1,
                "extras": 0,
                "total": 1
              }
            }
          ]
        },
        {
          "over": 9,
          "deliveries": [
            {
              "batter": "KIC Asalanka",
              "bowler": "T Shamsi",
              "non_striker": "LD Chandimal",
              "runs": {
                "batter": 1,
                "extras": 0,
                "total": 1
              }
            },
            {
              "batter": "LD Chandimal",
              "bowler": "T Shamsi",
              "non_striker": "KIC Asalanka",
              "runs": {
                "batter": 6,
                "extras": 0,
                "total": 6
              }
            },
            {
              "batter": "LD Chandimal",
              "bowler": "T Shamsi",
              "non_striker": "KIC Asalanka",
              "runs": {
                "batter": 1,
                "extras": 0,
                "total": 1
              }
            },
            {
              "batter": "KIC Asalanka",
              "bowler": "T Shamsi",
              "non_striker": "LD Chandimal",
              "runs": {
                "batter": 1,
                "extras": 0,
                "total": 1
              }
            },
            {
              "batter": "LD Chandimal",
              "bowler": "T Shamsi",
              "non_striker": "KIC Asalanka",
              "runs": {
                "batter": 1,
                "extras": 0,
                "total": 1
              }
            },
            {
              "batter": "KIC Asalanka",
              "bowler": "T Shamsi",
              "non_striker": "LD Chandimal",
              "runs": {
                "batter": 0,
                "extras": 0,
                "total": 0
              }
            }
          ]
        },
        {
          "over": 10,
          "deliveries": [
            {
              "batter": "LD Chandimal",
              "bowler": "KA Maharaj",
              "non_striker": "KIC Asalanka",
              "runs": {
                "batter": 1,
                "extras": 0,
                "total": 1
              }
            },
            {
              "batter": "KIC Asalanka",
              "bowler": "KA Maharaj",
              "non_striker": "LD Chandimal",
              "runs": {
                "batter": 0,
                "extras": 0,
                "total": 0
              }
            },
            {
              "batter": "KIC Asalanka",
              "bowler": "KA Maharaj",
              "non_striker": "LD Chandimal",
              "runs": {
                "batter": 1,
                "extras": 0,
                "total": 1
              }
            },
            {
              "batter": "LD Chandimal",
              "bowler": "KA Maharaj",
              "non_striker": "KIC Asalanka",
              "runs": {
                "batter": 4,
                "extras": 0,
                "total": 4
              }
            },
            {
              "batter": "LD Chandimal",
              "bowler": "KA Maharaj",
              "non_striker": "KIC Asalanka",
              "runs": {
                "batter": 1,
                "extras": 0,
                "total": 1
              }
            },
            {
              "batter": "KIC Asalanka",
              "bowler": "KA Maharaj",
              "extras": {
                "wides": 3
              },
              "non_striker": "LD Chandimal",
              "runs": {
                "batter": 0,
                "extras": 3,
                "total": 3
              }
            },
            {
              "batter": "KIC Asalanka",
              "bowler": "KA Maharaj",
              "non_striker": "LD Chandimal",
              "runs": {
                "batter": 1,
                "extras": 0,
                "total": 1
              }
            }
          ]
        },
        {
          "over": 11,
          "deliveries": [
            {
              "batter": "KIC Asalanka",
              "bowler": "T Shamsi",
              "non_striker": "LD Chandimal",
              "runs": {
                "batter": 0,
                "extras": 0,
                "total": 0
              },
              "wickets": [
                {
                  "player_out": "KIC Asalanka",
                  "fielders": [
                    {
                      "name": "D Pretorius"
                    }
                  ],
                  "kind": "caught"
                }
              ]
            },
            {
              "batter": "MD Shanaka",
              "bowler": "T Shamsi",
              "non_striker": "LD Chandimal",
              "runs": {
                "batter": 1,
                "extras": 0,
                "total": 1
              }
            },
            {
              "batter": "LD Chandimal",
              "bowler": "T Shamsi",
              "non_striker": "MD Shanaka",
              "runs": {
                "batter": 1,
                "extras": 0,
                "total": 1
              }
            },
            {
              "batter": "MD Shanaka",
              "bowler": "T Shamsi",
              "non_striker": "LD Chandimal",
              "runs": {
                "batter": 2,
                "extras": 0,
                "total": 2
              }
            },
            {
              "batter": "MD Shanaka",
              "bowler": "T Shamsi",
              "non_striker": "LD Chandimal",
              "runs": {
                "batter": 4,
                "extras": 0,
                "total": 4
              }
            },
            {
              "batter": "MD Shanaka",
              "bowler": "T Shamsi",
              "non_striker": "LD Chandimal",
              "runs": {
                "batter": 2,
                "extras": 0,
                "total": 2
              }
            }
          ]
        },
        {
          "over": 12,
          "deliveries": [
            {
              "batter": "LD Chandimal",
              "bowler": "KA Maharaj",
              "non_striker": "MD Shanaka",
              "runs": {
                "batter": 1,
                "extras": 0,
                "total": 1
              }
            },
            {
              "batter": "MD Shanaka",
              "bowler": "KA Maharaj",
              "non_striker": "LD Chandimal",
              "runs": {
                "batter": 0,
                "extras": 0,
                "total": 0
              }
            },
            {
              "batter": "MD Shanaka",
              "bowler": "KA Maharaj",
              "non_striker": "LD Chandimal",
              "runs": {
                "batter": 1,
                "extras": 0,
                "total": 1
              }
            },
            {
              "batter": "LD Chandimal",
              "bowler": "KA Maharaj",
              "non_striker": "MD Shanaka",
              "runs": {
                "batter": 1,
                "extras": 0,
                "total": 1
              }
            },
            {
              "batter": "MD Shanaka",
              "bowler": "KA Maharaj",
              "non_striker": "LD Chandimal",
              "runs": {
                "batter": 0,
                "extras": 0,
                "total": 0
              }
            },
            {
              "batter": "MD Shanaka",
              "bowler": "KA Maharaj",
              "non_striker": "LD Chandimal",
              "runs": {
                "batter": 1,
                "extras": 0,
                "total": 1
              }
            }
          ]
        },
        {
          "over": 13,
          "deliveries": [
            {
              "batter": "MD Shanaka",
              "bowler": "D Pretorius",
              "non_striker": "LD Chandimal",
              "runs": {
                "batter": 1,
                "extras": 0,
                "total": 1
              }
            },
            {
              "batter": "LD Chandimal",
              "bowler": "D Pretorius",
              "non_striker": "MD Shanaka",
              "runs": {
                "batter": 1,
                "extras": 0,
                "total": 1
              }
            },
            {
              "batter": "MD Shanaka",
              "bowler": "D Pretorius",
              "non_striker": "LD Chandimal",
              "runs": {
                "batter": 0,
                "extras": 0,
                "total": 0
              }
            },
            {
              "batter": "MD Shanaka",
              "bowler": "D Pretorius",
              "non_striker": "LD Chandimal",
              "runs": {
                "batter": 1,
                "extras": 0,
                "total": 1
              }
            },
            {
              "batter": "LD Chandimal",
              "bowler": "D Pretorius",
              "non_striker": "MD Shanaka",
              "runs": {
                "batter": 1,
                "extras": 0,
                "total": 1
              }
            },
            {
              "batter": "MD Shanaka",
              "bowler": "D Pretorius",
              "non_striker": "LD Chandimal",
              "runs": {
                "batter": 2,
                "extras": 0,
                "total": 2
              }
            }
          ]
        },
        {
          "over": 14,
          "deliveries": [
            {
              "batter": "LD Chandimal",
              "bowler": "BC Fortuin",
              "non_striker": "MD Shanaka",
              "runs": {
                "batter": 4,
                "extras": 0,
                "total": 4
              }
            },
            {
              "batter": "LD Chandimal",
              "bowler": "BC Fortuin",
              "non_striker": "MD Shanaka",
              "runs": {
                "batter": 1,
                "extras": 0,
                "total": 1
              }
            },
            {
              "batter": "MD Shanaka",
              "bowler": "BC Fortuin",
              "non_striker": "LD Chandimal",
              "runs": {
                "batter": 1,
                "extras": 0,
                "total": 1
              }
            },
            {
              "batter": "LD Chandimal",
              "bowler": "BC Fortuin",
              "non_striker": "MD Shanaka",
              "runs": {
                "batter": 0,
                "extras": 0,
                "total": 0
              }
            },
            {
              "batter": "LD Chandimal",
              "bowler": "BC Fortuin",
              "non_striker": "MD Shanaka",
              "runs": {
                "batter": 1,
                "extras": 0,
                "total": 1
              }
            },
            {
              "batter": "MD Shanaka",
              "bowler": "BC Fortuin",
              "non_striker": "LD Chandimal",
              "runs": {
                "batter": 0,
                "extras": 0,
                "total": 0
              },
              "wickets": [
                {
                  "player_out": "MD Shanaka",
                  "kind": "bowled"
                }
              ]
            }
          ]
        },
        {
          "over": 15,
          "deliveries": [
            {
              "batter": "LD Chandimal",
              "bowler": "D Pretorius",
              "non_striker": "PWH de Silva",
              "runs": {
                "batter": 4,
                "extras": 0,
                "total": 4
              }
            },
            {
              "batter": "LD Chandimal",
              "bowler": "D Pretorius",
              "non_striker": "PWH de Silva",
              "runs": {
                "batter": 2,
                "extras": 0,
                "total": 2
              }
            },
            {
              "batter": "LD Chandimal",
              "bowler": "D Pretorius",
              "non_striker": "PWH de Silva",
              "runs": {
                "batter": 1,
                "extras": 0,
                "total": 1
              }
            },
            {
              "batter": "PWH de Silva",
              "bowler": "D Pretorius",
              "non_striker": "LD Chandimal",
              "runs": {
                "batter": 0,
                "extras": 0,
                "total": 0
              }
            },
            {
              "batter": "PWH de Silva",
              "bowler": "D Pretorius",
              "non_striker": "LD Chandimal",
              "runs": {
                "batter": 0,
                "extras": 0,
                "total": 0
              },
              "wickets": [
                {
                  "player_out": "PWH de Silva",
                  "fielders": [
                    {
                      "name": "RR Hendricks"
                    }
                  ],
                  "kind": "caught"
                }
              ]
            },
            {
              "batter": "DM de Silva",
              "bowler": "D Pretorius",
              "extras": {
                "wides": 1
              },
              "non_striker": "LD Chandimal",
              "runs": {
                "batter": 0,
                "extras": 1,
                "total": 1
              }
            },
            {
              "batter": "DM de Silva",
              "bowler": "D Pretorius",
              "non_striker": "LD Chandimal",
              "runs": {
                "batter": 1,
                "extras": 0,
                "total": 1
              }
            }
          ]
        },
        {
          "over": 16,
          "deliveries": [
            {
              "batter": "DM de Silva",
              "bowler": "A Nortje",
              "non_striker": "LD Chandimal",
              "runs": {
                "batter": 0,
                "extras": 0,
                "total": 0
              },
              "wickets": [
                {
                  "player_out": "DM de Silva",
                  "kind": "bowled"
                }
              ]
            },
            {
              "batter": "C Karunaratne",
              "bowler": "A Nortje",
              "non_striker": "LD Chandimal",
              "runs": {
                "batter": 1,
                "extras": 0,
                "total": 1
              }
            },
            {
              "batter": "LD Chandimal",
              "bowler": "A Nortje",
              "non_striker": "C Karunaratne",
              "runs": {
                "batter": 1,
                "extras": 0,
                "total": 1
              }
            },
            {
              "batter": "C Karunaratne",
              "bowler": "A Nortje",
              "non_striker": "LD Chandimal",
              "runs": {
                "batter": 0,
                "extras": 0,
                "total": 0
              }
            },
            {
              "batter": "C Karunaratne",
              "bowler": "A Nortje",
              "non_striker": "LD Chandimal",
              "runs": {
                "batter": 0,
                "extras": 0,
                "total": 0
              }
            },
            {
              "batter": "C Karunaratne",
              "bowler": "A Nortje",
              "non_striker": "LD Chandimal",
              "runs": {
                "batter": 6,
                "extras": 0,
                "total": 6
              }
            }
          ]
        },
        {
          "over": 17,
          "deliveries": [
            {
              "batter": "LD Chandimal",
              "bowler": "D Pretorius",
              "non_striker": "C Karunaratne",
              "runs": {
                "batter": 2,
                "extras": 0,
                "total": 2
              }
            },
            {
              "batter": "LD Chandimal",
              "bowler": "D Pretorius",
              "non_striker": "C Karunaratne",
              "runs": {
                "batter": 2,
                "extras": 0,
                "total": 2
              }
            },
            {
              "batter": "LD Chandimal",
              "bowler": "D Pretorius",
              "non_striker": "C Karunaratne",
              "runs": {
                "batter": 1,
                "extras": 0,
                "total": 1
              }
            },
            {
              "batter": "C Karunaratne",
              "bowler": "D Pretorius",
              "non_striker": "LD Chandimal",
              "runs": {
                "batter": 0,
                "extras": 0,
                "total": 0
              }
            },
            {
              "batter": "C Karunaratne",
              "bowler": "D Pretorius",
              "non_striker": "LD Chandimal",
              "runs": {
                "batter": 1,
                "extras": 0,
                "total": 1
              }
            },
            {
              "batter": "LD Chandimal",
              "bowler": "D Pretorius",
              "non_striker": "C Karunaratne",
              "runs": {
                "batter": 0,
                "extras": 0,
                "total": 0
              }
            }
          ]
        },
        {
          "over": 18,
          "deliveries": [
            {
              "batter": "C Karunaratne",
              "bowler": "A Nortje",
              "non_striker": "LD Chandimal",
              "runs": {
                "batter": 1,
                "extras": 0,
                "total": 1
              }
            },
            {
              "batter": "LD Chandimal",
              "bowler": "A Nortje",
              "non_striker": "C Karunaratne",
              "runs": {
                "batter": 1,
                "extras": 0,
                "total": 1
              }
            },
            {
              "batter": "C Karunaratne",
              "bowler": "A Nortje",
              "non_striker": "LD Chandimal",
              "runs": {
                "batter": 0,
                "extras": 0,
                "total": 0
              }
            },
            {
              "batter": "C Karunaratne",
              "bowler": "A Nortje",
              "extras": {
                "wides": 1
              },
              "non_striker": "LD Chandimal",
              "runs": {
                "batter": 0,
                "extras": 1,
                "total": 1
              }
            },
            {
              "batter": "C Karunaratne",
              "bowler": "A Nortje",
              "non_striker": "LD Chandimal",
              "runs": {
                "batter": 1,
                "extras": 0,
                "total": 1
              }
            },
            {
              "batter": "LD Chandimal",
              "bowler": "A Nortje",
              "non_striker": "C Karunaratne",
              "runs": {
                "batter": 0,
                "extras": 0,
                "total": 0
              }
            },
            {
              "batter": "LD Chandimal",
              "bowler": "A Nortje",
              "non_striker": "C Karunaratne",
              "runs": {
                "batter": 0,
                "extras": 0,
                "total": 0
              }
            }
          ]
        },
        {
          "over": 19,
          "deliveries": [
            {
              "batter": "C Karunaratne",
              "bowler": "K Rabada",
              "non_striker": "LD Chandimal",
              "runs": {
                "batter": 6,
                "extras": 0,
                "total": 6
              }
            },
            {
              "batter": "C Karunaratne",
              "bowler": "K Rabada",
              "non_striker": "LD Chandimal",
              "runs": {
                "batter": 0,
                "extras": 0,
                "total": 0
              }
            },
            {
              "batter": "C Karunaratne",
              "bowler": "K Rabada",
              "non_striker": "LD Chandimal",
              "runs": {
                "batter": 4,
                "extras": 0,
                "total": 4
              }
            },
            {
              "batter": "C Karunaratne",
              "bowler": "K Rabada",
              "non_striker": "LD Chandimal",
              "runs": {
                "batter": 1,
                "extras": 0,
                "total": 1
              }
            },
            {
              "batter": "LD Chandimal",
              "bowler": "K Rabada",
              "non_striker": "C Karunaratne",
              "runs": {
                "batter": 1,
                "extras": 0,
                "total": 1
              }
            },
            {
              "batter": "C Karunaratne",
              "bowler": "K Rabada",
              "non_striker": "LD Chandimal",
              "runs": {
                "batter": 1,
                "extras": 0,
                "total": 1
              }
            }
          ]
        }
      ],
      "powerplays": [
        {
          "from": 0.1,
          "to": 5.6,
          "type": "mandatory"
        }
      ],
      "target": {
        "overs": 20,
        "runs": 164
      }
    }
  ]
}