{
  "meta": {
    "data_version": "1.1.0",
    "created": "2021-09-13",
    "revision": 1
  },
  "info": {
    "balls_per_over": 6,
    "city": "Entebbe",
    "dates": [
      "2021-09-13"
    ],
    "event": {
      "name": "Uganda T20 Tri-Series",
      "match_number": 5
    },
    "gender": "male",
    "match_type": "T20",
    "match_type_number": 1271,
    "missing": [
      "player_of_match",
      "umpires"
    ],
    "outcome": {
      "winner": "Uganda",
      "by": {
        "wickets": 8
      }
    },
    "overs": 20,
    "players": {
      "Nigeria": [
        "CN Onwuzulike",
        "D Ajekun",
        "JO Adedeji",
        "AJ Ayannaike",
        "VD Adewoye",
        "Sulaimon Runsewe",
        "Mohameed Taiwo",
        "P Aho",
        "Mustapha Yusuf",
        "P Useni",
        "O Isesele"
      ],
      "Uganda": [
        "Saud Islam",
        "S Sesazi",
        "Riazat Ali Shah",
        "DM Nakrani",
        "D Muhumuza",
        "F Akankwasa",
        "K Waiswa",
        "RB Patel",
        "H Ssenyondo",
        "F Achelam",
        "C Waiswa"
      ]
    },
    "registry": {
      "people": {
        "AJ Ayannaike": "f74b682b",
        "C Waiswa": "18db3f22",
        "CN Onwuzulike": "715dbf27",
        "D Ajekun": "2494ff9e",
        "D Muhumuza": "7636b587",
        "DM Nakrani": "46a7ac78",
        "F Achelam": "b6b3ee6e",
        "F Akankwasa": "0d0f0385",
        "H Ssenyondo": "2b7609f1",
        "JO Adedeji": "abee08c7",
        "K Waiswa": "a3a275ec",
        "Mohameed Taiwo": "a9d788e3",
        "Mustapha Yusuf": "f3e240a6",
        "O Isesele": "6034840a",
        "P Aho": "2e392afa",
        "P Useni": "71fa64d6",
        "RB Patel": "f88dc8de",
        "Riazat Ali Shah": "269cc4ff",
        "S Sesazi": "c2c975f9",
        "Saud Islam": "ae5a7eb5",
        "Sulaimon Runsewe": "c25d26dc",
        "VD Adewoye": "45a34a2d"
      }
    },
    "season": "2021",
    "team_type": "international",
    "teams": [
      "Nigeria",
      "Uganda"
    ],
    "toss": {
      "decision": "bat",
      "winner": "Nigeria"
    },
    "venue": "Entebbe Cricket Oval"
  },
  "innings": [
    {
      "team": "Nigeria",
      "overs": [
        {
          "over": 0,
          "deliveries": [
            {
              "batter": "CN Onwuzulike",
              "bowler": "C Waiswa",
              "extras": {
                "wides": 1
              },
              "non_striker": "D Ajekun",
              "runs": {
                "batter": 0,
                "extras": 1,
                "total": 1
              }
            },
            {
              "batter": "CN Onwuzulike",
              "bowler": "C Waiswa",
              "non_striker": "D Ajekun",
              "runs": {
                "batter": 2,
                "extras": 0,
                "total": 2
              }
            },
            {
              "batter": "CN Onwuzulike",
              "bowler": "C Waiswa",
              "non_striker": "D Ajekun",
              "runs": {
                "batter": 0,
                "extras": 0,
                "total": 0
              }
            },
            {
              "batter": "CN Onwuzulike",
              "bowler": "C Waiswa",
              "non_striker": "D Ajekun",
              "runs": {
                "batter": 1,
                "extras": 0,
                "total": 1
              }
            },
            {
              "batter": "D Ajekun",
              "bowler": "C Waiswa",
              "non_striker": "CN Onwuzulike",
              "runs": {
                "batter": 0,
                "extras": 0,
                "total": 0
              },
              "wickets": [
                {
                  "player_out": "D Ajekun",
                  "fielders": [
                    {
                      "name": "S Sesazi"
                    }
                  ],
                  "kind": "caught"
                }
              ]
            },
            {
              "batter": "JO Adedeji",
              "bowler": "C Waiswa",
              "non_striker": "CN Onwuzulike",
              "runs": {
                "batter": 2,
                "extras": 0,
                "total": 2
              }
            },
            {
              "batter": "JO Adedeji",
              "bowler": "C Waiswa",
              "non_striker": "CN Onwuzulike",
              "runs": {
                "batter": 1,
                "extras": 0,
                "total": 1
              }
            }
          ]
        },
        {
          "over": 1,
          "deliveries": [
            {
              "batter": "JO Adedeji",
              "bowler": "DM Nakrani",
              "non_striker": "CN Onwuzulike",
              "runs": {
                "batter": 0,
                "extras": 0,
                "total": 0
              }
            },
            {
              "batter": "JO Adedeji",
              "bowler": "DM Nakrani",
              "non_striker": "CN Onwuzulike",
              "runs": {
                "batter": 3,
                "extras": 0,
                "total": 3
              }
            },
            {
              "batter": "CN Onwuzulike",
              "bowler": "DM Nakrani",
              "non_striker": "JO Adedeji",
              "runs": {
                "batter": 1,
                "extras": 0,
                "total": 1
              }
            },
            {
              "batter": "JO Adedeji",
              "bowler": "DM Nakrani",
              "non_striker": "CN Onwuzulike",
              "runs": {
                "batter": 0,
                "extras": 0,
                "total": 0
              }
            },
            {
              "batter": "JO Adedeji",
              "bowler": "DM Nakrani",
              "non_striker": "CN Onwuzulike",
              "runs": {
                "batter": 0,
                "extras": 0,
                "total": 0
              }
            },
            {
              "batter": "JO Adedeji",
              "bowler": "DM Nakrani",
              "non_striker": "CN Onwuzulike",
              "runs": {
                "batter": 0,
                "extras": 0,
                "total": 0
              }
            }
          ]
        },
        {
          "over": 2,
          "deliveries": [
            {
              "batter": "CN Onwuzulike",
              "bowler": "C Waiswa",
              "non_striker": "JO Adedeji",
              "runs": {
                "batter": 2,
                "extras": 0,
                "total": 2
              }
            },
            {
              "batter": "CN Onwuzulike",
              "bowler": "C Waiswa",
              "extras": {
                "wides": 1
              },
              "non_striker": "JO Adedeji",
              "runs": {
                "batter": 0,
                "extras": 1,
                "total": 1
              }
            },
            {
              "batter": "CN Onwuzulike",
              "bowler": "C Waiswa",
              "non_striker": "JO Adedeji",
              "runs": {
                "batter": 1,
                "extras": 0,
                "total": 1
              }
            },
            {
              "batter": "JO Adedeji",
              "bowler": "C Waiswa",
              "non_striker": "CN Onwuzulike",
              "runs": {
                "batter": 0,
                "extras": 0,
                "total": 0
              }
            },
            {
              "batter": "JO Adedeji",
              "bowler": "C Waiswa",
              "non_striker": "CN Onwuzulike",
              "runs": {
                "batter": 1,
                "extras": 0,
                "total": 1
              }
            },
            {
              "batter": "CN Onwuzulike",
              "bowler": "C Waiswa",
              "non_striker": "JO Adedeji",
              "runs": {
                "batter": 0,
                "extras": 0,
                "total": 0
              },
              "wickets": [
                {
                  "player_out": "CN Onwuzulike",
                  "kind": "bowled"
                }
              ]
            },
            {
              "batter": "AJ Ayannaike",
              "bowler": "C Waiswa",
              "non_striker": "JO Adedeji",
              "runs": {
                "batter": 1,
                "extras": 0,
                "total": 1
              }
            }
          ]
        },
        {
          "over": 3,
          "deliveries": [
            {
              "batter": "AJ Ayannaike",
              "bowler": "DM Nakrani",
              "non_striker": "JO Adedeji",
              "runs": {
                "batter": 0,
                "extras": 0,
                "total": 0
              }
            },
            {
              "batter": "AJ Ayannaike",
              "bowler": "DM Nakrani",
              "non_striker": "JO Adedeji",
              "runs": {
                "batter": 0,
                "extras": 0,
                "total": 0
              }
            },
            {
              "batter": "AJ Ayannaike",
              "bowler": "DM Nakrani",
              "non_striker": "JO Adedeji",
              "runs": {
                "batter": 0,
                "extras": 0,
                "total": 0
              }
            },
            {
              "batter": "AJ Ayannaike",
              "bowler": "DM Nakrani",
              "non_striker": "JO Adedeji",
              "runs": {
                "batter": 2,
                "extras": 0,
                "total": 2
              }
            },
            {
              "batter": "AJ Ayannaike",
              "bowler": "DM Nakrani",
              "non_striker": "JO Adedeji",
              "runs": {
                "batter": 1,
                "extras": 0,
                "total": 1
              }
            },
            {
              "batter": "JO Adedeji",
              "bowler": "DM Nakrani",
              "non_striker": "AJ Ayannaike",
              "runs": {
                "batter": 4,
                "extras": 0,
                "total": 4
              }
            }
          ]
        },
        {
          "over": 4,
          "deliveries": [
            {
              "batter": "AJ Ayannaike",
              "bowler": "H Ssenyondo",
              "non_striker": "JO Adedeji",
              "runs": {
                "batter": 1,
                "extras": 0,
                "total": 1
              }
            },
            {
              "batter": "JO Adedeji",
              "bowler": "H Ssenyondo",
              "non_striker": "AJ Ayannaike",
              "runs": {
                "batter": 4,
                "extras": 0,
                "total": 4
              }
            },
            {
              "batter": "JO Adedeji",
              "bowler": "H Ssenyondo",
              "non_striker": "AJ Ayannaike",
              "runs": {
                "batter": 1,
                "extras": 0,
                "total": 1
              }
            },
            {
              "batter": "AJ Ayannaike",
              "bowler": "H Ssenyondo",
              "non_striker": "JO Adedeji",
              "runs": {
                "batter": 0,
                "extras": 0,
                "total": 0
              }
            },
            {
              "batter": "AJ Ayannaike",
              "bowler": "H Ssenyondo",
              "non_striker": "JO Adedeji",
              "runs": {
                "batter": 1,
                "extras": 0,
                "total": 1
              }
            },
            {
              "batter": "JO Adedeji",
              "bowler": "H Ssenyondo",
              "non_striker": "AJ Ayannaike",
              "runs": {
                "batter": 0,
                "extras": 0,
                "total": 0
              }
            }
          ]
        },
        {
          "over": 5,
          "deliveries": [
            {
              "batter": "AJ Ayannaike",
              "bowler": "K Waiswa",
              "extras": {
                "legbyes": 1
              },
              "non_striker": "JO Adedeji",
              "runs": {
                "batter": 0,
                "extras": 1,
                "total": 1
              }
            },
            {
              "batter": "JO Adedeji",
              "bowler": "K Waiswa",
              "non_striker": "AJ Ayannaike",
              "runs": {
                "batter": 0,
                "extras": 0,
                "total": 0
              }
            },
            {
              "batter": "JO Adedeji",
              "bowler": "K Waiswa",
              "non_striker": "AJ Ayannaike",
              "runs": {
                "batter": 4,
                "extras": 0,
                "total": 4
              }
            },
            {
              "batter": "JO Adedeji",
              "bowler": "K Waiswa",
              "non_striker": "AJ Ayannaike",
              "runs": {
                "batter": 0,
                "extras": 0,
                "total": 0
              }
            },
            {
              "batter": "JO Adedeji",
              "bowler": "K Waiswa",
              "non_striker": "AJ Ayannaike",
              "runs": {
                "batter": 0,
                "extras": 0,
                "total": 0
              }
            },
            {
              "batter": "JO Adedeji",
              "bowler": "K Waiswa",
              "non_striker": "AJ Ayannaike",
              "runs": {
                "batter": 6,
                "extras": 0,
                "total": 6
              }
            }
          ]
        },
        {
          "over": 6,
          "deliveries": [
            {
              "batter": "AJ Ayannaike",
              "bowler": "H Ssenyondo",
              "non_striker": "JO Adedeji",
              "runs": {
                "batter": 0,
                "extras": 0,
                "total": 0
              }
            },
            {
              "batter": "AJ Ayannaike",
              "bowler": "H Ssenyondo",
              "non_striker": "JO Adedeji",
              "runs": {
                "batter": 2,
                "extras": 0,
                "total": 2
              }
            },
            {
              "batter": "AJ Ayannaike",
              "bowler": "H Ssenyondo",
              "non_striker": "JO Adedeji",
              "runs": {
                "batter": 0,
                "extras": 0,
                "total": 0
              },
              "wickets": [
                {
                  "player_out": "AJ Ayannaike",
                  "fielders": [
                    {
                      "name": "S Sesazi"
                    }
                  ],
                  "kind": "caught"
                }
              ]
            },
            {
              "batter": "VD Adewoye",
              "bowler": "H Ssenyondo",
              "non_striker": "JO Adedeji",
              "runs": {
                "batter": 0,
                "extras": 0,
                "total": 0
              }
            },
            {
              "batter": "VD Adewoye",
              "bowler": "H Ssenyondo",
              "non_striker": "JO Adedeji",
              "runs": {
                "batter": 2,
                "extras": 0,
                "total": 2
              }
            },
            {
              "batter": "VD Adewoye",
              "bowler": "H Ssenyondo",
              "non_striker": "JO Adedeji",
              "runs": {
                "batter": 0,
                "extras": 0,
                "total": 0
              }
            }
          ]
        },
        {
          "over": 7,
          "deliveries": [
            {
              "batter": "JO Adedeji",
              "bowler": "F Akankwasa",
              "non_striker": "VD Adewoye",
              "runs": {
                "batter": 1,
                "extras": 0,
                "total": 1
              }
            },
            {
              "batter": "VD Adewoye",
              "bowler": "F Akankwasa",
              "extras": {
                "legbyes": 1
              },
              "non_striker": "JO Adedeji",
              "runs": {
                "batter": 0,
                "extras": 1,
                "total": 1
              }
            },
            {
              "batter": "JO Adedeji",
              "bowler": "F Akankwasa",
              "extras": {
                "noballs": 1
              },
              "non_striker": "VD Adewoye",
              "runs": {
                "batter": 2,
                "extras": 1,
                "total": 3
              }
            },
            {
              "batter": "JO Adedeji",
              "bowler": "F Akankwasa",
              "non_striker": "VD Adewoye",
              "runs": {
                "batter": 4,
                "extras": 0,
                "total": 4
              }
            },
            {
              "batter": "JO Adedeji",
              "bowler": "F Akankwasa",
              "non_striker": "VD Adewoye",
              "runs": {
                "batter": 1,
                "extras": 0,
                "total": 1
              },
              "wickets": [
                {
                  "player_out": "JO Adedeji",
                  "kind": "run out"
                }
              ]
            },
            {
              "batter": "Sulaimon Runsewe",
              "bowler": "F Akankwasa",
              "non_striker": "VD Adewoye",
              "runs": {
                "batter": 1,
                "extras": 0,
                "total": 1
              }
            },
            {
              "batter": "VD Adewoye",
              "bowler": "F Akankwasa",
              "non_striker": "Sulaimon Runsewe",
              "runs": {
                "batter": 6,
                "extras": 0,
                "total": 6
              }
            }
          ]
        },
        {
          "over": 8,
          "deliveries": [
            {
              "batter": "Sulaimon Runsewe",
              "bowler": "H Ssenyondo",
              "non_striker": "VD Adewoye",
              "runs": {
                "batter": 1,
                "extras": 0,
                "total": 1
              }
            },
            {
              "batter": "VD Adewoye",
              "bowler": "H Ssenyondo",
              "non_striker": "Sulaimon Runsewe",
              "runs": {
                "batter": 0,
                "extras": 0,
                "total": 0
              },
              "wickets": [
                {
                  "player_out": "VD Adewoye",
                  "kind": "bowled"
                }
              ]
            },
            {
              "batter": "Mohameed Taiwo",
              "bowler": "H Ssenyondo",
              "non_striker": "Sulaimon Runsewe",
              "runs": {
                "batter": 1,
                "extras": 0,
                "total": 1
              }
            },
            {
              "batter": "Sulaimon Runsewe",
              "bowler": "H Ssenyondo",
              "non_striker": "Mohameed Taiwo",
              "runs": {
                "batter": 0,
                "extras": 0,
                "total": 0
              }
            },
            {
              "batter": "Sulaimon Runsewe",
              "bowler": "H Ssenyondo",
              "non_striker": "Mohameed Taiwo",
              "runs": {
                "batter": 0,
                "extras": 0,
                "total": 0
              },
              "wickets": [
                {
                  "player_out": "Sulaimon Runsewe",
                  "kind": "lbw"
                }
              ]
            },
            {
              "batter": "P Aho",
              "bowler": "H Ssenyondo",
              "non_striker": "Mohameed Taiwo",
              "runs": {
                "batter": 0,
                "extras": 0,
                "total": 0
              }
            }
          ]
        },
        {
          "over": 9,
          "deliveries": [
            {
              "batter": "Mohameed Taiwo",
              "bowler": "F Akankwasa",
              "non_striker": "P Aho",
              "runs": {
                "batter": 0,
                "extras": 0,
                "total": 0
              }
            },
            {
              "batter": "Mohameed Taiwo",
              "bowler": "F Akankwasa",
              "non_striker": "P Aho",
              "runs": {
                "batter": 1,
                "extras": 0,
                "total": 1
              }
            },
            {
              "batter": "P Aho",
              "bowler": "F Akankwasa",
              "non_striker": "Mohameed Taiwo",
              "runs": {
                "batter": 2,
                "extras": 0,
                "total": 2
              }
            },
            {
              "batter": "P Aho",
              "bowler": "F Akankwasa",
              "non_striker": "Mohameed Taiwo",
              "runs": {
                "batter": 0,
                "extras": 0,
                "total": 0
              }
            },
            {
              "batter": "P Aho",
              "bowler": "F Akankwasa",
              "non_striker": "Mohameed Taiwo",
              "runs": {
                "batter": 1,
                "extras": 0,
                "total": 1
              }
            },
            {
              "batter": "Mohameed Taiwo",
              "bowler": "F Akankwasa",
              "non_striker": "P Aho",
              "runs": {
                "batter": 1,
                "extras": 0,
                "total": 1
              }
            }
          ]
        },
        {
          "over": 10,
          "deliveries": [
            {
              "batter": "Mohameed Taiwo",
              "bowler": "H Ssenyondo",
              "non_striker": "P Aho",
              "runs": {
                "batter": 0,
                "extras": 0,
                "total": 0
              }
            },
            {
              "batter": "Mohameed Taiwo",
              "bowler": "H Ssenyondo",
              "non_striker": "P Aho",
              "runs": {
                "batter": 0,
                "extras": 0,
                "total": 0
              }
            },
            {
              "batter": "Mohameed Taiwo",
              "bowler": "H Ssenyondo",
              "non_striker": "P Aho",
              "runs": {
                "batter": 0,
                "extras": 0,
                "total": 0
              }
            },
            {
              "batter": "Mohameed Taiwo",
              "bowler": "H Ssenyondo",
              "non_striker": "P Aho",
              "runs": {
                "batter": 1,
                "extras": 0,
                "total": 1
              }
            },
            {
              "batter": "P Aho",
              "bowler": "H Ssenyondo",
              "non_striker": "Mohameed Taiwo",
              "runs": {
                "batter": 0,
                "extras": 0,
                "total": 0
              }
            },
            {
              "batter": "P Aho",
              "bowler": "H Ssenyondo",
              "non_striker": "Mohameed Taiwo",
              "runs": {
                "batter": 1,
                "extras": 0,
                "total": 1
              }
            }
          ]
        },
        {
          "over": 11,
          "deliveries": [
            {
              "batter": "P Aho",
              "bowler": "F Akankwasa",
              "non_striker": "Mohameed Taiwo",
              "runs": {
                "batter": 0,
                "extras": 0,
                "total": 0
              }
            },
            {
              "batter": "P Aho",
              "bowler": "F Akankwasa",
              "non_striker": "Mohameed Taiwo",
              "runs": {
                "batter": 1,
                "extras": 0,
                "total": 1
              }
            },
            {
              "batter": "Mohameed Taiwo",
              "bowler": "F Akankwasa",
              "non_striker": "P Aho",
              "runs": {
                "batter": 1,
                "extras": 0,
                "total": 1
              }
            },
            {
              "batter": "P Aho",
              "bowler": "F Akankwasa",
              "non_striker": "Mohameed Taiwo",
              "runs": {
                "batter": 0,
                "extras": 0,
                "total": 0
              }
            },
            {
              "batter": "P Aho",
              "bowler": "F Akankwasa",
              "non_striker": "Mohameed Taiwo",
              "runs": {
                "batter": 1,
                "extras": 0,
                "total": 1
              }
            },
            {
              "batter": "Mohameed Taiwo",
              "bowler": "F Akankwasa",
              "non_striker": "P Aho",
              "runs": {
                "batter": 0,
                "extras": 0,
                "total": 0
              }
            }
          ]
        },
        {
          "over": 12,
          "deliveries": [
            {
              "batter": "P Aho",
              "bowler": "D Muhumuza",
              "non_striker": "Mohameed Taiwo",
              "runs": {
                "batter": 0,
                "extras": 0,
                "total": 0
              }
            },
            {
              "batter": "P Aho",
              "bowler": "D Muhumuza",
              "non_striker": "Mohameed Taiwo",
              "runs": {
                "batter": 1,
                "extras": 0,
                "total": 1
              }
            },
            {
              "batter": "Mohameed Taiwo",
              "bowler": "D Muhumuza",
              "non_striker": "P Aho",
              "runs": {
                "batter": 1,
                "extras": 0,
                "total": 1
              }
            },
            {
              "batter": "P Aho",
              "bowler": "D Muhumuza",
              "non_striker": "Mohameed Taiwo",
              "runs": {
                "batter": 1,
                "extras": 0,
                "total": 1
              }
            },
            {
              "batter": "Mohameed Taiwo",
              "bowler": "D Muhumuza",
              "non_striker": "P Aho",
              "runs": {
                "batter": 0,
                "extras": 0,
                "total": 0
              },
              "wickets": [
                {
                  "player_out": "Mohameed Taiwo",
                  "kind": "bowled"
                }
              ]
            },
            {
              "batter": "Mustapha Yusuf",
              "bowler": "D Muhumuza",
              "non_striker": "P Aho",
              "runs": {
                "batter": 0,
                "extras": 0,
                "total": 0
              }
            }
          ]
        },
        {
          "over": 13,
          "deliveries": [
            {
              "batter": "P Aho",
              "bowler": "F Akankwasa",
              "non_striker": "Mustapha Yusuf",
              "runs": {
                "batter": 0,
                "extras": 0,
                "total": 0
              }
            },
            {
              "batter": "P Aho",
              "bowler": "F Akankwasa",
              "non_striker": "Mustapha Yusuf",
              "runs": {
                "batter": 6,
                "extras": 0,
                "total": 6
              }
            },
            {
              "batter": "P Aho",
              "bowler": "F Akankwasa",
              "non_striker": "Mustapha Yusuf",
              "runs": {
                "batter": 0,
                "extras": 0,
                "total": 0
              }
            },
            {
              "batter": "P Aho",
              "bowler": "F Akankwasa",
              "non_striker": "Mustapha Yusuf",
              "runs": {
                "batter": 1,
                "extras": 0,
                "total": 1
              }
            },
            {
              "batter": "Mustapha Yusuf",
              "bowler": "F Akankwasa",
              "non_striker": "P Aho",
              "runs": {
                "batter": 0,
                "extras": 0,
                "total": 0
              }
            },
            {
              "batter": "Mustapha Yusuf",
              "bowler": "F Akankwasa",
              "non_striker": "P Aho",
              "runs": {
                "batter": 0,
                "extras": 0,
                "total": 0
              },
              "wickets": [
                {
                  "player_out": "Mustapha Yusuf",
                  "kind": "lbw"
                }
              ]
            }
          ]
        },
        {
          "over": 14,
          "deliveries": [
            {
              "batter": "P Aho",
              "bowler": "D Muhumuza",
              "non_striker": "P Useni",
              "runs": {
                "batter": 1,
                "extras": 0,
                "total": 1
              }
            },
            {
              "batter": "P Useni",
              "bowler": "D Muhumuza",
              "non_striker": "P Aho",
              "runs": {
                "batter": 0,
                "extras": 0,
                "total": 0
              }
            },
            {
              "batter": "P Useni",
              "bowler": "D Muhumuza",
              "non_striker": "P Aho",
              "runs": {
                "batter": 0,
                "extras": 0,
                "total": 0
              }
            },
            {
              "batter": "P Useni",
              "bowler": "D Muhumuza",
              "non_striker": "P Aho",
              "runs": {
                "batter": 0,
                "extras": 0,
                "total": 0
              }
            },
            {
              "batter": "P Useni",
              "bowler": "D Muhumuza",
              "non_striker": "P Aho",
              "runs": {
                "batter": 1,
                "extras": 0,
                "total": 1
              }
            },
            {
              "batter": "P Aho",
              "bowler": "D Muhumuza",
              "non_striker": "P Useni",
              "runs": {
                "batter": 2,
                "extras": 0,
                "total": 2
              }
            }
          ]
        },
        {
          "over": 15,
          "deliveries": [
            {
              "batter": "P Useni",
              "bowler": "DM Nakrani",
              "non_striker": "P Aho",
              "runs": {
                "batter": 0,
                "extras": 0,
                "total": 0
              }
            },
            {
              "batter": "P Useni",
              "bowler": "DM Nakrani",
              "non_striker": "P Aho",
              "runs": {
                "batter": 0,
                "extras": 0,
                "total": 0
              }
            },
            {
              "batter": "P Useni",
              "bowler": "DM Nakrani",
              "non_striker": "P Aho",
              "runs": {
                "batter": 1,
                "extras": 0,
                "total": 1
              }
            },
            {
              "batter": "P Aho",
              "bowler": "DM Nakrani",
              "non_striker": "P Useni",
              "runs": {
                "batter": 0,
                "extras": 0,
                "total": 0
              }
            },
            {
              "batter": "P Aho",
              "bowler": "DM Nakrani",
              "non_striker": "P Useni",
              "runs": {
                "batter": 1,
                "extras": 0,
                "total": 1
              }
            },
            {
              "batter": "P Useni",
              "bowler": "DM Nakrani",
              "non_striker": "P Aho",
              "runs": {
                "batter": 1,
                "extras": 0,
                "total": 1
              }
            }
          ]
        },
        {
          "over": 16,
          "deliveries": [
            {
              "batter": "P Useni",
              "bowler": "D Muhumuza",
              "non_striker": "P Aho",
              "runs": {
                "batter": 1,
                "extras": 0,
                "total": 1
              }
            },
            {
              "batter": "P Aho",
              "bowler": "D Muhumuza",
              "non_striker": "P Useni",
              "runs": {
                "batter": 2,
                "extras": 0,
                "total": 2
              }
            },
            {
              "batter": "P Aho",
              "bowler": "D Muhumuza",
              "non_striker": "P Useni",
              "runs": {
                "batter": 4,
                "extras": 0,
                "total": 4
              }
            },
            {
              "batter": "P Aho",
              "bowler": "D Muhumuza",
              "non_striker": "P Useni",
              "runs": {
                "batter": 0,
                "extras": 0,
                "total": 0
              }
            },
            {
              "batter": "P Aho",
              "bowler": "D Muhumuza",
              "non_striker": "P Useni",
              "runs": {
                "batter": 1,
                "extras": 0,
                "total": 1
              }
            },
            {
              "batter": "P Useni",
              "bowler": "D Muhumuza",
              "non_striker": "P Aho",
              "runs": {
                "batter": 0,
                "extras": 0,
                "total": 0
              }
            }
          ]
        },
        {
          "over": 17,
          "deliveries": [
            {
              "batter": "P Aho",
              "bowler": "Riazat Ali Shah",
              "non_striker": "P Useni",
              "runs": {
                "batter": 0,
                "extras": 0,
                "total": 0
              }
            },
            {
              "batter": "P Aho",
              "bowler": "Riazat Ali Shah",
              "non_striker": "P Useni",
              "runs": {
                "batter": 1,
                "extras": 0,
                "total": 1
              }
            },
            {
              "batter": "P Useni",
              "bowler": "Riazat Ali Shah",
              "non_striker": "P Aho",
              "runs": {
                "batter": 1,
                "extras": 0,
                "total": 1
              }
            },
            {
              "batter": "P Aho",
              "bowler": "Riazat Ali Shah",
              "non_striker": "P Useni",
              "runs": {
                "batter": 2,
                "extras": 0,
                "total": 2
              }
            },
            {
              "batter": "P Aho",
              "bowler": "Riazat Ali Shah",
              "extras": {
                "wides": 1
              },
              "non_striker": "P Useni",
              "runs": {
                "batter": 0,
                "extras": 1,
                "total": 1
              }
            },
            {
              "batter": "P Aho",
              "bowler": "Riazat Ali Shah",
              "non_striker": "P Useni",
              "runs": {
                "batter": 1,
                "extras": 0,
                "total": 1
              }
            },
            {
              "batter": "P Useni",
              "bowler": "Riazat Ali Shah",
              "non_striker": "P Aho",
              "runs": {
                "batter": 0,
                "extras": 0,
                "total": 0
              }
            }
          ]
        },
        {
          "over": 18,
          "deliveries": [
            {
              "batter": "P Aho",
              "bowler": "DM Nakrani",
              "extras": {
                "noballs": 1
              },
              "non_striker": "P Useni",
              "runs": {
                "batter": 0,
                "extras": 1,
                "total": 1
              }
            },
            {
              "batter": "P Aho",
              "bowler": "DM Nakrani",
              "non_striker": "P Useni",
              "runs": {
                "batter": 1,
                "extras": 0,
                "total": 1
              }
            },
            {
              "batter": "P Useni",
              "bowler": "DM Nakrani",
              "non_striker": "P Aho",
              "runs": {
                "batter": 0,
                "extras": 0,
                "total": 0
              }
            },
            {
              "batter": "P Useni",
              "bowler": "DM Nakrani",
              "non_striker": "P Aho",
              "runs": {
                "batter": 1,
                "extras": 0,
                "total": 1
              }
            },
            {
              "batter": "P Aho",
              "bowler": "DM Nakrani",
              "non_striker": "P Useni",
              "runs": {
                "batter": 3,
                "extras": 0,
                "total": 3
              }
            },
            {
              "batter": "P Useni",
              "bowler": "DM Nakrani",
              "non_striker": "P Aho",
              "runs": {
                "batter": 1,
                "extras": 0,
                "total": 1
              }
            },
            {
              "batter": "P Aho",
              "bowler": "DM Nakrani",
              "non_striker": "P Useni",
              "runs": {
                "batter": 1,
                "extras": 0,
                "total": 1
              }
            }
          ]
        },
        {
          "over": 19,
          "deliveries": [
            {
              "batter": "P Aho",
              "bowler": "Riazat Ali Shah",
              "non_striker": "P Useni",
              "runs": {
                "batter": 4,
                "extras": 0,
                "total": 4
              }
            },
            {
              "batter": "P Aho",
              "bowler": "Riazat Ali Shah",
              "non_striker": "P Useni",
              "runs": {
                "batter": 4,
                "extras": 0,
                "total": 4
              }
            },
            {
              "batter": "P Aho",
              "bowler": "Riazat Ali Shah",
              "non_striker": "P Useni",
              "runs": {
                "batter": 0,
                "extras": 0,
                "total": 0
              }
            },
            {
              "batter": "P Aho",
              "bowler": "Riazat Ali Shah",
              "non_striker": "P Useni",
              "runs": {
                "batter": 0,
                "extras": 0,
                "total": 0
              }
            },
            {
              "batter": "P Aho",
              "bowler": "Riazat Ali Shah",
              "non_striker": "P Useni",
              "runs": {
                "batter": 1,
                "extras": 0,
                "total": 1
              }
            },
            {
              "batter": "P Useni",
              "bowler": "Riazat Ali Shah",
              "non_striker": "P Aho",
              "runs": {
                "batter": 0,
                "extras": 0,
                "total": 0
              }
            }
          ]
        }
      ],
      "powerplays": [
        {
          "from": 0.1,
          "to": 5.6,
          "type": "mandatory"
        }
      ]
    },
    {
      "team": "Uganda",
      "overs": [
        {
          "over": 0,
          "deliveries": [
            {
              "batter": "Saud Islam",
              "bowler": "Mustapha Yusuf",
              "non_striker": "S Sesazi",
              "runs": {
                "batter": 0,
                "extras": 0,
                "total": 0
              }
            },
            {
              "batter": "Saud Islam",
              "bowler": "Mustapha Yusuf",
              "non_striker": "S Sesazi",
              "runs": {
                "batter": 0,
                "extras": 0,
                "total": 0
              }
            },
            {
              "batter": "Saud Islam",
              "bowler": "Mustapha Yusuf",
              "non_striker": "S Sesazi",
              "runs": {
                "batter": 0,
                "extras": 0,
                "total": 0
              }
            },
            {
              "batter": "Saud Islam",
              "bowler": "Mustapha Yusuf",
              "non_striker": "S Sesazi",
              "runs": {
                "batter": 1,
                "extras": 0,
                "total": 1
              }
            },
            {
              "batter": "S Sesazi",
              "bowler": "Mustapha Yusuf",
              "non_striker": "Saud Islam",
              "runs": {
                "batter": 1,
                "extras": 0,
                "total": 1
              }
            },
            {
              "batter": "Saud Islam",
              "bowler": "Mustapha Yusuf",
              "non_striker": "S Sesazi",
              "runs": {
                "batter": 0,
                "extras": 0,
                "total": 0
              }
            }
          ]
        },
        {
          "over": 1,
          "deliveries": [
            {
              "batter": "S Sesazi",
              "bowler": "Mohameed Taiwo",
              "non_striker": "Saud Islam",
              "runs": {
                "batter": 0,
                "extras": 0,
                "total": 0
              }
            },
            {
              "batter": "S Sesazi",
              "bowler": "Mohameed Taiwo",
              "non_striker": "Saud Islam",
              "runs": {
                "batter": 0,
                "extras": 0,
                "total": 0
              }
            },
            {
              "batter": "S Sesazi",
              "bowler": "Mohameed Taiwo",
              "non_striker": "Saud Islam",
              "runs": {
                "batter": 1,
                "extras": 0,
                "total": 1
              }
            },
            {
              "batter": "Saud Islam",
              "bowler": "Mohameed Taiwo",
              "extras": {
                "wides": 1
              },
              "non_striker": "S Sesazi",
              "runs": {
                "batter": 0,
                "extras": 1,
                "total": 1
              }
            },
            {
              "batter": "Saud Islam",
              "bowler": "Mohameed Taiwo",
              "non_striker": "S Sesazi",
              "runs": {
                "batter": 0,
                "extras": 0,
                "total": 0
              }
            },
            {
              "batter": "Saud Islam",
              "bowler": "Mohameed Taiwo",
              "non_striker": "S Sesazi",
              "runs": {
                "batter": 1,
                "extras": 0,
                "total": 1
              }
            },
            {
              "batter": "S Sesazi",
              "bowler": "Mohameed Taiwo",
              "non_striker": "Saud Islam",
              "runs": {
                "batter": 0,
                "extras": 0,
                "total": 0
              }
            }
          ]
        },
        {
          "over": 2,
          "deliveries": [
            {
              "batter": "Saud Islam",
              "bowler": "Mustapha Yusuf",
              "non_striker": "S Sesazi",
              "runs": {
                "batter": 6,
                "extras": 0,
                "total": 6
              }
            },
            {
              "batter": "Saud Islam",
              "bowler": "Mustapha Yusuf",
              "non_striker": "S Sesazi",
              "runs": {
                "batter": 0,
                "extras": 0,
                "total": 0
              }
            },
            {
              "batter": "Saud Islam",
              "bowler": "Mustapha Yusuf",
              "non_striker": "S Sesazi",
              "runs": {
                "batter": 1,
                "extras": 0,
                "total": 1
              }
            },
            {
              "batter": "S Sesazi",
              "bowler": "Mustapha Yusuf",
              "non_striker": "Saud Islam",
              "runs": {
                "batter": 0,
                "extras": 0,
                "total": 0
              }
            },
            {
              "batter": "S Sesazi",
              "bowler": "Mustapha Yusuf",
              "non_striker": "Saud Islam",
              "runs": {
                "batter": 4,
                "extras": 0,
                "total": 4
              }
            },
            {
              "batter": "S Sesazi",
              "bowler": "Mustapha Yusuf",
              "non_striker": "Saud Islam",
              "runs": {
                "batter": 0,
                "extras": 0,
                "total": 0
              }
            }
          ]
        },
        {
          "over": 3,
          "deliveries": [
            {
              "batter": "Saud Islam",
              "bowler": "Mohameed Taiwo",
              "non_striker": "S Sesazi",
              "runs": {
                "batter": 1,
                "extras": 0,
                "total": 1
              }
            },
            {
              "batter": "S Sesazi",
              "bowler": "Mohameed Taiwo",
              "non_striker": "Saud Islam",
              "runs": {
                "batter": 0,
                "extras": 0,
                "total": 0
              }
            },
            {
              "batter": "S Sesazi",
              "bowler": "Mohameed Taiwo",
              "non_striker": "Saud Islam",
              "runs": {
                "batter": 0,
                "extras": 0,
                "total": 0
              }
            },
            {
              "batter": "S Sesazi",
              "bowler": "Mohameed Taiwo",
              "non_striker": "Saud Islam",
              "runs": {
                "batter": 0,
                "extras": 0,
                "total": 0
              }
            },
            {
              "batter": "S Sesazi",
              "bowler": "Mohameed Taiwo",
              "non_striker": "Saud Islam",
              "runs": {
                "batter": 4,
                "extras": 0,
                "total": 4
              }
            },
            {
              "batter": "S Sesazi",
              "bowler": "Mohameed Taiwo",
              "non_striker": "Saud Islam",
              "runs": {
                "batter": 2,
                "extras": 0,
                "total": 2
              }
            }
          ]
        },
        {
          "over": 4,
          "deliveries": [
            {
              "batter": "Saud Islam",
              "bowler": "P Useni",
              "non_striker": "S Sesazi",
              "runs": {
                "batter": 1,
                "extras": 0,
                "total": 1
              }
            },
            {
              "batter": "S Sesazi",
              "bowler": "P Useni",
              "extras": {
                "wides": 1
              },
              "non_striker": "Saud Islam",
              "runs": {
                "batter": 0,
                "extras": 1,
                "total": 1
              }
            },
            {
              "batter": "S Sesazi",
              "bowler": "P Useni",
              "non_striker": "Saud Islam",
              "runs": {
                "batter": 0,
                "extras": 0,
                "total": 0
              }
            },
            {
              "batter": "S Sesazi",
              "bowler": "P Useni",
              "non_striker": "Saud Islam",
              "runs": {
                "batter": 4,
                "extras": 0,
                "total": 4
              }
            },
            {
              "batter": "S Sesazi",
              "bowler": "P Useni",
              "non_striker": "Saud Islam",
              "runs": {
                "batter": 0,
                "extras": 0,
                "total": 0
              }
            },
            {
              "batter": "S Sesazi",
              "bowler": "P Useni",
              "non_striker": "Saud Islam",
              "runs": {
                "batter": 0,
                "extras": 0,
                "total": 0
              }
            },
            {
              "batter": "S Sesazi",
              "bowler": "P Useni",
              "non_striker": "Saud Islam",
              "runs": {
                "batter": 0,
                "extras": 0,
                "total": 0
              }
            }
          ]
        },
        {
          "over": 5,
          "deliveries": [
            {
              "batter": "Saud Islam",
              "bowler": "P Aho",
              "non_striker": "S Sesazi",
              "runs": {
                "batter": 1,
                "extras": 0,
                "total": 1
              }
            },
            {
              "batter": "S Sesazi",
              "bowler": "P Aho",
              "non_striker": "Saud Islam",
              "runs": {
                "batter": 0,
                "extras": 0,
                "total": 0
              }
            },
            {
              "batter": "S Sesazi",
              "bowler": "P Aho",
              "non_striker": "Saud Islam",
              "runs": {
                "batter": 0,
                "extras": 0,
                "total": 0
              }
            },
            {
              "batter": "S Sesazi",
              "bowler": "P Aho",
              "non_striker": "Saud Islam",
              "runs": {
                "batter": 0,
                "extras": 0,
                "total": 0
              }
            },
            {
              "batter": "S Sesazi",
              "bowler": "P Aho",
              "non_striker": "Saud Islam",
              "runs": {
                "batter": 0,
                "extras": 0,
                "total": 0
              }
            },
            {
              "batter": "S Sesazi",
              "bowler": "P Aho",
              "non_striker": "Saud Islam",
              "runs": {
                "batter": 0,
                "extras": 0,
                "total": 0
              }
            }
          ]
        },
        {
          "over": 6,
          "deliveries": [
            {
              "batter": "Saud Islam",
              "bowler": "O Isesele",
              "non_striker": "S Sesazi",
              "runs": {
                "batter": 1,
                "extras": 0,
                "total": 1
              }
            },
            {
              "batter": "S Sesazi",
              "bowler": "O Isesele",
              "non_striker": "Saud Islam",
              "runs": {
                "batter": 0,
                "extras": 0,
                "total": 0
              }
            },
            {
              "batter": "S Sesazi",
              "bowler": "O Isesele",
              "non_striker": "Saud Islam",
              "runs": {
                "batter": 0,
                "extras": 0,
                "total": 0
              }
            },
            {
              "batter": "S Sesazi",
              "bowler": "O Isesele",
              "non_striker": "Saud Islam",
              "runs": {
                "batter": 1,
                "extras": 0,
                "total": 1
              }
            },
            {
              "batter": "Saud Islam",
              "bowler": "O Isesele",
              "non_striker": "S Sesazi",
              "runs": {
                "batter": 6,
                "extras": 0,
                "total": 6
              }
            },
            {
              "batter": "Saud Islam",
              "bowler": "O Isesele",
              "non_striker": "S Sesazi",
              "runs": {
                "batter": 0,
                "extras": 0,
                "total": 0
              }
            }
          ]
        },
        {
          "over": 7,
          "deliveries": [
            {
              "batter": "S Sesazi",
              "bowler": "P Aho",
              "non_striker": "Saud Islam",
              "runs": {
                "batter": 4,
                "extras": 0,
                "total": 4
              }
            },
            {
              "batter": "S Sesazi",
              "bowler": "P Aho",
              "extras": {
                "legbyes": 1
              },
              "non_striker": "Saud Islam",
              "runs": {
                "batter": 0,
                "extras": 1,
                "total": 1
              }
            },
            {
              "batter": "Saud Islam",
              "bowler": "P Aho",
              "non_striker": "S Sesazi",
              "runs": {
                "batter": 1,
                "extras": 0,
                "total": 1
              }
            },
            {
              "batter": "S Sesazi",
              "bowler": "P Aho",
              "non_striker": "Saud Islam",
              "runs": {
                "batter": 1,
                "extras": 0,
                "total": 1
              }
            },
            {
              "batter": "Saud Islam",
              "bowler": "P Aho",
              "non_striker": "S Sesazi",
              "runs": {
                "batter": 0,
                "extras": 0,
                "total": 0
              }
            },
            {
              "batter": "Saud Islam",
              "bowler": "P Aho",
              "non_striker": "S Sesazi",
              "runs": {
                "batter": 0,
                "extras": 0,
                "total": 0
              }
            }
          ]
        },
        {
          "over": 8,
          "deliveries": [
            {
              "batter": "S Sesazi",
              "bowler": "O Isesele",
              "non_striker": "Saud Islam",
              "runs": {
                "batter": 1,
                "extras": 0,
                "total": 1
              }
            },
            {
              "batter": "Saud Islam",
              "bowler": "O Isesele",
              "non_striker": "S Sesazi",
              "runs": {
                "batter": 1,
                "extras": 0,
                "total": 1
              }
            },
            {
              "batter": "S Sesazi",
              "bowler": "O Isesele",
              "non_striker": "Saud Islam",
              "runs": {
                "batter": 6,
                "extras": 0,
                "total": 6
              }
            },
            {
              "batter": "S Sesazi",
              "bowler": "O Isesele",
              "non_striker": "Saud Islam",
              "runs": {
                "batter": 1,
                "extras": 0,
                "total": 1
              }
            },
            {
              "batter": "Saud Islam",
              "bowler": "O Isesele",
              "non_striker": "S Sesazi",
              "runs": {
                "batter": 0,
                "extras": 0,
                "total": 0
              }
            },
            {
              "batter": "Saud Islam",
              "bowler": "O Isesele",
              "non_striker": "S Sesazi",
              "runs": {
                "batter": 1,
                "extras": 0,
                "total": 1
              }
            }
          ]
        },
        {
          "over": 9,
          "deliveries": [
            {
              "batter": "Saud Islam",
              "bowler": "P Useni",
              "non_striker": "S Sesazi",
              "runs": {
                "batter": 0,
                "extras": 0,
                "total": 0
              }
            },
            {
              "batter": "Saud Islam",
              "bowler": "P Useni",
              "non_striker": "S Sesazi",
              "runs": {
                "batter": 0,
                "extras": 0,
                "total": 0
              }
            },
            {
              "batter": "Saud Islam",
              "bowler": "P Useni",
              "non_striker": "S Sesazi",
              "runs": {
                "batter": 0,
                "extras": 0,
                "total": 0
              }
            },
            {
              "batter": "Saud Islam",
              "bowler": "P Useni",
              "non_striker": "S Sesazi",
              "runs": {
                "batter": 0,
                "extras": 0,
                "total": 0
              }
            },
            {
              "batter": "Saud Islam",
              "bowler": "P Useni",
              "non_striker": "S Sesazi",
              "runs": {
                "batter": 1,
                "extras": 0,
                "total": 1
              }
            },
            {
              "batter": "S Sesazi",
              "bowler": "P Useni",
              "non_striker": "Saud Islam",
              "runs": {
                "batter": 0,
                "extras": 0,
                "total": 0
              }
            }
          ]
        },
        {
          "over": 10,
          "deliveries": [
            {
              "batter": "Saud Islam",
              "bowler": "JO Adedeji",
              "non_striker": "S Sesazi",
              "runs": {
                "batter": 0,
                "extras": 0,
                "total": 0
              }
            },
            {
              "batter": "Saud Islam",
              "bowler": "JO Adedeji",
              "non_striker": "S Sesazi",
              "runs": {
                "batter": 1,
                "extras": 0,
                "total": 1
              }
            },
            {
              "batter": "S Sesazi",
              "bowler": "JO Adedeji",
              "non_striker": "Saud Islam",
              "runs": {
                "batter": 0,
                "extras": 0,
                "total": 0
              }
            },
            {
              "batter": "S Sesazi",
              "bowler": "JO Adedeji",
              "non_striker": "Saud Islam",
              "runs": {
                "batter": 1,
                "extras": 0,
                "total": 1
              }
            },
            {
              "batter": "Saud Islam",
              "bowler": "JO Adedeji",
              "non_striker": "S Sesazi",
              "runs": {
                "batter": 1,
                "extras": 0,
                "total": 1
              }
            },
            {
              "batter": "S Sesazi",
              "bowler": "JO Adedeji",
              "non_striker": "Saud Islam",
              "runs": {
                "batter": 0,
                "extras": 0,
                "total": 0
              }
            }
          ]
        },
        {
          "over": 11,
          "deliveries": [
            {
              "batter": "Saud Islam",
              "bowler": "O Isesele",
              "non_striker": "S Sesazi",
              "runs": {
                "batter": 1,
                "extras": 0,
                "total": 1
              }
            },
            {
              "batter": "S Sesazi",
              "bowler": "O Isesele",
              "non_striker": "Saud Islam",
              "runs": {
                "batter": 1,
                "extras": 0,
                "total": 1
              }
            },
            {
              "batter": "Saud Islam",
              "bowler": "O Isesele",
              "non_striker": "S Sesazi",
              "runs": {
                "batter": 4,
                "extras": 0,
                "total": 4
              }
            },
            {
              "batter": "Saud Islam",
              "bowler": "O Isesele",
              "non_striker": "S Sesazi",
              "runs": {
                "batter": 1,
                "extras": 0,
                "total": 1
              }
            },
            {
              "batter": "S Sesazi",
              "bowler": "O Isesele",
              "non_striker": "Saud Islam",
              "runs": {
                "batter": 1,
                "extras": 0,
                "total": 1
              }
            },
            {
              "batter": "Saud Islam",
              "bowler": "O Isesele",
              "non_striker": "S Sesazi",
              "runs": {
                "batter": 1,
                "extras": 0,
                "total": 1
              }
            }
          ]
        },
        {
          "over": 12,
          "deliveries": [
            {
              "batter": "Saud Islam",
              "bowler": "JO Adedeji",
              "non_striker": "S Sesazi",
              "runs": {
                "batter": 1,
                "extras": 0,
                "total": 1
              }
            },
            {
              "batter": "S Sesazi",
              "bowler": "JO Adedeji",
              "non_striker": "Saud Islam",
              "runs": {
                "batter": 0,
                "extras": 0,
                "total": 0
              }
            },
            {
              "batter": "S Sesazi",
              "bowler": "JO Adedeji",
              "non_striker": "Saud Islam",
              "runs": {
                "batter": 2,
                "extras": 0,
                "total": 2
              }
            },
            {
              "batter": "S Sesazi",
              "bowler": "JO Adedeji",
              "non_striker": "Saud Islam",
              "runs": {
                "batter": 6,
                "extras": 0,
                "total": 6
              }
            },
            {
              "batter": "S Sesazi",
              "bowler": "JO Adedeji",
              "non_striker": "Saud Islam",
              "runs": {
                "batter": 2,
                "extras": 0,
                "total": 2
              }
            },
            {
              "batter": "S Sesazi",
              "bowler": "JO Adedeji",
              "non_striker": "Saud Islam",
              "runs": {
                "batter": 0,
                "extras": 0,
                "total": 0
              }
            }
          ]
        },
        {
          "over": 13,
          "deliveries": [
            {
              "batter": "Saud Islam",
              "bowler": "Mohameed Taiwo",
              "non_striker": "S Sesazi",
              "runs": {
                "batter": 1,
                "extras": 0,
                "total": 1
              }
            },
            {
              "batter": "S Sesazi",
              "bowler": "Mohameed Taiwo",
              "non_striker": "Saud Islam",
              "runs": {
                "batter": 2,
                "extras": 0,
                "total": 2
              }
            },
            {
              "batter": "S Sesazi",
              "bowler": "Mohameed Taiwo",
              "non_striker": "Saud Islam",
              "runs": {
                "batter": 6,
                "extras": 0,
                "total": 6
              }
            },
            {
              "batter": "S Sesazi",
              "bowler": "Mohameed Taiwo",
              "non_striker": "Saud Islam",
              "runs": {
                "batter": 2,
                "extras": 0,
                "total": 2
              }
            },
            {
              "batter": "S Sesazi",
              "bowler": "Mohameed Taiwo",
              "non_striker": "Saud Islam",
              "runs": {
                "batter": 0,
                "extras": 0,
                "total": 0
              }
            },
            {
              "batter": "S Sesazi",
              "bowler": "Mohameed Taiwo",
              "non_striker": "Saud Islam",
              "runs": {
                "batter": 4,
                "extras": 0,
                "total": 4
              }
            }
          ]
        },
        {
          "over": 14,
          "deliveries": [
            {
              "batter": "Saud Islam",
              "bowler": "Mustapha Yusuf",
              "non_striker": "S Sesazi",
              "runs": {
                "batter": 4,
                "extras": 0,
                "total": 4
              }
            },
            {
              "batter": "Saud Islam",
              "bowler": "Mustapha Yusuf",
              "non_striker": "S Sesazi",
              "runs": {
                "batter": 0,
                "extras": 0,
                "total": 0
              }
            },
            {
              "batter": "Saud Islam",
              "bowler": "Mustapha Yusuf",
              "non_striker": "S Sesazi",
              "runs": {
                "batter": 1,
                "extras": 0,
                "total": 1
              }
            },
            {
              "batter": "S Sesazi",
              "bowler": "Mustapha Yusuf",
              "non_striker": "Saud Islam",
              "runs": {
                "batter": 0,
                "extras": 0,
                "total": 0
              }
            },
            {
              "batter": "S Sesazi",
              "bowler": "Mustapha Yusuf",
              "non_striker": "Saud Islam",
              "runs": {
                "batter": 0,
                "extras": 0,
                "total": 0
              }
            },
            {
              "batter": "S Sesazi",
              "bowler": "Mustapha Yusuf",
              "non_striker": "Saud Islam",
              "runs": {
                "batter": 4,
                "extras": 0,
                "total": 4
              }
            }
          ]
        },
        {
          "over": 15,
          "deliveries": [
            {
              "batter": "Saud Islam",
              "bowler": "P Aho",
              "non_striker": "S Sesazi",
              "runs": {
                "batter": 0,
                "extras": 0,
                "total": 0
              },
              "wickets": [
                {
                  "player_out": "Saud Islam",
                  "fielders": [
                    {
                      "name": "AJ Ayannaike"
                    }
                  ],
                  "kind": "caught"
                }
              ]
            },
            {
              "batter": "S Sesazi",
              "bowler": "P Aho",
              "non_striker": "Riazat Ali Shah",
              "runs": {
                "batter": 1,
                "extras": 0,
                "total": 1
              }
            },
            {
              "batter": "Riazat Ali Shah",
              "bowler": "P Aho",
              "non_striker": "S Sesazi",
              "runs": {
                "batter": 4,
                "extras": 0,
                "total": 4
              }
            },
            {
              "batter": "Riazat Ali Shah",
              "bowler": "P Aho",
              "non_striker": "S Sesazi",
              "runs": {
                "batter": 2,
                "extras": 0,
                "total": 2
              }
            },
            {
              "batter": "Riazat Ali Shah",
              "bowler": "P Aho",
              "non_striker": "S Sesazi",
              "runs": {
                "batter": 4,
                "extras": 0,
                "total": 4
              }
            },
            {
              "batter": "Riazat Ali Shah",
              "bowler": "P Aho",
              "non_striker": "S Sesazi",
              "runs": {
                "batter": 4,
                "extras": 0,
                "total": 4
              }
            }
          ]
        },
        {
          "over": 16,
          "deliveries": [
            {
              "batter": "S Sesazi",
              "bowler": "P Useni",
              "non_striker": "Riazat Ali Shah",
              "runs": {
                "batter": 0,
                "extras": 0,
                "total": 0
              },
              "wickets": [
                {
                  "player_out": "S Sesazi",
                  "kind": "bowled"
                }
              ]
            },
            {
              "batter": "DM Nakrani",
              "bowler": "P Useni",
              "non_striker": "Riazat Ali Shah",
              "runs": {
                "batter": 1,
                "extras": 0,
                "total": 1
              }
            },
            {
              "batter": "Riazat Ali Shah",
              "bowler": "P Useni",
              "non_striker": "DM Nakrani",
              "runs": {
                "batter": 1,
                "extras": 0,
                "total": 1
              }
            },
            {
              "batter": "DM Nakrani",
              "bowler": "P Useni",
              "non_striker": "Riazat Ali Shah",
              "runs": {
                "batter": 0,
                "extras": 0,
                "total": 0
              }
            },
            {
              "batter": "DM Nakrani",
              "bowler": "P Useni",
              "non_striker": "Riazat Ali Shah",
              "runs": {
                "batter": 0,
                "extras": 0,
                "total": 0
              }
            },
            {
              "batter": "DM Nakrani",
              "bowler": "P Useni",
              "non_striker": "Riazat Ali Shah",
              "runs": {
                "batter": 4,
                "extras": 0,
                "total": 4
              }
            }
          ]
        }
      ],
      "powerplays": [
        {
          "from": 0.1,
          "to": 5.6,
          "type": "mandatory"
        }
      ],
      "target": {
        "overs": 20,
        "runs": 124
      }
    }
  ]
}