{
  "meta": {
    "data_version": "1.1.0",
    "created": "2021-09-10",
    "revision": 1
  },
  "info": {
    "balls_per_over": 6,
    "city": "Entebbe",
    "dates": [
      "2021-09-10"
    ],
    "event": {
      "name": "Uganda T20 Tri-Series",
      "match_number": 2
    },
    "gender": "male",
    "match_type": "T20",
    "match_type_number": 1264,
    "missing": [
      "umpires",
      "player_of_match"
    ],
    "outcome": {
      "winner": "Kenya",
      "by": {
        "runs": 22
      }
    },
    "overs": 20,
    "players": {
      "Kenya": [
        "Gurdeep Singh",
        "AA Obanda",
        "IA Karim",
        "RN Patel",
        "NM Odhiambo",
        "SO Ngoche",
        "E Otieno",
        "Zahid Abbas",
        "NN Odhiambo",
        "EB Ringera",
        "P Koech"
      ],
      "Uganda": [
        "A Otwani",
        "Saud Islam",
        "RB Patel",
        "D Muhumuza",
        "Riazat Ali Shah",
        "DM Nakrani",
        "F Akankwasa",
        "F Achelam",
        "B Masaba",
        "Bilal Hassun",
        "H Ssenyondo"
      ]
    },
    "registry": {
      "people": {
        "A Otwani": "6727fb4d",
        "AA Obanda": "7081491e",
        "B Masaba": "f33cfd25",
        "Bilal Hassun": "1a9e9efe",
        "D Muhumuza": "7636b587",
        "DM Nakrani": "46a7ac78",
        "E Otieno": "c57fa67e",
        "EB Ringera": "6cedad99",
        "F Achelam": "b6b3ee6e",
        "F Akankwasa": "0d0f0385",
        "Gurdeep Singh": "31865a5b",
        "H Ssenyondo": "2b7609f1",
        "IA Karim": "ca92a578",
        "NM Odhiambo": "c07a1f41",
        "NN Odhiambo": "753b5a2d",
        "P Koech": "f4a0a615",
        "RB Patel": "f88dc8de",
        "RN Patel": "db1bf9c2",
        "Riazat Ali Shah": "269cc4ff",
        "SO Ngoche": "49118dc7",
        "Saud Islam": "ae5a7eb5",
        "Zahid Abbas": "dce01d1e"
      }
    },
    "season": "2021",
    "team_type": "international",
    "teams": [
      "Kenya",
      "Uganda"
    ],
    "toss": {
      "decision": "bat",
      "winner": "Kenya"
    },
    "venue": "Entebbe Cricket Oval"
  },
  "innings": [
    {
      "team": "Kenya",
      "overs": [
        {
          "over": 0,
          "deliveries": [
            {
              "batter": "Gurdeep Singh",
              "bowler": "Bilal Hassun",
              "non_striker": "AA Obanda",
              "runs": {
                "batter": 1,
                "extras": 0,
                "total": 1
              }
            },
            {
              "batter": "AA Obanda",
              "bowler": "Bilal Hassun",
              "non_striker": "Gurdeep Singh",
              "runs": {
                "batter": 0,
                "extras": 0,
                "total": 0
              }
            },
            {
              "batter": "AA Obanda",
              "bowler": "Bilal Hassun",
              "extras": {
                "noballs": 1
              },
              "non_striker": "Gurdeep Singh",
              "runs": {
                "batter": 2,
                "extras": 1,
                "total": 3
              }
            },
            {
              "batter": "AA Obanda",
              "bowler": "Bilal Hassun",
              "extras": {
                "wides": 1
              },
              "non_striker": "Gurdeep Singh",
              "runs": {
                "batter": 0,
                "extras": 1,
                "total": 1
              }
            },
            {
              "batter": "AA Obanda",
              "bowler": "Bilal Hassun",
              "extras": {
                "noballs": 1
              },
              "non_striker": "Gurdeep Singh",
              "runs": {
                "batter": 0,
                "extras": 1,
                "total": 1
              }
            },
            {
              "batter": "AA Obanda",
              "bowler": "Bilal Hassun",
              "non_striker": "Gurdeep Singh",
              "runs": {
                "batter": 4,
                "extras": 0,
                "total": 4
              }
            },
            {
              "batter": "AA Obanda",
              "bowler": "Bilal Hassun",
              "non_striker": "Gurdeep Singh",
              "runs": {
                "batter": 0,
                "extras": 0,
                "total": 0
              },
              "wickets": [
                {
                  "player_out": "AA Obanda",
                  "kind": "bowled"
                }
              ]
            },
            {
              "batter": "IA Karim",
              "bowler": "Bilal Hassun",
              "non_striker": "Gurdeep Singh",
              "runs": {
                "batter": 2,
                "extras": 0,
                "total": 2
              }
            },
            {
              "batter": "IA Karim",
              "bowler": "Bilal Hassun",
              "non_striker": "Gurdeep Singh",
              "runs": {
                "batter": 0,
                "extras": 0,
                "total": 0
              }
            }
          ]
        },
        {
          "over": 1,
          "deliveries": [
            {
              "batter": "Gurdeep Singh",
              "bowler": "DM Nakrani",
              "non_striker": "IA Karim",
              "runs": {
                "batter": 0,
                "extras": 0,
                "total": 0
              }
            },
            {
              "batter": "Gurdeep Singh",
              "bowler": "DM Nakrani",
              "non_striker": "IA Karim",
              "runs": {
                "batter": 0,
                "extras": 0,
                "total": 0
              }
            },
            {
              "batter": "Gurdeep Singh",
              "bowler": "DM Nakrani",
              "non_striker": "IA Karim",
              "runs": {
                "batter": 0,
                "extras": 0,
                "total": 0
              }
            },
            {
              "batter": "Gurdeep Singh",
              "bowler": "DM Nakrani",
              "non_striker": "IA Karim",
              "runs": {
                "batter": 0,
                "extras": 0,
                "total": 0
              }
            },
            {
              "batter": "Gurdeep Singh",
              "bowler": "DM Nakrani",
              "non_striker": "IA Karim",
              "runs": {
                "batter": 4,
                "extras": 0,
                "total": 4
              }
            },
            {
              "batter": "Gurdeep Singh",
              "bowler": "DM Nakrani",
              "extras": {
                "legbyes": 2
              },
              "non_striker": "IA Karim",
              "runs": {
                "batter": 0,
                "extras": 2,
                "total": 2
              }
            }
          ]
        },
        {
          "over": 2,
          "deliveries": [
            {
              "batter": "IA Karim",
              "bowler": "Bilal Hassun",
              "non_striker": "Gurdeep Singh",
              "runs": {
                "batter": 0,
                "extras": 0,
                "total": 0
              }
            },
            {
              "batter": "IA Karim",
              "bowler": "Bilal Hassun",
              "extras": {
                "wides": 3
              },
              "non_striker": "Gurdeep Singh",
              "runs": {
                "batter": 0,
                "extras": 3,
                "total": 3
              }
            },
            {
              "batter": "IA Karim",
              "bowler": "Bilal Hassun",
              "non_striker": "Gurdeep Singh",
              "runs": {
                "batter": 0,
                "extras": 0,
                "total": 0
              }
            },
            {
              "batter": "IA Karim",
              "bowler": "Bilal Hassun",
              "non_striker": "Gurdeep Singh",
              "runs": {
                "batter": 2,
                "extras": 0,
                "total": 2
              }
            },
            {
              "batter": "IA Karim",
              "bowler": "Bilal Hassun",
              "non_striker": "Gurdeep Singh",
              "runs": {
                "batter": 4,
                "extras": 0,
                "total": 4
              }
            },
            {
              "batter": "IA Karim",
              "bowler": "Bilal Hassun",
              "non_striker": "Gurdeep Singh",
              "runs": {
                "batter": 0,
                "extras": 0,
                "total": 0
              }
            },
            {
              "batter": "IA Karim",
              "bowler": "Bilal Hassun",
              "non_striker": "Gurdeep Singh",
              "runs": {
                "batter": 3,
                "extras": 0,
                "total": 3
              }
            }
          ]
        },
        {
          "over": 3,
          "deliveries": [
            {
              "batter": "IA Karim",
              "bowler": "DM Nakrani",
              "non_striker": "Gurdeep Singh",
              "runs": {
                "batter": 1,
                "extras": 0,
                "total": 1
              }
            },
            {
              "batter": "Gurdeep Singh",
              "bowler": "DM Nakrani",
              "non_striker": "IA Karim",
              "runs": {
                "batter": 1,
                "extras": 0,
                "total": 1
              }
            },
            {
              "batter": "IA Karim",
              "bowler": "DM Nakrani",
              "non_striker": "Gurdeep Singh",
              "runs": {
                "batter": 1,
                "extras": 0,
                "total": 1
              }
            },
            {
              "batter": "Gurdeep Singh",
              "bowler": "DM Nakrani",
              "non_striker": "IA Karim",
              "runs": {
                "batter": 0,
                "extras": 0,
                "total": 0
              }
            },
            {
              "batter": "Gurdeep Singh",
              "bowler": "DM Nakrani",
              "non_striker": "IA Karim",
              "runs": {
                "batter": 0,
                "extras": 0,
                "total": 0
              }
            },
            {
              "batter": "Gurdeep Singh",
              "bowler": "DM Nakrani",
              "non_striker": "IA Karim",
              "runs": {
                "batter": 1,
                "extras": 0,
                "total": 1
              }
            }
          ]
        },
        {
          "over": 4,
          "deliveries": [
            {
              "batter": "Gurdeep Singh",
              "bowler": "Riazat Ali Shah",
              "non_striker": "IA Karim",
              "runs": {
                "batter": 1,
                "extras": 0,
                "total": 1
              }
            },
            {
              "batter": "IA Karim",
              "bowler": "Riazat Ali Shah",
              "non_striker": "Gurdeep Singh",
              "runs": {
                "batter": 0,
                "extras": 0,
                "total": 0
              }
            },
            {
              "batter": "IA Karim",
              "bowler": "Riazat Ali Shah",
              "non_striker": "Gurdeep Singh",
              "runs": {
                "batter": 0,
                "extras": 0,
                "total": 0
              }
            },
            {
              "batter": "IA Karim",
              "bowler": "Riazat Ali Shah",
              "non_striker": "Gurdeep Singh",
              "runs": {
                "batter": 2,
                "extras": 0,
                "total": 2
              }
            },
            {
              "batter": "IA Karim",
              "bowler": "Riazat Ali Shah",
              "non_striker": "Gurdeep Singh",
              "runs": {
                "batter": 0,
                "extras": 0,
                "total": 0
              }
            },
            {
              "batter": "IA Karim",
              "bowler": "Riazat Ali Shah",
              "non_striker": "Gurdeep Singh",
              "runs": {
                "batter": 0,
                "extras": 0,
                "total": 0
              }
            }
          ]
        },
        {
          "over": 5,
          "deliveries": [
            {
              "batter": "Gurdeep Singh",
              "bowler": "F Akankwasa",
              "non_striker": "IA Karim",
              "runs": {
                "batter": 0,
                "extras": 0,
                "total": 0
              }
            },
            {
              "batter": "Gurdeep Singh",
              "bowler": "F Akankwasa",
              "non_striker": "IA Karim",
              "runs": {
                "batter": 4,
                "extras": 0,
                "total": 4
              }
            },
            {
              "batter": "Gurdeep Singh",
              "bowler": "F Akankwasa",
              "non_striker": "IA Karim",
              "runs": {
                "batter": 1,
                "extras": 0,
                "total": 1
              }
            },
            {
              "batter": "IA Karim",
              "bowler": "F Akankwasa",
              "non_striker": "Gurdeep Singh",
              "runs": {
                "batter": 0,
                "extras": 0,
                "total": 0
              }
            },
            {
              "batter": "IA Karim",
              "bowler": "F Akankwasa",
              "non_striker": "Gurdeep Singh",
              "runs": {
                "batter": 1,
                "extras": 0,
                "total": 1
              }
            },
            {
              "batter": "Gurdeep Singh",
              "bowler": "F Akankwasa",
              "non_striker": "IA Karim",
              "runs": {
                "batter": 0,
                "extras": 0,
                "total": 0
              }
            }
          ]
        },
        {
          "over": 6,
          "deliveries": [
            {
              "batter": "IA Karim",
              "bowler": "Riazat Ali Shah",
              "non_striker": "Gurdeep Singh",
              "runs": {
                "batter": 1,
                "extras": 0,
                "total": 1
              }
            },
            {
              "batter": "Gurdeep Singh",
              "bowler": "Riazat Ali Shah",
              "extras": {
                "wides": 5
              },
              "non_striker": "IA Karim",
              "runs": {
                "batter": 0,
                "extras": 5,
                "total": 5
              }
            },
            {
              "batter": "Gurdeep Singh",
              "bowler": "Riazat Ali Shah",
              "non_striker": "IA Karim",
              "runs": {
                "batter": 0,
                "extras": 0,
                "total": 0
              }
            },
            {
              "batter": "Gurdeep Singh",
              "bowler": "Riazat Ali Shah",
              "non_striker": "IA Karim",
              "runs": {
                "batter": 1,
                "extras": 0,
                "total": 1
              }
            },
            {
              "batter": "IA Karim",
              "bowler": "Riazat Ali Shah",
              "non_striker": "Gurdeep Singh",
              "runs": {
                "batter": 0,
                "extras": 0,
                "total": 0
              }
            },
            {
              "batter": "IA Karim",
              "bowler": "Riazat Ali Shah",
              "non_striker": "Gurdeep Singh",
              "runs": {
                "batter": 1,
                "extras": 0,
                "total": 1
              }
            },
            {
              "batter": "Gurdeep Singh",
              "bowler": "Riazat Ali Shah",
              "non_striker": "IA Karim",
              "runs": {
                "batter": 0,
                "extras": 0,
                "total": 0
              }
            }
          ]
        },
        {
          "over": 7,
          "deliveries": [
            {
              "batter": "IA Karim",
              "bowler": "F Akankwasa",
              "non_striker": "Gurdeep Singh",
              "runs": {
                "batter": 2,
                "extras": 0,
                "total": 2
              }
            },
            {
              "batter": "IA Karim",
              "bowler": "F Akankwasa",
              "non_striker": "Gurdeep Singh",
              "runs": {
                "batter": 1,
                "extras": 0,
                "total": 1
              }
            },
            {
              "batter": "Gurdeep Singh",
              "bowler": "F Akankwasa",
              "non_striker": "IA Karim",
              "runs": {
                "batter": 1,
                "extras": 0,
                "total": 1
              }
            },
            {
              "batter": "IA Karim",
              "bowler": "F Akankwasa",
              "non_striker": "Gurdeep Singh",
              "runs": {
                "batter": 4,
                "extras": 0,
                "total": 4
              }
            },
            {
              "batter": "IA Karim",
              "bowler": "F Akankwasa",
              "non_striker": "Gurdeep Singh",
              "runs": {
                "batter": 1,
                "extras": 0,
                "total": 1
              }
            },
            {
              "batter": "Gurdeep Singh",
              "bowler": "F Akankwasa",
              "non_striker": "IA Karim",
              "runs": {
                "batter": 0,
                "extras": 0,
                "total": 0
              }
            }
          ]
        },
        {
          "over": 8,
          "deliveries": [
            {
              "batter": "IA Karim",
              "bowler": "D Muhumuza",
              "non_striker": "Gurdeep Singh",
              "runs": {
                "batter": 0,
                "extras": 0,
                "total": 0
              }
            },
            {
              "batter": "IA Karim",
              "bowler": "D Muhumuza",
              "non_striker": "Gurdeep Singh",
              "runs": {
                "batter": 0,
                "extras": 0,
                "total": 0
              }
            },
            {
              "batter": "IA Karim",
              "bowler": "D Muhumuza",
              "non_striker": "Gurdeep Singh",
              "runs": {
                "batter": 1,
                "extras": 0,
                "total": 1
              }
            },
            {
              "batter": "Gurdeep Singh",
              "bowler": "D Muhumuza",
              "non_striker": "IA Karim",
              "runs": {
                "batter": 1,
                "extras": 0,
                "total": 1
              }
            },
            {
              "batter": "IA Karim",
              "bowler": "D Muhumuza",
              "non_striker": "Gurdeep Singh",
              "runs": {
                "batter": 2,
                "extras": 0,
                "total": 2
              }
            },
            {
              "batter": "IA Karim",
              "bowler": "D Muhumuza",
              "non_striker": "Gurdeep Singh",
              "runs": {
                "batter": 4,
                "extras": 0,
                "total": 4
              }
            }
          ]
        },
        {
          "over": 9,
          "deliveries": [
            {
              "batter": "Gurdeep Singh",
              "bowler": "H Ssenyondo",
              "non_striker": "IA Karim",
              "runs": {
                "batter": 1,
                "extras": 0,
                "total": 1
              }
            },
            {
              "batter": "IA Karim",
              "bowler": "H Ssenyondo",
              "non_striker": "Gurdeep Singh",
              "runs": {
                "batter": 1,
                "extras": 0,
                "total": 1
              }
            },
            {
              "batter": "Gurdeep Singh",
              "bowler": "H Ssenyondo",
              "non_striker": "IA Karim",
              "runs": {
                "batter": 1,
                "extras": 0,
                "total": 1
              }
            },
            {
              "batter": "IA Karim",
              "bowler": "H Ssenyondo",
              "non_striker": "Gurdeep Singh",
              "runs": {
                "batter": 0,
                "extras": 0,
                "total": 0
              }
            },
            {
              "batter": "IA Karim",
              "bowler": "H Ssenyondo",
              "non_striker": "Gurdeep Singh",
              "runs": {
                "batter": 4,
                "extras": 0,
                "total": 4
              }
            },
            {
              "batter": "IA Karim",
              "bowler": "H Ssenyondo",
              "non_striker": "Gurdeep Singh",
              "runs": {
                "batter": 1,
                "extras": 0,
                "total": 1
              }
            }
          ]
        },
        {
          "over": 10,
          "deliveries": [
            {
              "batter": "IA Karim",
              "bowler": "D Muhumuza",
              "non_striker": "Gurdeep Singh",
              "runs": {
                "batter": 1,
                "extras": 0,
                "total": 1
              }
            },
            {
              "batter": "Gurdeep Singh",
              "bowler": "D Muhumuza",
              "non_striker": "IA Karim",
              "runs": {
                "batter": 1,
                "extras": 0,
                "total": 1
              }
            },
            {
              "batter": "IA Karim",
              "bowler": "D Muhumuza",
              "non_striker": "Gurdeep Singh",
              "runs": {
                "batter": 6,
                "extras": 0,
                "total": 6
              }
            },
            {
              "batter": "IA Karim",
              "bowler": "D Muhumuza",
              "non_striker": "Gurdeep Singh",
              "runs": {
                "batter": 1,
                "extras": 0,
                "total": 1
              }
            },
            {
              "batter": "Gurdeep Singh",
              "bowler": "D Muhumuza",
              "non_striker": "IA Karim",
              "runs": {
                "batter": 1,
                "extras": 0,
                "total": 1
              }
            },
            {
              "batter": "IA Karim",
              "bowler": "D Muhumuza",
              "non_striker": "Gurdeep Singh",
              "runs": {
                "batter": 1,
                "extras": 0,
                "total": 1
              }
            }
          ]
        },
        {
          "over": 11,
          "deliveries": [
            {
              "batter": "IA Karim",
              "bowler": "H Ssenyondo",
              "non_striker": "Gurdeep Singh",
              "runs": {
                "batter": 1,
                "extras": 0,
                "total": 1
              }
            },
            {
              "batter": "Gurdeep Singh",
              "bowler": "H Ssenyondo",
              "non_striker": "IA Karim",
              "runs": {
                "batter": 1,
                "extras": 0,
                "total": 1
              }
            },
            {
              "batter": "IA Karim",
              "bowler": "H Ssenyondo",
              "non_striker": "Gurdeep Singh",
              "runs": {
                "batter": 1,
                "extras": 0,
                "total": 1
              }
            },
            {
              "batter": "Gurdeep Singh",
              "bowler": "H Ssenyondo",
              "non_striker": "IA Karim",
              "runs": {
                "batter": 4,
                "extras": 0,
                "total": 4
              }
            },
            {
              "batter": "Gurdeep Singh",
              "bowler": "H Ssenyondo",
              "non_striker": "IA Karim",
              "runs": {
                "batter": 1,
                "extras": 0,
                "total": 1
              }
            },
            {
              "batter": "IA Karim",
              "bowler": "H Ssenyondo",
              "non_striker": "Gurdeep Singh",
              "runs": {
                "batter": 1,
                "extras": 0,
                "total": 1
              }
            }
          ]
        },
        {
          "over": 12,
          "deliveries": [
            {
              "batter": "IA Karim",
              "bowler": "F Akankwasa",
              "non_striker": "Gurdeep Singh",
              "runs": {
                "batter": 0,
                "extras": 0,
                "total": 0
              }
            },
            {
              "batter": "IA Karim",
              "bowler": "F Akankwasa",
              "non_striker": "Gurdeep Singh",
              "runs": {
                "batter": 1,
                "extras": 0,
                "total": 1
              }
            },
            {
              "batter": "Gurdeep Singh",
              "bowler": "F Akankwasa",
              "non_striker": "IA Karim",
              "runs": {
                "batter": 1,
                "extras": 0,
                "total": 1
              }
            },
            {
              "batter": "IA Karim",
              "bowler": "F Akankwasa",
              "non_striker": "Gurdeep Singh",
              "runs": {
                "batter": 1,
                "extras": 0,
                "total": 1
              }
            },
            {
              "batter": "Gurdeep Singh",
              "bowler": "F Akankwasa",
              "non_striker": "IA Karim",
              "runs": {
                "batter": 0,
                "extras": 0,
                "total": 0
              },
              "wickets": [
                {
                  "player_out": "Gurdeep Singh",
                  "fielders": [
                    {
                      "name": "F Achelam"
                    }
                  ],
                  "kind": "caught"
                }
              ]
            },
            {
              "batter": "RN Patel",
              "bowler": "F Akankwasa",
              "non_striker": "IA Karim",
              "runs": {
                "batter": 2,
                "extras": 0,
                "total": 2
              }
            }
          ]
        },
        {
          "over": 13,
          "deliveries": [
            {
              "batter": "IA Karim",
              "bowler": "Riazat Ali Shah",
              "non_striker": "RN Patel",
              "runs": {
                "batter": 4,
                "extras": 0,
                "total": 4
              }
            },
            {
              "batter": "IA Karim",
              "bowler": "Riazat Ali Shah",
              "non_striker": "RN Patel",
              "runs": {
                "batter": 1,
                "extras": 0,
                "total": 1
              }
            },
            {
              "batter": "RN Patel",
              "bowler": "Riazat Ali Shah",
              "non_striker": "IA Karim",
              "runs": {
                "batter": 4,
                "extras": 0,
                "total": 4
              }
            },
            {
              "batter": "RN Patel",
              "bowler": "Riazat Ali Shah",
              "non_striker": "IA Karim",
              "runs": {
                "batter": 1,
                "extras": 0,
                "total": 1
              }
            },
            {
              "batter": "IA Karim",
              "bowler": "Riazat Ali Shah",
              "non_striker": "RN Patel",
              "runs": {
                "batter": 1,
                "extras": 0,
                "total": 1
              }
            },
            {
              "batter": "RN Patel",
              "bowler": "Riazat Ali Shah",
              "non_striker": "IA Karim",
              "runs": {
                "batter": 0,
                "extras": 0,
                "total": 0
              }
            }
          ]
        },
        {
          "over": 14,
          "deliveries": [
            {
              "batter": "IA Karim",
              "bowler": "F Akankwasa",
              "non_striker": "RN Patel",
              "runs": {
                "batter": 4,
                "extras": 0,
                "total": 4
              }
            },
            {
              "batter": "IA Karim",
              "bowler": "F Akankwasa",
              "non_striker": "RN Patel",
              "runs": {
                "batter": 1,
                "extras": 0,
                "total": 1
              }
            },
            {
              "batter": "RN Patel",
              "bowler": "F Akankwasa",
              "non_striker": "IA Karim",
              "runs": {
                "batter": 0,
                "extras": 0,
                "total": 0
              }
            },
            {
              "batter": "RN Patel",
              "bowler": "F Akankwasa",
              "non_striker": "IA Karim",
              "runs": {
                "batter": 1,
                "extras": 0,
                "total": 1
              }
            },
            {
              "batter": "IA Karim",
              "bowler": "F Akankwasa",
              "non_striker": "RN Patel",
              "runs": {
                "batter": 1,
                "extras": 0,
                "total": 1
              }
            },
            {
              "batter": "RN Patel",
              "bowler": "F Akankwasa",
              "non_striker": "IA Karim",
              "runs": {
                "batter": 2,
                "extras": 0,
                "total": 2
              }
            }
          ]
        },
        {
          "over": 15,
          "deliveries": [
            {
              "batter": "IA Karim",
              "bowler": "D Muhumuza",
              "non_striker": "RN Patel",
              "runs": {
                "batter": 2,
                "extras": 0,
                "total": 2
              }
            },
            {
              "batter": "IA Karim",
              "bowler": "D Muhumuza",
              "non_striker": "RN Patel",
              "runs": {
                "batter": 0,
                "extras": 0,
                "total": 0
              }
            },
            {
              "batter": "IA Karim",
              "bowler": "D Muhumuza",
              "non_striker": "RN Patel",
              "runs": {
                "batter": 0,
                "extras": 0,
                "total": 0
              }
            },
            {
              "batter": "IA Karim",
              "bowler": "D Muhumuza",
              "non_striker": "RN Patel",
              "runs": {
                "batter": 0,
                "extras": 0,
                "total": 0
              }
            },
            {
              "batter": "IA Karim",
              "bowler": "D Muhumuza",
              "non_striker": "RN Patel",
              "runs": {
                "batter": 0,
                "extras": 0,
                "total": 0
              },
              "wickets": [
                {
                  "player_out": "IA Karim",
                  "fielders": [
                    {
                      "name": "Riazat Ali Shah"
                    }
                  ],
                  "kind": "caught"
                }
              ]
            },
            {
              "batter": "RN Patel",
              "bowler": "D Muhumuza",
              "non_striker": "NM Odhiambo",
              "runs": {
                "batter": 1,
                "extras": 0,
                "total": 1
              }
            }
          ]
        },
        {
          "over": 16,
          "deliveries": [
            {
              "batter": "RN Patel",
              "bowler": "DM Nakrani",
              "non_striker": "NM Odhiambo",
              "runs": {
                "batter": 1,
                "extras": 0,
                "total": 1
              }
            },
            {
              "batter": "NM Odhiambo",
              "bowler": "DM Nakrani",
              "non_striker": "RN Patel",
              "runs": {
                "batter": 1,
                "extras": 0,
                "total": 1
              }
            },
            {
              "batter": "RN Patel",
              "bowler": "DM Nakrani",
              "non_striker": "NM Odhiambo",
              "runs": {
                "batter": 0,
                "extras": 0,
                "total": 0
              }
            },
            {
              "batter": "RN Patel",
              "bowler": "DM Nakrani",
              "non_striker": "NM Odhiambo",
              "runs": {
                "batter": 2,
                "extras": 0,
                "total": 2
              }
            },
            {
              "batter": "RN Patel",
              "bowler": "DM Nakrani",
              "non_striker": "NM Odhiambo",
              "runs": {
                "batter": 4,
                "extras": 0,
                "total": 4
              }
            },
            {
              "batter": "RN Patel",
              "bowler": "DM Nakrani",
              "non_striker": "NM Odhiambo",
              "runs": {
                "batter": 1,
                "extras": 0,
                "total": 1
              }
            }
          ]
        },
        {
          "over": 17,
          "deliveries": [
            {
              "batter": "RN Patel",
              "bowler": "D Muhumuza",
              "non_striker": "NM Odhiambo",
              "runs": {
                "batter": 1,
                "extras": 0,
                "total": 1
              }
            },
            {
              "batter": "NM Odhiambo",
              "bowler": "D Muhumuza",
              "non_striker": "RN Patel",
              "runs": {
                "batter": 1,
                "extras": 0,
                "total": 1
              }
            },
            {
              "batter": "RN Patel",
              "bowler": "D Muhumuza",
              "non_striker": "NM Odhiambo",
              "runs": {
                "batter": 0,
                "extras": 0,
                "total": 0
              },
              "wickets": [
                {
                  "player_out": "RN Patel",
                  "fielders": [
                    {
                      "name": "F Achelam"
                    }
                  ],
                  "kind": "stumped"
                }
              ]
            },
            {
              "batter": "SO Ngoche",
              "bowler": "D Muhumuza",
              "non_striker": "NM Odhiambo",
              "runs": {
                "batter": 1,
                "extras": 0,
                "total": 1
              }
            },
            {
              "batter": "NM Odhiambo",
              "bowler": "D Muhumuza",
              "non_striker": "SO Ngoche",
              "runs": {
                "batter": 2,
                "extras": 0,
                "total": 2
              }
            },
            {
              "batter": "NM Odhiambo",
              "bowler": "D Muhumuza",
              "non_striker": "SO Ngoche",
              "runs": {
                "batter": 2,
                "extras": 0,
                "total": 2
              }
            }
          ]
        },
        {
          "over": 18,
          "deliveries": [
            {
              "batter": "SO Ngoche",
              "bowler": "H Ssenyondo",
              "non_striker": "NM Odhiambo",
              "runs": {
                "batter": 0,
                "extras": 0,
                "total": 0
              }
            },
            {
              "batter": "SO Ngoche",
              "bowler": "H Ssenyondo",
              "non_striker": "NM Odhiambo",
              "runs": {
                "batter": 0,
                "extras": 0,
                "total": 0
              },
              "wickets": [
                {
                  "player_out": "SO Ngoche",
                  "fielders": [
                    {
                      "name": "A Otwani"
                    }
                  ],
                  "kind": "caught"
                }
              ]
            },
            {
              "batter": "NM Odhiambo",
              "bowler": "H Ssenyondo",
              "non_striker": "E Otieno",
              "runs": {
                "batter": 4,
                "extras": 0,
                "total": 4
              }
            },
            {
              "batter": "NM Odhiambo",
              "bowler": "H Ssenyondo",
              "non_striker": "E Otieno",
              "runs": {
                "batter": 3,
                "extras": 0,
                "total": 3
              }
            },
            {
              "batter": "E Otieno",
              "bowler": "H Ssenyondo",
              "non_striker": "NM Odhiambo",
              "runs": {
                "batter": 0,
                "extras": 0,
                "total": 0
              },
              "wickets": [
                {
                  "player_out": "E Otieno",
                  "kind": "bowled"
                }
              ]
            },
            {
              "batter": "Zahid Abbas",
              "bowler": "H Ssenyondo",
              "non_striker": "NM Odhiambo",
              "runs": {
                "batter": 1,
                "extras": 0,
                "total": 1
              }
            }
          ]
        },
        {
          "over": 19,
          "deliveries": [
            {
              "batter": "Zahid Abbas",
              "bowler": "DM Nakrani",
              "non_striker": "NM Odhiambo",
              "runs": {
                "batter": 1,
                "extras": 0,
                "total": 1
              }
            },
            {
              "batter": "NM Odhiambo",
              "bowler": "DM Nakrani",
              "non_striker": "Zahid Abbas",
              "runs": {
                "batter": 0,
                "extras": 0,
                "total": 0
              },
              "wickets": [
                {
                  "player_out": "NM Odhiambo",
                  "fielders": [
                    {
                      "name": "Bilal Hassun"
                    }
                  ],
                  "kind": "caught"
                }
              ]
            },
            {
              "batter": "Zahid Abbas",
              "bowler": "DM Nakrani",
              "non_striker": "NN Odhiambo",
              "runs": {
                "batter": 0,
                "extras": 0,
                "total": 0
              },
              "wickets": [
                {
                  "player_out": "Zahid Abbas",
                  "kind": "bowled"
                }
              ]
            },
            {
              "batter": "EB Ringera",
              "bowler": "DM Nakrani",
              "non_striker": "NN Odhiambo",
              "runs": {
                "batter": 0,
                "extras": 0,
                "total": 0
              }
            },
            {
              "batter": "EB Ringera",
              "bowler": "DM Nakrani",
              "non_striker": "NN Odhiambo",
              "runs": {
                "batter": 1,
                "extras": 0,
                "total": 1
              }
            },
            {
              "batter": "NN Odhiambo",
              "bowler": "DM Nakrani",
              "non_striker": "EB Ringera",
              "runs": {
                "batter": 1,
                "extras": 0,
                "total": 1
              },
              "wickets": [
                {
                  "player_out": "EB Ringera",
                  "kind": "run out"
                }
              ]
            }
          ]
        }
      ],
      "powerplays": [
        {
          "from": 0.1,
          "to": 5.6,
          "type": "mandatory"
        }
      ]
    },
    {
      "team": "Uganda",
      "overs": [
        {
          "over": 0,
          "deliveries": [
            {
              "batter": "A Otwani",
              "bowler": "E Otieno",
              "extras": {
                "wides": 1
              },
              "non_striker": "Saud Islam",
              "runs": {
                "batter": 0,
                "extras": 1,
                "total": 1
              }
            },
            {
              "batter": "A Otwani",
              "bowler": "E Otieno",
              "non_striker": "Saud Islam",
              "runs": {
                "batter": 2,
                "extras": 0,
                "total": 2
              }
            },
            {
              "batter": "A Otwani",
              "bowler": "E Otieno",
              "non_striker": "Saud Islam",
              "runs": {
                "batter": 1,
                "extras": 0,
                "total": 1
              }
            },
            {
              "batter": "Saud Islam",
              "bowler": "E Otieno",
              "extras": {
                "legbyes": 1
              },
              "non_striker": "A Otwani",
              "runs": {
                "batter": 0,
                "extras": 1,
                "total": 1
              }
            },
            {
              "batter": "A Otwani",
              "bowler": "E Otieno",
              "non_striker": "Saud Islam",
              "runs": {
                "batter": 1,
                "extras": 0,
                "total": 1
              }
            },
            {
              "batter": "Saud Islam",
              "bowler": "E Otieno",
              "extras": {
                "wides": 1
              },
              "non_striker": "A Otwani",
              "runs": {
                "batter": 0,
                "extras": 1,
                "total": 1
              }
            },
            {
              "batter": "Saud Islam",
              "bowler": "E Otieno",
              "non_striker": "A Otwani",
              "runs": {
                "batter": 0,
                "extras": 0,
                "total": 0
              }
            },
            {
              "batter": "Saud Islam",
              "bowler": "E Otieno",
              "non_striker": "A Otwani",
              "runs": {
                "batter": 0,
                "extras": 0,
                "total": 0
              }
            }
          ]
        },
        {
          "over": 1,
          "deliveries": [
            {
              "batter": "A Otwani",
              "bowler": "NN Odhiambo",
              "non_striker": "Saud Islam",
              "runs": {
                "batter": 4,
                "extras": 0,
                "total": 4
              }
            },
            {
              "batter": "A Otwani",
              "bowler": "NN Odhiambo",
              "non_striker": "Saud Islam",
              "runs": {
                "batter": 0,
                "extras": 0,
                "total": 0
              }
            },
            {
              "batter": "A Otwani",
              "bowler": "NN Odhiambo",
              "non_striker": "Saud Islam",
              "runs": {
                "batter": 1,
                "extras": 0,
                "total": 1
              },
              "wickets": [
                {
                  "player_out": "A Otwani",
                  "kind": "run out"
                }
              ]
            },
            {
              "batter": "Saud Islam",
              "bowler": "NN Odhiambo",
              "non_striker": "RB Patel",
              "runs": {
                "batter": 0,
                "extras": 0,
                "total": 0
              }
            },
            {
              "batter": "Saud Islam",
              "bowler": "NN Odhiambo",
              "non_striker": "RB Patel",
              "runs": {
                "batter": 1,
                "extras": 0,
                "total": 1
              }
            },
            {
              "batter": "RB Patel",
              "bowler": "NN Odhiambo",
              "non_striker": "Saud Islam",
              "runs": {
                "batter": 0,
                "extras": 0,
                "total": 0
              }
            }
          ]
        },
        {
          "over": 2,
          "deliveries": [
            {
              "batter": "Saud Islam",
              "bowler": "E Otieno",
              "non_striker": "RB Patel",
              "runs": {
                "batter": 1,
                "extras": 0,
                "total": 1
              }
            },
            {
              "batter": "RB Patel",
              "bowler": "E Otieno",
              "non_striker": "Saud Islam",
              "runs": {
                "batter": 0,
                "extras": 0,
                "total": 0
              }
            },
            {
              "batter": "RB Patel",
              "bowler": "E Otieno",
              "non_striker": "Saud Islam",
              "runs": {
                "batter": 0,
                "extras": 0,
                "total": 0
              }
            },
            {
              "batter": "RB Patel",
              "bowler": "E Otieno",
              "non_striker": "Saud Islam",
              "runs": {
                "batter": 0,
                "extras": 0,
                "total": 0
              },
              "wickets": [
                {
                  "player_out": "RB Patel",
                  "fielders": [
                    {
                      "name": "SO Ngoche"
                    }
                  ],
                  "kind": "caught"
                }
              ]
            },
            {
              "batter": "D Muhumuza",
              "bowler": "E Otieno",
              "non_striker": "Saud Islam",
              "runs": {
                "batter": 0,
                "extras": 0,
                "total": 0
              }
            },
            {
              "batter": "D Muhumuza",
              "bowler": "E Otieno",
              "non_striker": "Saud Islam",
              "runs": {
                "batter": 0,
                "extras": 0,
                "total": 0
              }
            }
          ]
        },
        {
          "over": 3,
          "deliveries": [
            {
              "batter": "Saud Islam",
              "bowler": "NN Odhiambo",
              "non_striker": "D Muhumuza",
              "runs": {
                "batter": 1,
                "extras": 0,
                "total": 1
              }
            },
            {
              "batter": "D Muhumuza",
              "bowler": "NN Odhiambo",
              "non_striker": "Saud Islam",
              "runs": {
                "batter": 0,
                "extras": 0,
                "total": 0
              }
            },
            {
              "batter": "D Muhumuza",
              "bowler": "NN Odhiambo",
              "non_striker": "Saud Islam",
              "runs": {
                "batter": 0,
                "extras": 0,
                "total": 0
              }
            },
            {
              "batter": "D Muhumuza",
              "bowler": "NN Odhiambo",
              "non_striker": "Saud Islam",
              "runs": {
                "batter": 0,
                "extras": 0,
                "total": 0
              }
            },
            {
              "batter": "D Muhumuza",
              "bowler": "NN Odhiambo",
              "non_striker": "Saud Islam",
              "runs": {
                "batter": 1,
                "extras": 0,
                "total": 1
              }
            },
            {
              "batter": "Saud Islam",
              "bowler": "NN Odhiambo",
              "non_striker": "D Muhumuza",
              "runs": {
                "batter": 4,
                "extras": 0,
                "total": 4
              }
            }
          ]
        },
        {
          "over": 4,
          "deliveries": [
            {
              "batter": "D Muhumuza",
              "bowler": "EB Ringera",
              "non_striker": "Saud Islam",
              "runs": {
                "batter": 0,
                "extras": 0,
                "total": 0
              }
            },
            {
              "batter": "D Muhumuza",
              "bowler": "EB Ringera",
              "non_striker": "Saud Islam",
              "runs": {
                "batter": 0,
                "extras": 0,
                "total": 0
              },
              "wickets": [
                {
                  "player_out": "D Muhumuza",
                  "fielders": [
                    {
                      "name": "SO Ngoche"
                    }
                  ],
                  "kind": "caught"
                }
              ]
            },
            {
              "batter": "Riazat Ali Shah",
              "bowler": "EB Ringera",
              "non_striker": "Saud Islam",
              "runs": {
                "batter": 2,
                "extras": 0,
                "total": 2
              }
            },
            {
              "batter": "Riazat Ali Shah",
              "bowler": "EB Ringera",
              "non_striker": "Saud Islam",
              "runs": {
                "batter": 0,
                "extras": 0,
                "total": 0
              }
            },
            {
              "batter": "Riazat Ali Shah",
              "bowler": "EB Ringera",
              "non_striker": "Saud Islam",
              "runs": {
                "batter": 1,
                "extras": 0,
                "total": 1
              }
            },
            {
              "batter": "Saud Islam",
              "bowler": "EB Ringera",
              "non_striker": "Riazat Ali Shah",
              "runs": {
                "batter": 0,
                "extras": 0,
                "total": 0
              }
            }
          ]
        },
        {
          "over": 5,
          "deliveries": [
            {
              "batter": "Riazat Ali Shah",
              "bowler": "SO Ngoche",
              "non_striker": "Saud Islam",
              "runs": {
                "batter": 0,
                "extras": 0,
                "total": 0
              }
            },
            {
              "batter": "Riazat Ali Shah",
              "bowler": "SO Ngoche",
              "non_striker": "Saud Islam",
              "runs": {
                "batter": 0,
                "extras": 0,
                "total": 0
              }
            },
            {
              "batter": "Riazat Ali Shah",
              "bowler": "SO Ngoche",
              "non_striker": "Saud Islam",
              "runs": {
                "batter": 0,
                "extras": 0,
                "total": 0
              }
            },
            {
              "batter": "Riazat Ali Shah",
              "bowler": "SO Ngoche",
              "non_striker": "Saud Islam",
              "runs": {
                "batter": 0,
                "extras": 0,
                "total": 0
              }
            },
            {
              "batter": "Riazat Ali Shah",
              "bowler": "SO Ngoche",
              "non_striker": "Saud Islam",
              "runs": {
                "batter": 0,
                "extras": 0,
                "total": 0
              }
            },
            {
              "batter": "Riazat Ali Shah",
              "bowler": "SO Ngoche",
              "non_striker": "Saud Islam",
              "runs": {
                "batter": 0,
                "extras": 0,
                "total": 0
              }
            }
          ]
        },
        {
          "over": 6,
          "deliveries": [
            {
              "batter": "Saud Islam",
              "bowler": "EB Ringera",
              "non_striker": "Riazat Ali Shah",
              "runs": {
                "batter": 1,
                "extras": 0,
                "total": 1
              }
            },
            {
              "batter": "Riazat Ali Shah",
              "bowler": "EB Ringera",
              "non_striker": "Saud Islam",
              "runs": {
                "batter": 4,
                "extras": 0,
                "total": 4
              }
            },
            {
              "batter": "Riazat Ali Shah",
              "bowler": "EB Ringera",
              "non_striker": "Saud Islam",
              "runs": {
                "batter": 0,
                "extras": 0,
                "total": 0
              }
            },
            {
              "batter": "Riazat Ali Shah",
              "bowler": "EB Ringera",
              "non_striker": "Saud Islam",
              "runs": {
                "batter": 1,
                "extras": 0,
                "total": 1
              }
            },
            {
              "batter": "Saud Islam",
              "bowler": "EB Ringera",
              "non_striker": "Riazat Ali Shah",
              "runs": {
                "batter": 0,
                "extras": 0,
                "total": 0
              }
            },
            {
              "batter": "Saud Islam",
              "bowler": "EB Ringera",
              "non_striker": "Riazat Ali Shah",
              "runs": {
                "batter": 1,
                "extras": 0,
                "total": 1
              }
            }
          ]
        },
        {
          "over": 7,
          "deliveries": [
            {
              "batter": "Saud Islam",
              "bowler": "SO Ngoche",
              "non_striker": "Riazat Ali Shah",
              "runs": {
                "batter": 0,
                "extras": 0,
                "total": 0
              }
            },
            {
              "batter": "Saud Islam",
              "bowler": "SO Ngoche",
              "non_striker": "Riazat Ali Shah",
              "runs": {
                "batter": 1,
                "extras": 0,
                "total": 1
              }
            },
            {
              "batter": "Riazat Ali Shah",
              "bowler": "SO Ngoche",
              "non_striker": "Saud Islam",
              "runs": {
                "batter": 1,
                "extras": 0,
                "total": 1
              }
            },
            {
              "batter": "Saud Islam",
              "bowler": "SO Ngoche",
              "non_striker": "Riazat Ali Shah",
              "runs": {
                "batter": 0,
                "extras": 0,
                "total": 0
              }
            },
            {
              "batter": "Saud Islam",
              "bowler": "SO Ngoche",
              "non_striker": "Riazat Ali Shah",
              "runs": {
                "batter": 1,
                "extras": 0,
                "total": 1
              }
            },
            {
              "batter": "Riazat Ali Shah",
              "bowler": "SO Ngoche",
              "non_striker": "Saud Islam",
              "runs": {
                "batter": 1,
                "extras": 0,
                "total": 1
              }
            }
          ]
        },
        {
          "over": 8,
          "deliveries": [
            {
              "batter": "Riazat Ali Shah",
              "bowler": "EB Ringera",
              "non_striker": "Saud Islam",
              "runs": {
                "batter": 1,
                "extras": 0,
                "total": 1
              }
            },
            {
              "batter": "Saud Islam",
              "bowler": "EB Ringera",
              "non_striker": "Riazat Ali Shah",
              "runs": {
                "batter": 0,
                "extras": 0,
                "total": 0
              }
            },
            {
              "batter": "Saud Islam",
              "bowler": "EB Ringera",
              "non_striker": "Riazat Ali Shah",
              "runs": {
                "batter": 1,
                "extras": 0,
                "total": 1
              }
            },
            {
              "batter": "Riazat Ali Shah",
              "bowler": "EB Ringera",
              "non_striker": "Saud Islam",
              "runs": {
                "batter": 1,
                "extras": 0,
                "total": 1
              }
            },
            {
              "batter": "Saud Islam",
              "bowler": "EB Ringera",
              "non_striker": "Riazat Ali Shah",
              "runs": {
                "batter": 0,
                "extras": 0,
                "total": 0
              }
            },
            {
              "batter": "Saud Islam",
              "bowler": "EB Ringera",
              "non_striker": "Riazat Ali Shah",
              "runs": {
                "batter": 0,
                "extras": 0,
                "total": 0
              }
            }
          ]
        },
        {
          "over": 9,
          "deliveries": [
            {
              "batter": "Riazat Ali Shah",
              "bowler": "Gurdeep Singh",
              "non_striker": "Saud Islam",
              "runs": {
                "batter": 6,
                "extras": 0,
                "total": 6
              }
            },
            {
              "batter": "Riazat Ali Shah",
              "bowler": "Gurdeep Singh",
              "non_striker": "Saud Islam",
              "runs": {
                "batter": 2,
                "extras": 0,
                "total": 2
              }
            },
            {
              "batter": "Riazat Ali Shah",
              "bowler": "Gurdeep Singh",
              "non_striker": "Saud Islam",
              "runs": {
                "batter": 2,
                "extras": 0,
                "total": 2
              }
            },
            {
              "batter": "Riazat Ali Shah",
              "bowler": "Gurdeep Singh",
              "non_striker": "Saud Islam",
              "runs": {
                "batter": 4,
                "extras": 0,
                "total": 4
              }
            },
            {
              "batter": "Riazat Ali Shah",
              "bowler": "Gurdeep Singh",
              "non_striker": "Saud Islam",
              "runs": {
                "batter": 0,
                "extras": 0,
                "total": 0
              }
            },
            {
              "batter": "Riazat Ali Shah",
              "bowler": "Gurdeep Singh",
              "non_striker": "Saud Islam",
              "runs": {
                "batter": 0,
                "extras": 0,
                "total": 0
              }
            }
          ]
        },
        {
          "over": 10,
          "deliveries": [
            {
              "batter": "Saud Islam",
              "bowler": "P Koech",
              "non_striker": "Riazat Ali Shah",
              "runs": {
                "batter": 2,
                "extras": 0,
                "total": 2
              }
            },
            {
              "batter": "Saud Islam",
              "bowler": "P Koech",
              "non_striker": "Riazat Ali Shah",
              "runs": {
                "batter": 2,
                "extras": 0,
                "total": 2
              }
            },
            {
              "batter": "Saud Islam",
              "bowler": "P Koech",
              "non_striker": "Riazat Ali Shah",
              "runs": {
                "batter": 1,
                "extras": 0,
                "total": 1
              }
            },
            {
              "batter": "Riazat Ali Shah",
              "bowler": "P Koech",
              "extras": {
                "wides": 1
              },
              "non_striker": "Saud Islam",
              "runs": {
                "batter": 0,
                "extras": 1,
                "total": 1
              }
            },
            {
              "batter": "Riazat Ali Shah",
              "bowler": "P Koech",
              "non_striker": "Saud Islam",
              "runs": {
                "batter": 1,
                "extras": 0,
                "total": 1
              }
            },
            {
              "batter": "Saud Islam",
              "bowler": "P Koech",
              "extras": {
                "wides": 1
              },
              "non_striker": "Riazat Ali Shah",
              "runs": {
                "batter": 0,
                "extras": 1,
                "total": 1
              }
            },
            {
              "batter": "Saud Islam",
              "bowler": "P Koech",
              "non_striker": "Riazat Ali Shah",
              "runs": {
                "batter": 2,
                "extras": 0,
                "total": 2
              }
            },
            {
              "batter": "Saud Islam",
              "bowler": "P Koech",
              "non_striker": "Riazat Ali Shah",
              "runs": {
                "batter": 2,
                "extras": 0,
                "total": 2
              }
            }
          ]
        },
        {
          "over": 11,
          "deliveries": [
            {
              "batter": "Riazat Ali Shah",
              "bowler": "SO Ngoche",
              "non_striker": "Saud Islam",
              "runs": {
                "batter": 1,
                "extras": 0,
                "total": 1
              }
            },
            {
              "batter": "Saud Islam",
              "bowler": "SO Ngoche",
              "non_striker": "Riazat Ali Shah",
              "runs": {
                "batter": 1,
                "extras": 0,
                "total": 1
              }
            },
            {
              "batter": "Riazat Ali Shah",
              "bowler": "SO Ngoche",
              "non_striker": "Saud Islam",
              "runs": {
                "batter": 2,
                "extras": 0,
                "total": 2
              }
            },
            {
              "batter": "Riazat Ali Shah",
              "bowler": "SO Ngoche",
              "non_striker": "Saud Islam",
              "runs": {
                "batter": 0,
                "extras": 0,
                "total": 0
              }
            },
            {
              "batter": "Riazat Ali Shah",
              "bowler": "SO Ngoche",
              "non_striker": "Saud Islam",
              "runs": {
                "batter": 1,
                "extras": 0,
                "total": 1
              }
            },
            {
              "batter": "Saud Islam",
              "bowler": "SO Ngoche",
              "non_striker": "Riazat Ali Shah",
              "runs": {
                "batter": 2,
                "extras": 0,
                "total": 2
              }
            }
          ]
        },
        {
          "over": 12,
          "deliveries": [
            {
              "batter": "Riazat Ali Shah",
              "bowler": "P Koech",
              "extras": {
                "wides": 1
              },
              "non_striker": "Saud Islam",
              "runs": {
                "batter": 0,
                "extras": 1,
                "total": 1
              }
            },
            {
              "batter": "Riazat Ali Shah",
              "bowler": "P Koech",
              "non_striker": "Saud Islam",
              "runs": {
                "batter": 0,
                "extras": 0,
                "total": 0
              },
              "wickets": [
                {
                  "player_out": "Riazat Ali Shah",
                  "fielders": [
                    {
                      "name": "IA Karim"
                    }
                  ],
                  "kind": "caught"
                }
              ]
            },
            {
              "batter": "DM Nakrani",
              "bowler": "P Koech",
              "non_striker": "Saud Islam",
              "runs": {
                "batter": 1,
                "extras": 0,
                "total": 1
              }
            },
            {
              "batter": "Saud Islam",
              "bowler": "P Koech",
              "non_striker": "DM Nakrani",
              "runs": {
                "batter": 4,
                "extras": 0,
                "total": 4
              }
            },
            {
              "batter": "Saud Islam",
              "bowler": "P Koech",
              "non_striker": "DM Nakrani",
              "runs": {
                "batter": 2,
                "extras": 0,
                "total": 2
              }
            },
            {
              "batter": "Saud Islam",
              "bowler": "P Koech",
              "non_striker": "DM Nakrani",
              "runs": {
                "batter": 1,
                "extras": 0,
                "total": 1
              }
            },
            {
              "batter": "DM Nakrani",
              "bowler": "P Koech",
              "non_striker": "Saud Islam",
              "runs": {
                "batter": 0,
                "extras": 0,
                "total": 0
              }
            }
          ]
        },
        {
          "over": 13,
          "deliveries": [
            {
              "batter": "Saud Islam",
              "bowler": "Zahid Abbas",
              "non_striker": "DM Nakrani",
              "runs": {
                "batter": 0,
                "extras": 0,
                "total": 0
              }
            },
            {
              "batter": "Saud Islam",
              "bowler": "Zahid Abbas",
              "non_striker": "DM Nakrani",
              "runs": {
                "batter": 2,
                "extras": 0,
                "total": 2
              }
            },
            {
              "batter": "Saud Islam",
              "bowler": "Zahid Abbas",
              "non_striker": "DM Nakrani",
              "runs": {
                "batter": 1,
                "extras": 0,
                "total": 1
              }
            },
            {
              "batter": "DM Nakrani",
              "bowler": "Zahid Abbas",
              "non_striker": "Saud Islam",
              "runs": {
                "batter": 1,
                "extras": 0,
                "total": 1
              }
            },
            {
              "batter": "Saud Islam",
              "bowler": "Zahid Abbas",
              "non_striker": "DM Nakrani",
              "runs": {
                "batter": 1,
                "extras": 0,
                "total": 1
              }
            },
            {
              "batter": "DM Nakrani",
              "bowler": "Zahid Abbas",
              "non_striker": "Saud Islam",
              "runs": {
                "batter": 1,
                "extras": 0,
                "total": 1
              }
            }
          ]
        },
        {
          "over": 14,
          "deliveries": [
            {
              "batter": "DM Nakrani",
              "bowler": "NN Odhiambo",
              "non_striker": "Saud Islam",
              "runs": {
                "batter": 0,
                "extras": 0,
                "total": 0
              },
              "wickets": [
                {
                  "player_out": "DM Nakrani",
                  "fielders": [
                    {
                      "name": "RN Patel"
                    }
                  ],
                  "kind": "caught"
                }
              ]
            },
            {
              "batter": "F Akankwasa",
              "bowler": "NN Odhiambo",
              "non_striker": "Saud Islam",
              "runs": {
                "batter": 0,
                "extras": 0,
                "total": 0
              }
            },
            {
              "batter": "F Akankwasa",
              "bowler": "NN Odhiambo",
              "non_striker": "Saud Islam",
              "runs": {
                "batter": 1,
                "extras": 0,
                "total": 1
              }
            },
            {
              "batter": "Saud Islam",
              "bowler": "NN Odhiambo",
              "non_striker": "F Akankwasa",
              "runs": {
                "batter": 0,
                "extras": 0,
                "total": 0
              }
            },
            {
              "batter": "Saud Islam",
              "bowler": "NN Odhiambo",
              "non_striker": "F Akankwasa",
              "runs": {
                "batter": 1,
                "extras": 0,
                "total": 1
              }
            },
            {
              "batter": "F Akankwasa",
              "bowler": "NN Odhiambo",
              "non_striker": "Saud Islam",
              "runs": {
                "batter": 1,
                "extras": 0,
                "total": 1
              }
            }
          ]
        },
        {
          "over": 15,
          "deliveries": [
            {
              "batter": "F Akankwasa",
              "bowler": "Zahid Abbas",
              "non_striker": "Saud Islam",
              "runs": {
                "batter": 4,
                "extras": 0,
                "total": 4
              }
            },
            {
              "batter": "F Akankwasa",
              "bowler": "Zahid Abbas",
              "non_striker": "Saud Islam",
              "runs": {
                "batter": 0,
                "extras": 0,
                "total": 0
              },
              "wickets": [
                {
                  "player_out": "F Akankwasa",
                  "fielders": [
                    {
                      "name": "RN Patel"
                    }
                  ],
                  "kind": "caught"
                }
              ]
            },
            {
              "batter": "Saud Islam",
              "bowler": "Zahid Abbas",
              "non_striker": "F Achelam",
              "runs": {
                "batter": 1,
                "extras": 0,
                "total": 1
              }
            },
            {
              "batter": "F Achelam",
              "bowler": "Zahid Abbas",
              "non_striker": "Saud Islam",
              "runs": {
                "batter": 1,
                "extras": 0,
                "total": 1
              }
            },
            {
              "batter": "Saud Islam",
              "bowler": "Zahid Abbas",
              "non_striker": "F Achelam",
              "runs": {
                "batter": 4,
                "extras": 0,
                "total": 4
              }
            },
            {
              "batter": "Saud Islam",
              "bowler": "Zahid Abbas",
              "non_striker": "F Achelam",
              "runs": {
                "batter": 0,
                "extras": 0,
                "total": 0
              },
              "wickets": [
                {
                  "player_out": "F Achelam",
                  "kind": "run out"
                }
              ]
            }
          ]
        },
        {
          "over": 16,
          "deliveries": [
            {
              "batter": "Saud Islam",
              "bowler": "EB Ringera",
              "non_striker": "B Masaba",
              "runs": {
                "batter": 2,
                "extras": 0,
                "total": 2
              }
            },
            {
              "batter": "Saud Islam",
              "bowler": "EB Ringera",
              "non_striker": "B Masaba",
              "runs": {
                "batter": 2,
                "extras": 0,
                "total": 2
              }
            },
            {
              "batter": "Saud Islam",
              "bowler": "EB Ringera",
              "non_striker": "B Masaba",
              "runs": {
                "batter": 6,
                "extras": 0,
                "total": 6
              }
            },
            {
              "batter": "Saud Islam",
              "bowler": "EB Ringera",
              "non_striker": "B Masaba",
              "runs": {
                "batter": 1,
                "extras": 0,
                "total": 1
              }
            },
            {
              "batter": "B Masaba",
              "bowler": "EB Ringera",
              "non_striker": "Saud Islam",
              "runs": {
                "batter": 0,
                "extras": 0,
                "total": 0
              }
            },
            {
              "batter": "B Masaba",
              "bowler": "EB Ringera",
              "non_striker": "Saud Islam",
              "runs": {
                "batter": 0,
                "extras": 0,
                "total": 0
              }
            }
          ]
        },
        {
          "over": 17,
          "deliveries": [
            {
              "batter": "Saud Islam",
              "bowler": "SO Ngoche",
              "non_striker": "B Masaba",
              "runs": {
                "batter": 2,
                "extras": 0,
                "total": 2
              }
            },
            {
              "batter": "Saud Islam",
              "bowler": "SO Ngoche",
              "non_striker": "B Masaba",
              "runs": {
                "batter": 1,
                "extras": 0,
                "total": 1
              }
            },
            {
              "batter": "B Masaba",
              "bowler": "SO Ngoche",
              "non_striker": "Saud Islam",
              "runs": {
                "batter": 4,
                "extras": 0,
                "total": 4
              }
            },
            {
              "batter": "B Masaba",
              "bowler": "SO Ngoche",
              "non_striker": "Saud Islam",
              "runs": {
                "batter": 4,
                "extras": 0,
                "total": 4
              }
            },
            {
              "batter": "B Masaba",
              "bowler": "SO Ngoche",
              "non_striker": "Saud Islam",
              "runs": {
                "batter": 1,
                "extras": 0,
                "total": 1
              }
            },
            {
              "batter": "Saud Islam",
              "bowler": "SO Ngoche",
              "non_striker": "B Masaba",
              "runs": {
                "batter": 1,
                "extras": 0,
                "total": 1
              }
            }
          ]
        },
        {
          "over": 18,
          "deliveries": [
            {
              "batter": "Saud Islam",
              "bowler": "NN Odhiambo",
              "non_striker": "B Masaba",
              "runs": {
                "batter": 4,
                "extras": 0,
                "total": 4
              }
            },
            {
              "batter": "Saud Islam",
              "bowler": "NN Odhiambo",
              "non_striker": "B Masaba",
              "runs": {
                "batter": 1,
                "extras": 0,
                "total": 1
              }
            },
            {
              "batter": "B Masaba",
              "bowler": "NN Odhiambo",
              "non_striker": "Saud Islam",
              "runs": {
                "batter": 1,
                "extras": 0,
                "total": 1
              }
            },
            {
              "batter": "Saud Islam",
              "bowler": "NN Odhiambo",
              "non_striker": "B Masaba",
              "runs": {
                "batter": 0,
                "extras": 0,
                "total": 0
              },
              "wickets": [
                {
                  "player_out": "Saud Islam",
                  "kind": "bowled"
                }
              ]
            },
            {
              "batter": "Bilal Hassun",
              "bowler": "NN Odhiambo",
              "non_striker": "B Masaba",
              "runs": {
                "batter": 1,
                "extras": 0,
                "total": 1
              },
              "wickets": [
                {
                  "player_out": "Bilal Hassun",
                  "kind": "run out"
                }
              ]
            },
            {
              "batter": "H Ssenyondo",
              "bowler": "NN Odhiambo",
              "non_striker": "B Masaba",
              "runs": {
                "batter": 0,
                "extras": 0,
                "total": 0
              },
              "wickets": [
                {
                  "player_out": "H Ssenyondo",
                  "fielders": [
                    {
                      "name": "E Otieno"
                    }
                  ],
                  "kind": "caught"
                }
              ]
            }
          ]
        }
      ],
      "powerplays": [
        {
          "from": 0.1,
          "to": 5.6,
          "type": "mandatory"
        }
      ],
      "target": {
        "overs": 20,
        "runs": 152
      }
    }
  ]
}