{
  "meta": {
    "data_version": "1.1.0",
    "created": "2021-09-13",
    "revision": 1
  },
  "info": {
    "balls_per_over": 6,
    "city": "Entebbe",
    "dates": [
      "2021-09-13"
    ],
    "event": {
      "name": "Uganda T20 Tri-Series",
      "match_number": 6
    },
    "gender": "male",
    "match_type": "T20",
    "match_type_number": 1272,
    "missing": [
      "umpires"
    ],
    "outcome": {
      "winner": "Kenya",
      "by": {
        "runs": 61
      }
    },
    "overs": 20,
    "player_of_match": [
      "IA Karim"
    ],
    "players": {
      "Kenya": [
        "Gurdeep Singh",
        "AA Obanda",
        "IA Karim",
        "RN Patel",
        "NM Odhiambo",
        "SO Ngoche",
        "NN Odhiambo",
        "DS Wesonga",
        "EB Ringera",
        "Vraj Patel",
        "P Koech"
      ],
      "Nigeria": [
        "D Ajekun",
        "CN Onwuzulike",
        "JO Adedeji",
        "AJ Ayannaike",
        "VD Adewoye",
        "O Olaleye",
        "P Aho",
        "Mohameed Taiwo",
        "Mustapha Yusuf",
        "P Useni",
        "RA Abolarin"
      ]
    },
    "registry": {
      "people": {
        "AA Obanda": "7081491e",
        "AJ Ayannaike": "f74b682b",
        "CN Onwuzulike": "715dbf27",
        "D Ajekun": "2494ff9e",
        "DS Wesonga": "7545a91a",
        "EB Ringera": "6cedad99",
        "Gurdeep Singh": "31865a5b",
        "IA Karim": "ca92a578",
        "JO Adedeji": "abee08c7",
        "Mohameed Taiwo": "a9d788e3",
        "Mustapha Yusuf": "f3e240a6",
        "NM Odhiambo": "c07a1f41",
        "NN Odhiambo": "753b5a2d",
        "O Olaleye": "811785d2",
        "P Aho": "2e392afa",
        "P Koech": "f4a0a615",
        "P Useni": "71fa64d6",
        "RA Abolarin": "ed524599",
        "RN Patel": "db1bf9c2",
        "SO Ngoche": "49118dc7",
        "VD Adewoye": "45a34a2d",
        "Vraj Patel": "2af28253"
      }
    },
    "season": "2021",
    "team_type": "international",
    "teams": [
      "Kenya",
      "Nigeria"
    ],
    "toss": {
      "decision": "bat",
      "winner": "Kenya"
    },
    "venue": "Entebbe Cricket Oval"
  },
  "innings": [
    {
      "team": "Kenya",
      "overs": [
        {
          "over": 0,
          "deliveries": [
            {
              "batter": "Gurdeep Singh",
              "bowler": "Mustapha Yusuf",
              "non_striker": "AA Obanda",
              "runs": {
                "batter": 0,
                "extras": 0,
                "total": 0
              }
            },
            {
              "batter": "Gurdeep Singh",
              "bowler": "Mustapha Yusuf",
              "non_striker": "AA Obanda",
              "runs": {
                "batter": 0,
                "extras": 0,
                "total": 0
              }
            },
            {
              "batter": "Gurdeep Singh",
              "bowler": "Mustapha Yusuf",
              "non_striker": "AA Obanda",
              "runs": {
                "batter": 0,
                "extras": 0,
                "total": 0
              }
            },
            {
              "batter": "Gurdeep Singh",
              "bowler": "Mustapha Yusuf",
              "non_striker": "AA Obanda",
              "runs": {
                "batter": 4,
                "extras": 0,
                "total": 4
              }
            },
            {
              "batter": "Gurdeep Singh",
              "bowler": "Mustapha Yusuf",
              "non_striker": "AA Obanda",
              "runs": {
                "batter": 1,
                "extras": 0,
                "total": 1
              }
            },
            {
              "batter": "AA Obanda",
              "bowler": "Mustapha Yusuf",
              "non_striker": "Gurdeep Singh",
              "runs": {
                "batter": 4,
                "extras": 0,
                "total": 4
              }
            }
          ]
        },
        {
          "over": 1,
          "deliveries": [
            {
              "batter": "Gurdeep Singh",
              "bowler": "RA Abolarin",
              "extras": {
                "byes": 1
              },
              "non_striker": "AA Obanda",
              "runs": {
                "batter": 0,
                "extras": 1,
                "total": 1
              }
            },
            {
              "batter": "AA Obanda",
              "bowler": "RA Abolarin",
              "non_striker": "Gurdeep Singh",
              "runs": {
                "batter": 4,
                "extras": 0,
                "total": 4
              }
            },
            {
              "batter": "AA Obanda",
              "bowler": "RA Abolarin",
              "non_striker": "Gurdeep Singh",
              "runs": {
                "batter": 1,
                "extras": 0,
                "total": 1
              }
            },
            {
              "batter": "Gurdeep Singh",
              "bowler": "RA Abolarin",
              "extras": {
                "wides": 1
              },
              "non_striker": "AA Obanda",
              "runs": {
                "batter": 0,
                "extras": 1,
                "total": 1
              }
            },
            {
              "batter": "Gurdeep Singh",
              "bowler": "RA Abolarin",
              "non_striker": "AA Obanda",
              "runs": {
                "batter": 1,
                "extras": 0,
                "total": 1
              }
            },
            {
              "batter": "AA Obanda",
              "bowler": "RA Abolarin",
              "non_striker": "Gurdeep Singh",
              "runs": {
                "batter": 4,
                "extras": 0,
                "total": 4
              }
            },
            {
              "batter": "AA Obanda",
              "bowler": "RA Abolarin",
              "non_striker": "Gurdeep Singh",
              "runs": {
                "batter": 0,
                "extras": 0,
                "total": 0
              }
            }
          ]
        },
        {
          "over": 2,
          "deliveries": [
            {
              "batter": "Gurdeep Singh",
              "bowler": "Mustapha Yusuf",
              "non_striker": "AA Obanda",
              "runs": {
                "batter": 4,
                "extras": 0,
                "total": 4
              }
            },
            {
              "batter": "Gurdeep Singh",
              "bowler": "Mustapha Yusuf",
              "non_striker": "AA Obanda",
              "runs": {
                "batter": 0,
                "extras": 0,
                "total": 0
              }
            },
            {
              "batter": "Gurdeep Singh",
              "bowler": "Mustapha Yusuf",
              "non_striker": "AA Obanda",
              "runs": {
                "batter": 0,
                "extras": 0,
                "total": 0
              }
            },
            {
              "batter": "Gurdeep Singh",
              "bowler": "Mustapha Yusuf",
              "non_striker": "AA Obanda",
              "runs": {
                "batter": 2,
                "extras": 0,
                "total": 2
              }
            },
            {
              "batter": "Gurdeep Singh",
              "bowler": "Mustapha Yusuf",
              "non_striker": "AA Obanda",
              "runs": {
                "batter": 0,
                "extras": 0,
                "total": 0
              }
            },
            {
              "batter": "Gurdeep Singh",
              "bowler": "Mustapha Yusuf",
              "non_striker": "AA Obanda",
              "runs": {
                "batter": 0,
                "extras": 0,
                "total": 0
              }
            }
          ]
        },
        {
          "over": 3,
          "deliveries": [
            {
              "batter": "AA Obanda",
              "bowler": "RA Abolarin",
              "non_striker": "Gurdeep Singh",
              "runs": {
                "batter": 0,
                "extras": 0,
                "total": 0
              }
            },
            {
              "batter": "AA Obanda",
              "bowler": "RA Abolarin",
              "non_striker": "Gurdeep Singh",
              "runs": {
                "batter": 0,
                "extras": 0,
                "total": 0
              }
            },
            {
              "batter": "AA Obanda",
              "bowler": "RA Abolarin",
              "non_striker": "Gurdeep Singh",
              "runs": {
                "batter": 1,
                "extras": 0,
                "total": 1
              }
            },
            {
              "batter": "Gurdeep Singh",
              "bowler": "RA Abolarin",
              "extras": {
                "wides": 1
              },
              "non_striker": "AA Obanda",
              "runs": {
                "batter": 0,
                "extras": 1,
                "total": 1
              }
            },
            {
              "batter": "Gurdeep Singh",
              "bowler": "RA Abolarin",
              "non_striker": "AA Obanda",
              "runs": {
                "batter": 0,
                "extras": 0,
                "total": 0
              }
            },
            {
              "batter": "Gurdeep Singh",
              "bowler": "RA Abolarin",
              "non_striker": "AA Obanda",
              "runs": {
                "batter": 1,
                "extras": 0,
                "total": 1
              }
            },
            {
              "batter": "AA Obanda",
              "bowler": "RA Abolarin",
              "non_striker": "Gurdeep Singh",
              "runs": {
                "batter": 0,
                "extras": 0,
                "total": 0
              }
            }
          ]
        },
        {
          "over": 4,
          "deliveries": [
            {
              "batter": "Gurdeep Singh",
              "bowler": "P Useni",
              "non_striker": "AA Obanda",
              "runs": {
                "batter": 0,
                "extras": 0,
                "total": 0
              },
              "wickets": [
                {
                  "player_out": "Gurdeep Singh",
                  "kind": "bowled"
                }
              ]
            },
            {
              "batter": "IA Karim",
              "bowler": "P Useni",
              "non_striker": "AA Obanda",
              "runs": {
                "batter": 0,
                "extras": 0,
                "total": 0
              }
            },
            {
              "batter": "IA Karim",
              "bowler": "P Useni",
              "non_striker": "AA Obanda",
              "runs": {
                "batter": 1,
                "extras": 0,
                "total": 1
              }
            },
            {
              "batter": "AA Obanda",
              "bowler": "P Useni",
              "non_striker": "IA Karim",
              "runs": {
                "batter": 0,
                "extras": 0,
                "total": 0
              }
            },
            {
              "batter": "AA Obanda",
              "bowler": "P Useni",
              "non_striker": "IA Karim",
              "runs": {
                "batter": 1,
                "extras": 0,
                "total": 1
              }
            },
            {
              "batter": "IA Karim",
              "bowler": "P Useni",
              "extras": {
                "noballs": 1
              },
              "non_striker": "AA Obanda",
              "runs": {
                "batter": 0,
                "extras": 1,
                "total": 1
              }
            },
            {
              "batter": "IA Karim",
              "bowler": "P Useni",
              "non_striker": "AA Obanda",
              "runs": {
                "batter": 4,
                "extras": 0,
                "total": 4
              }
            }
          ]
        },
        {
          "over": 5,
          "deliveries": [
            {
              "batter": "AA Obanda",
              "bowler": "P Aho",
              "non_striker": "IA Karim",
              "runs": {
                "batter": 0,
                "extras": 0,
                "total": 0
              }
            },
            {
              "batter": "AA Obanda",
              "bowler": "P Aho",
              "non_striker": "IA Karim",
              "runs": {
                "batter": 1,
                "extras": 0,
                "total": 1
              }
            },
            {
              "batter": "IA Karim",
              "bowler": "P Aho",
              "non_striker": "AA Obanda",
              "runs": {
                "batter": 1,
                "extras": 0,
                "total": 1
              }
            },
            {
              "batter": "AA Obanda",
              "bowler": "P Aho",
              "non_striker": "IA Karim",
              "runs": {
                "batter": 2,
                "extras": 0,
                "total": 2
              }
            },
            {
              "batter": "AA Obanda",
              "bowler": "P Aho",
              "non_striker": "IA Karim",
              "runs": {
                "batter": 1,
                "extras": 0,
                "total": 1
              }
            },
            {
              "batter": "IA Karim",
              "bowler": "P Aho",
              "non_striker": "AA Obanda",
              "runs": {
                "batter": 0,
                "extras": 0,
                "total": 0
              }
            }
          ]
        },
        {
          "over": 6,
          "deliveries": [
            {
              "batter": "AA Obanda",
              "bowler": "JO Adedeji",
              "non_striker": "IA Karim",
              "runs": {
                "batter": 0,
                "extras": 0,
                "total": 0
              }
            },
            {
              "batter": "AA Obanda",
              "bowler": "JO Adedeji",
              "non_striker": "IA Karim",
              "runs": {
                "batter": 2,
                "extras": 0,
                "total": 2
              }
            },
            {
              "batter": "AA Obanda",
              "bowler": "JO Adedeji",
              "non_striker": "IA Karim",
              "runs": {
                "batter": 1,
                "extras": 0,
                "total": 1
              }
            },
            {
              "batter": "IA Karim",
              "bowler": "JO Adedeji",
              "non_striker": "AA Obanda",
              "runs": {
                "batter": 0,
                "extras": 0,
                "total": 0
              }
            },
            {
              "batter": "IA Karim",
              "bowler": "JO Adedeji",
              "non_striker": "AA Obanda",
              "runs": {
                "batter": 1,
                "extras": 0,
                "total": 1
              }
            },
            {
              "batter": "AA Obanda",
              "bowler": "JO Adedeji",
              "non_striker": "IA Karim",
              "runs": {
                "batter": 4,
                "extras": 0,
                "total": 4
              }
            }
          ]
        },
        {
          "over": 7,
          "deliveries": [
            {
              "batter": "IA Karim",
              "bowler": "P Aho",
              "non_striker": "AA Obanda",
              "runs": {
                "batter": 1,
                "extras": 0,
                "total": 1
              }
            },
            {
              "batter": "AA Obanda",
              "bowler": "P Aho",
              "extras": {
                "wides": 1
              },
              "non_striker": "IA Karim",
              "runs": {
                "batter": 0,
                "extras": 1,
                "total": 1
              }
            },
            {
              "batter": "AA Obanda",
              "bowler": "P Aho",
              "non_striker": "IA Karim",
              "runs": {
                "batter": 1,
                "extras": 0,
                "total": 1
              }
            },
            {
              "batter": "IA Karim",
              "bowler": "P Aho",
              "non_striker": "AA Obanda",
              "runs": {
                "batter": 1,
                "extras": 0,
                "total": 1
              }
            },
            {
              "batter": "AA Obanda",
              "bowler": "P Aho",
              "non_striker": "IA Karim",
              "runs": {
                "batter": 2,
                "extras": 0,
                "total": 2
              }
            },
            {
              "batter": "AA Obanda",
              "bowler": "P Aho",
              "non_striker": "IA Karim",
              "runs": {
                "batter": 4,
                "extras": 0,
                "total": 4
              }
            },
            {
              "batter": "AA Obanda",
              "bowler": "P Aho",
              "non_striker": "IA Karim",
              "runs": {
                "batter": 0,
                "extras": 0,
                "total": 0
              }
            }
          ]
        },
        {
          "over": 8,
          "deliveries": [
            {
              "batter": "IA Karim",
              "bowler": "JO Adedeji",
              "non_striker": "AA Obanda",
              "runs": {
                "batter": 2,
                "extras": 0,
                "total": 2
              }
            },
            {
              "batter": "IA Karim",
              "bowler": "JO Adedeji",
              "non_striker": "AA Obanda",
              "runs": {
                "batter": 0,
                "extras": 0,
                "total": 0
              }
            },
            {
              "batter": "IA Karim",
              "bowler": "JO Adedeji",
              "non_striker": "AA Obanda",
              "runs": {
                "batter": 1,
                "extras": 0,
                "total": 1
              }
            },
            {
              "batter": "AA Obanda",
              "bowler": "JO Adedeji",
              "non_striker": "IA Karim",
              "runs": {
                "batter": 0,
                "extras": 0,
                "total": 0
              },
              "wickets": [
                {
                  "player_out": "AA Obanda",
                  "fielders": [
                    {
                      "name": "O Olaleye"
                    }
                  ],
                  "kind": "caught"
                }
              ]
            },
            {
              "batter": "IA Karim",
              "bowler": "JO Adedeji",
              "non_striker": "RN Patel",
              "runs": {
                "batter": 0,
                "extras": 0,
                "total": 0
              }
            },
            {
              "batter": "IA Karim",
              "bowler": "JO Adedeji",
              "non_striker": "RN Patel",
              "runs": {
                "batter": 1,
                "extras": 0,
                "total": 1
              }
            }
          ]
        },
        {
          "over": 9,
          "deliveries": [
            {
              "batter": "IA Karim",
              "bowler": "Mohameed Taiwo",
              "non_striker": "RN Patel",
              "runs": {
                "batter": 2,
                "extras": 0,
                "total": 2
              }
            },
            {
              "batter": "IA Karim",
              "bowler": "Mohameed Taiwo",
              "non_striker": "RN Patel",
              "runs": {
                "batter": 0,
                "extras": 0,
                "total": 0
              }
            },
            {
              "batter": "IA Karim",
              "bowler": "Mohameed Taiwo",
              "non_striker": "RN Patel",
              "runs": {
                "batter": 2,
                "extras": 0,
                "total": 2
              }
            },
            {
              "batter": "IA Karim",
              "bowler": "Mohameed Taiwo",
              "non_striker": "RN Patel",
              "runs": {
                "batter": 1,
                "extras": 0,
                "total": 1
              }
            },
            {
              "batter": "RN Patel",
              "bowler": "Mohameed Taiwo",
              "non_striker": "IA Karim",
              "runs": {
                "batter": 1,
                "extras": 0,
                "total": 1
              }
            },
            {
              "batter": "IA Karim",
              "bowler": "Mohameed Taiwo",
              "non_striker": "RN Patel",
              "runs": {
                "batter": 1,
                "extras": 0,
                "total": 1
              }
            }
          ]
        },
        {
          "over": 10,
          "deliveries": [
            {
              "batter": "IA Karim",
              "bowler": "JO Adedeji",
              "non_striker": "RN Patel",
              "runs": {
                "batter": 1,
                "extras": 0,
                "total": 1
              }
            },
            {
              "batter": "RN Patel",
              "bowler": "JO Adedeji",
              "non_striker": "IA Karim",
              "runs": {
                "batter": 0,
                "extras": 0,
                "total": 0
              }
            },
            {
              "batter": "RN Patel",
              "bowler": "JO Adedeji",
              "non_striker": "IA Karim",
              "runs": {
                "batter": 1,
                "extras": 0,
                "total": 1
              }
            },
            {
              "batter": "IA Karim",
              "bowler": "JO Adedeji",
              "non_striker": "RN Patel",
              "runs": {
                "batter": 1,
                "extras": 0,
                "total": 1
              }
            },
            {
              "batter": "RN Patel",
              "bowler": "JO Adedeji",
              "non_striker": "IA Karim",
              "runs": {
                "batter": 2,
                "extras": 0,
                "total": 2
              }
            },
            {
              "batter": "RN Patel",
              "bowler": "JO Adedeji",
              "non_striker": "IA Karim",
              "runs": {
                "batter": 0,
                "extras": 0,
                "total": 0
              }
            }
          ]
        },
        {
          "over": 11,
          "deliveries": [
            {
              "batter": "IA Karim",
              "bowler": "Mohameed Taiwo",
              "non_striker": "RN Patel",
              "runs": {
                "batter": 1,
                "extras": 0,
                "total": 1
              }
            },
            {
              "batter": "RN Patel",
              "bowler": "Mohameed Taiwo",
              "non_striker": "IA Karim",
              "runs": {
                "batter": 2,
                "extras": 0,
                "total": 2
              }
            },
            {
              "batter": "RN Patel",
              "bowler": "Mohameed Taiwo",
              "extras": {
                "wides": 1
              },
              "non_striker": "IA Karim",
              "runs": {
                "batter": 0,
                "extras": 1,
                "total": 1
              }
            },
            {
              "batter": "RN Patel",
              "bowler": "Mohameed Taiwo",
              "non_striker": "IA Karim",
              "runs": {
                "batter": 1,
                "extras": 0,
                "total": 1
              }
            },
            {
              "batter": "IA Karim",
              "bowler": "Mohameed Taiwo",
              "non_striker": "RN Patel",
              "runs": {
                "batter": 4,
                "extras": 0,
                "total": 4
              }
            },
            {
              "batter": "IA Karim",
              "bowler": "Mohameed Taiwo",
              "non_striker": "RN Patel",
              "runs": {
                "batter": 4,
                "extras": 0,
                "total": 4
              }
            },
            {
              "batter": "IA Karim",
              "bowler": "Mohameed Taiwo",
              "non_striker": "RN Patel",
              "runs": {
                "batter": 1,
                "extras": 0,
                "total": 1
              }
            }
          ]
        },
        {
          "over": 12,
          "deliveries": [
            {
              "batter": "IA Karim",
              "bowler": "P Useni",
              "non_striker": "RN Patel",
              "runs": {
                "batter": 2,
                "extras": 0,
                "total": 2
              }
            },
            {
              "batter": "IA Karim",
              "bowler": "P Useni",
              "non_striker": "RN Patel",
              "runs": {
                "batter": 0,
                "extras": 0,
                "total": 0
              }
            },
            {
              "batter": "IA Karim",
              "bowler": "P Useni",
              "non_striker": "RN Patel",
              "runs": {
                "batter": 0,
                "extras": 0,
                "total": 0
              }
            },
            {
              "batter": "IA Karim",
              "bowler": "P Useni",
              "non_striker": "RN Patel",
              "runs": {
                "batter": 2,
                "extras": 0,
                "total": 2
              }
            },
            {
              "batter": "IA Karim",
              "bowler": "P Useni",
              "non_striker": "RN Patel",
              "runs": {
                "batter": 0,
                "extras": 0,
                "total": 0
              }
            },
            {
              "batter": "IA Karim",
              "bowler": "P Useni",
              "non_striker": "RN Patel",
              "runs": {
                "batter": 2,
                "extras": 0,
                "total": 2
              }
            }
          ]
        },
        {
          "over": 13,
          "deliveries": [
            {
              "batter": "RN Patel",
              "bowler": "P Aho",
              "non_striker": "IA Karim",
              "runs": {
                "batter": 2,
                "extras": 0,
                "total": 2
              }
            },
            {
              "batter": "RN Patel",
              "bowler": "P Aho",
              "non_striker": "IA Karim",
              "runs": {
                "batter": 1,
                "extras": 0,
                "total": 1
              }
            },
            {
              "batter": "IA Karim",
              "bowler": "P Aho",
              "non_striker": "RN Patel",
              "runs": {
                "batter": 0,
                "extras": 0,
                "total": 0
              }
            },
            {
              "batter": "IA Karim",
              "bowler": "P Aho",
              "non_striker": "RN Patel",
              "runs": {
                "batter": 0,
                "extras": 0,
                "total": 0
              }
            },
            {
              "batter": "IA Karim",
              "bowler": "P Aho",
              "non_striker": "RN Patel",
              "runs": {
                "batter": 1,
                "extras": 0,
                "total": 1
              }
            },
            {
              "batter": "RN Patel",
              "bowler": "P Aho",
              "non_striker": "IA Karim",
              "runs": {
                "batter": 0,
                "extras": 0,
                "total": 0
              }
            }
          ]
        },
        {
          "over": 14,
          "deliveries": [
            {
              "batter": "IA Karim",
              "bowler": "Mustapha Yusuf",
              "non_striker": "RN Patel",
              "runs": {
                "batter": 6,
                "extras": 0,
                "total": 6
              }
            },
            {
              "batter": "IA Karim",
              "bowler": "Mustapha Yusuf",
              "non_striker": "RN Patel",
              "runs": {
                "batter": 2,
                "extras": 0,
                "total": 2
              }
            },
            {
              "batter": "IA Karim",
              "bowler": "Mustapha Yusuf",
              "non_striker": "RN Patel",
              "runs": {
                "batter": 1,
                "extras": 0,
                "total": 1
              }
            },
            {
              "batter": "RN Patel",
              "bowler": "Mustapha Yusuf",
              "non_striker": "IA Karim",
              "runs": {
                "batter": 4,
                "extras": 0,
                "total": 4
              }
            },
            {
              "batter": "RN Patel",
              "bowler": "Mustapha Yusuf",
              "non_striker": "IA Karim",
              "runs": {
                "batter": 2,
                "extras": 0,
                "total": 2
              }
            },
            {
              "batter": "RN Patel",
              "bowler": "Mustapha Yusuf",
              "non_striker": "IA Karim",
              "runs": {
                "batter": 1,
                "extras": 0,
                "total": 1
              }
            }
          ]
        },
        {
          "over": 15,
          "deliveries": [
            {
              "batter": "RN Patel",
              "bowler": "RA Abolarin",
              "non_striker": "IA Karim",
              "runs": {
                "batter": 1,
                "extras": 0,
                "total": 1
              }
            },
            {
              "batter": "IA Karim",
              "bowler": "RA Abolarin",
              "non_striker": "RN Patel",
              "runs": {
                "batter": 2,
                "extras": 0,
                "total": 2
              }
            },
            {
              "batter": "IA Karim",
              "bowler": "RA Abolarin",
              "non_striker": "RN Patel",
              "runs": {
                "batter": 4,
                "extras": 0,
                "total": 4
              }
            },
            {
              "batter": "IA Karim",
              "bowler": "RA Abolarin",
              "extras": {
                "wides": 1
              },
              "non_striker": "RN Patel",
              "runs": {
                "batter": 0,
                "extras": 1,
                "total": 1
              }
            },
            {
              "batter": "IA Karim",
              "bowler": "RA Abolarin",
              "non_striker": "RN Patel",
              "runs": {
                "batter": 1,
                "extras": 0,
                "total": 1
              }
            },
            {
              "batter": "RN Patel",
              "bowler": "RA Abolarin",
              "non_striker": "IA Karim",
              "runs": {
                "batter": 4,
                "extras": 0,
                "total": 4
              }
            },
            {
              "batter": "RN Patel",
              "bowler": "RA Abolarin",
              "non_striker": "IA Karim",
              "runs": {
                "batter": 2,
                "extras": 0,
                "total": 2
              }
            }
          ]
        },
        {
          "over": 16,
          "deliveries": [
            {
              "batter": "IA Karim",
              "bowler": "P Aho",
              "non_striker": "RN Patel",
              "runs": {
                "batter": 0,
                "extras": 0,
                "total": 0
              }
            },
            {
              "batter": "IA Karim",
              "bowler": "P Aho",
              "non_striker": "RN Patel",
              "runs": {
                "batter": 4,
                "extras": 0,
                "total": 4
              }
            },
            {
              "batter": "IA Karim",
              "bowler": "P Aho",
              "non_striker": "RN Patel",
              "runs": {
                "batter": 0,
                "extras": 0,
                "total": 0
              }
            },
            {
              "batter": "IA Karim",
              "bowler": "P Aho",
              "extras": {
                "legbyes": 2
              },
              "non_striker": "RN Patel",
              "runs": {
                "batter": 0,
                "extras": 2,
                "total": 2
              }
            },
            {
              "batter": "IA Karim",
              "bowler": "P Aho",
              "non_striker": "RN Patel",
              "runs": {
                "batter": 0,
                "extras": 0,
                "total": 0
              },
              "wickets": [
                {
                  "player_out": "IA Karim",
                  "fielders": [
                    {
                      "name": "AJ Ayannaike"
                    }
                  ],
                  "kind": "caught"
                }
              ]
            },
            {
              "batter": "NM Odhiambo",
              "bowler": "P Aho",
              "non_striker": "RN Patel",
              "runs": {
                "batter": 1,
                "extras": 0,
                "total": 1
              }
            }
          ]
        },
        {
          "over": 17,
          "deliveries": [
            {
              "batter": "NM Odhiambo",
              "bowler": "Mohameed Taiwo",
              "non_striker": "RN Patel",
              "runs": {
                "batter": 1,
                "extras": 0,
                "total": 1
              }
            },
            {
              "batter": "RN Patel",
              "bowler": "Mohameed Taiwo",
              "non_striker": "NM Odhiambo",
              "runs": {
                "batter": 1,
                "extras": 0,
                "total": 1
              }
            },
            {
              "batter": "NM Odhiambo",
              "bowler": "Mohameed Taiwo",
              "non_striker": "RN Patel",
              "runs": {
                "batter": 4,
                "extras": 0,
                "total": 4
              }
            },
            {
              "batter": "NM Odhiambo",
              "bowler": "Mohameed Taiwo",
              "non_striker": "RN Patel",
              "runs": {
                "batter": 0,
                "extras": 0,
                "total": 0
              }
            },
            {
              "batter": "NM Odhiambo",
              "bowler": "Mohameed Taiwo",
              "non_striker": "RN Patel",
              "runs": {
                "batter": 1,
                "extras": 0,
                "total": 1
              }
            },
            {
              "batter": "RN Patel",
              "bowler": "Mohameed Taiwo",
              "non_striker": "NM Odhiambo",
              "runs": {
                "batter": 1,
                "extras": 0,
                "total": 1
              }
            }
          ]
        },
        {
          "over": 18,
          "deliveries": [
            {
              "batter": "RN Patel",
              "bowler": "P Useni",
              "non_striker": "NM Odhiambo",
              "runs": {
                "batter": 0,
                "extras": 0,
                "total": 0
              }
            },
            {
              "batter": "RN Patel",
              "bowler": "P Useni",
              "extras": {
                "wides": 1
              },
              "non_striker": "NM Odhiambo",
              "runs": {
                "batter": 0,
                "extras": 1,
                "total": 1
              }
            },
            {
              "batter": "RN Patel",
              "bowler": "P Useni",
              "non_striker": "NM Odhiambo",
              "runs": {
                "batter": 0,
                "extras": 0,
                "total": 0
              },
              "wickets": [
                {
                  "player_out": "RN Patel",
                  "fielders": [
                    {
                      "name": "Mohameed Taiwo"
                    }
                  ],
                  "kind": "caught"
                }
              ]
            },
            {
              "batter": "NM Odhiambo",
              "bowler": "P Useni",
              "non_striker": "SO Ngoche",
              "runs": {
                "batter": 0,
                "extras": 0,
                "total": 0
              }
            },
            {
              "batter": "NM Odhiambo",
              "bowler": "P Useni",
              "non_striker": "SO Ngoche",
              "runs": {
                "batter": 1,
                "extras": 0,
                "total": 1
              }
            },
            {
              "batter": "SO Ngoche",
              "bowler": "P Useni",
              "non_striker": "NM Odhiambo",
              "runs": {
                "batter": 1,
                "extras": 0,
                "total": 1
              }
            },
            {
              "batter": "NM Odhiambo",
              "bowler": "P Useni",
              "non_striker": "SO Ngoche",
              "runs": {
                "batter": 1,
                "extras": 0,
                "total": 1
              }
            }
          ]
        },
        {
          "over": 19,
          "deliveries": [
            {
              "batter": "NM Odhiambo",
              "bowler": "Mustapha Yusuf",
              "extras": {
                "wides": 1
              },
              "non_striker": "SO Ngoche",
              "runs": {
                "batter": 0,
                "extras": 1,
                "total": 1
              }
            },
            {
              "batter": "NM Odhiambo",
              "bowler": "Mustapha Yusuf",
              "non_striker": "SO Ngoche",
              "runs": {
                "batter": 4,
                "extras": 0,
                "total": 4
              }
            },
            {
              "batter": "NM Odhiambo",
              "bowler": "Mustapha Yusuf",
              "non_striker": "SO Ngoche",
              "runs": {
                "batter": 0,
                "extras": 0,
                "total": 0
              }
            },
            {
              "batter": "NM Odhiambo",
              "bowler": "Mustapha Yusuf",
              "non_striker": "SO Ngoche",
              "runs": {
                "batter": 2,
                "extras": 0,
                "total": 2
              }
            },
            {
              "batter": "NM Odhiambo",
              "bowler": "Mustapha Yusuf",
              "non_striker": "SO Ngoche",
              "runs": {
                "batter": 4,
                "extras": 0,
                "total": 4
              }
            },
            {
              "batter": "NM Odhiambo",
              "bowler": "Mustapha Yusuf",
              "non_striker": "SO Ngoche",
              "runs": {
                "batter": 0,
                "extras": 0,
                "total": 0
              },
              "wickets": [
                {
                  "player_out": "NM Odhiambo",
                  "fielders": [
                    {
                      "name": "RA Abolarin"
                    }
                  ],
                  "kind": "caught"
                }
              ]
            },
            {
              "batter": "SO Ngoche",
              "bowler": "Mustapha Yusuf",
              "non_striker": "NN Odhiambo",
              "runs": {
                "batter": 1,
                "extras": 0,
                "total": 1
              }
            }
          ]
        }
      ],
      "powerplays": [
        {
          "from": 0.1,
          "to": 5.6,
          "type": "mandatory"
        }
      ]
    },
    {
      "team": "Nigeria",
      "overs": [
        {
          "over": 0,
          "deliveries": [
            {
              "batter": "D Ajekun",
              "bowler": "NN Odhiambo",
              "non_striker": "CN Onwuzulike",
              "runs": {
                "batter": 0,
                "extras": 0,
                "total": 0
              }
            },
            {
              "batter": "D Ajekun",
              "bowler": "NN Odhiambo",
              "non_striker": "CN Onwuzulike",
              "runs": {
                "batter": 1,
                "extras": 0,
                "total": 1
              }
            },
            {
              "batter": "CN Onwuzulike",
              "bowler": "NN Odhiambo",
              "non_striker": "D Ajekun",
              "runs": {
                "batter": 4,
                "extras": 0,
                "total": 4
              }
            },
            {
              "batter": "CN Onwuzulike",
              "bowler": "NN Odhiambo",
              "non_striker": "D Ajekun",
              "runs": {
                "batter": 0,
                "extras": 0,
                "total": 0
              }
            },
            {
              "batter": "CN Onwuzulike",
              "bowler": "NN Odhiambo",
              "non_striker": "D Ajekun",
              "runs": {
                "batter": 0,
                "extras": 0,
                "total": 0
              }
            },
            {
              "batter": "CN Onwuzulike",
              "bowler": "NN Odhiambo",
              "non_striker": "D Ajekun",
              "runs": {
                "batter": 0,
                "extras": 0,
                "total": 0
              }
            }
          ]
        },
        {
          "over": 1,
          "deliveries": [
            {
              "batter": "D Ajekun",
              "bowler": "SO Ngoche",
              "non_striker": "CN Onwuzulike",
              "runs": {
                "batter": 0,
                "extras": 0,
                "total": 0
              }
            },
            {
              "batter": "D Ajekun",
              "bowler": "SO Ngoche",
              "non_striker": "CN Onwuzulike",
              "runs": {
                "batter": 1,
                "extras": 0,
                "total": 1
              }
            },
            {
              "batter": "CN Onwuzulike",
              "bowler": "SO Ngoche",
              "non_striker": "D Ajekun",
              "runs": {
                "batter": 0,
                "extras": 0,
                "total": 0
              }
            },
            {
              "batter": "CN Onwuzulike",
              "bowler": "SO Ngoche",
              "non_striker": "D Ajekun",
              "runs": {
                "batter": 0,
                "extras": 0,
                "total": 0
              }
            },
            {
              "batter": "CN Onwuzulike",
              "bowler": "SO Ngoche",
              "non_striker": "D Ajekun",
              "runs": {
                "batter": 0,
                "extras": 0,
                "total": 0
              }
            },
            {
              "batter": "CN Onwuzulike",
              "bowler": "SO Ngoche",
              "non_striker": "D Ajekun",
              "runs": {
                "batter": 0,
                "extras": 0,
                "total": 0
              }
            }
          ]
        },
        {
          "over": 2,
          "deliveries": [
            {
              "batter": "D Ajekun",
              "bowler": "NN Odhiambo",
              "non_striker": "CN Onwuzulike",
              "runs": {
                "batter": 1,
                "extras": 0,
                "total": 1
              }
            },
            {
              "batter": "CN Onwuzulike",
              "bowler": "NN Odhiambo",
              "non_striker": "D Ajekun",
              "runs": {
                "batter": 1,
                "extras": 0,
                "total": 1
              }
            },
            {
              "batter": "D Ajekun",
              "bowler": "NN Odhiambo",
              "non_striker": "CN Onwuzulike",
              "runs": {
                "batter": 0,
                "extras": 0,
                "total": 0
              }
            },
            {
              "batter": "D Ajekun",
              "bowler": "NN Odhiambo",
              "non_striker": "CN Onwuzulike",
              "runs": {
                "batter": 1,
                "extras": 0,
                "total": 1
              }
            },
            {
              "batter": "CN Onwuzulike",
              "bowler": "NN Odhiambo",
              "non_striker": "D Ajekun",
              "runs": {
                "batter": 2,
                "extras": 0,
                "total": 2
              }
            },
            {
              "batter": "CN Onwuzulike",
              "bowler": "NN Odhiambo",
              "non_striker": "D Ajekun",
              "runs": {
                "batter": 0,
                "extras": 0,
                "total": 0
              },
              "wickets": [
                {
                  "player_out": "CN Onwuzulike",
                  "fielders": [
                    {
                      "name": "DS Wesonga"
                    }
                  ],
                  "kind": "caught"
                }
              ]
            }
          ]
        },
        {
          "over": 3,
          "deliveries": [
            {
              "batter": "D Ajekun",
              "bowler": "SO Ngoche",
              "non_striker": "JO Adedeji",
              "runs": {
                "batter": 0,
                "extras": 0,
                "total": 0
              }
            },
            {
              "batter": "D Ajekun",
              "bowler": "SO Ngoche",
              "non_striker": "JO Adedeji",
              "runs": {
                "batter": 0,
                "extras": 0,
                "total": 0
              }
            },
            {
              "batter": "D Ajekun",
              "bowler": "SO Ngoche",
              "non_striker": "JO Adedeji",
              "runs": {
                "batter": 1,
                "extras": 0,
                "total": 1
              }
            },
            {
              "batter": "JO Adedeji",
              "bowler": "SO Ngoche",
              "non_striker": "D Ajekun",
              "runs": {
                "batter": 0,
                "extras": 0,
                "total": 0
              },
              "wickets": [
                {
                  "player_out": "JO Adedeji",
                  "fielders": [
                    {
                      "name": "IA Karim"
                    }
                  ],
                  "kind": "stumped"
                }
              ]
            },
            {
              "batter": "AJ Ayannaike",
              "bowler": "SO Ngoche",
              "non_striker": "D Ajekun",
              "runs": {
                "batter": 0,
                "extras": 0,
                "total": 0
              }
            },
            {
              "batter": "AJ Ayannaike",
              "bowler": "SO Ngoche",
              "non_striker": "D Ajekun",
              "runs": {
                "batter": 3,
                "extras": 0,
                "total": 3
              }
            }
          ]
        },
        {
          "over": 4,
          "deliveries": [
            {
              "batter": "AJ Ayannaike",
              "bowler": "NN Odhiambo",
              "non_striker": "D Ajekun",
              "runs": {
                "batter": 1,
                "extras": 0,
                "total": 1
              }
            },
            {
              "batter": "D Ajekun",
              "bowler": "NN Odhiambo",
              "non_striker": "AJ Ayannaike",
              "runs": {
                "batter": 0,
                "extras": 0,
                "total": 0
              }
            },
            {
              "batter": "D Ajekun",
              "bowler": "NN Odhiambo",
              "non_striker": "AJ Ayannaike",
              "runs": {
                "batter": 1,
                "extras": 0,
                "total": 1
              }
            },
            {
              "batter": "AJ Ayannaike",
              "bowler": "NN Odhiambo",
              "non_striker": "D Ajekun",
              "runs": {
                "batter": 0,
                "extras": 0,
                "total": 0
              }
            },
            {
              "batter": "AJ Ayannaike",
              "bowler": "NN Odhiambo",
              "non_striker": "D Ajekun",
              "runs": {
                "batter": 1,
                "extras": 0,
                "total": 1
              }
            },
            {
              "batter": "D Ajekun",
              "bowler": "NN Odhiambo",
              "non_striker": "AJ Ayannaike",
              "runs": {
                "batter": 0,
                "extras": 0,
                "total": 0
              }
            }
          ]
        },
        {
          "over": 5,
          "deliveries": [
            {
              "batter": "AJ Ayannaike",
              "bowler": "SO Ngoche",
              "non_striker": "D Ajekun",
              "runs": {
                "batter": 1,
                "extras": 0,
                "total": 1
              }
            },
            {
              "batter": "D Ajekun",
              "bowler": "SO Ngoche",
              "non_striker": "AJ Ayannaike",
              "runs": {
                "batter": 0,
                "extras": 0,
                "total": 0
              }
            },
            {
              "batter": "D Ajekun",
              "bowler": "SO Ngoche",
              "non_striker": "AJ Ayannaike",
              "runs": {
                "batter": 0,
                "extras": 0,
                "total": 0
              }
            },
            {
              "batter": "D Ajekun",
              "bowler": "SO Ngoche",
              "non_striker": "AJ Ayannaike",
              "runs": {
                "batter": 4,
                "extras": 0,
                "total": 4
              }
            },
            {
              "batter": "D Ajekun",
              "bowler": "SO Ngoche",
              "non_striker": "AJ Ayannaike",
              "runs": {
                "batter": 1,
                "extras": 0,
                "total": 1
              }
            },
            {
              "batter": "AJ Ayannaike",
              "bowler": "SO Ngoche",
              "non_striker": "D Ajekun",
              "runs": {
                "batter": 0,
                "extras": 0,
                "total": 0
              }
            }
          ]
        },
        {
          "over": 6,
          "deliveries": [
            {
              "batter": "D Ajekun",
              "bowler": "EB Ringera",
              "non_striker": "AJ Ayannaike",
              "runs": {
                "batter": 0,
                "extras": 0,
                "total": 0
              }
            },
            {
              "batter": "D Ajekun",
              "bowler": "EB Ringera",
              "non_striker": "AJ Ayannaike",
              "runs": {
                "batter": 1,
                "extras": 0,
                "total": 1
              }
            },
            {
              "batter": "AJ Ayannaike",
              "bowler": "EB Ringera",
              "non_striker": "D Ajekun",
              "runs": {
                "batter": 1,
                "extras": 0,
                "total": 1
              }
            },
            {
              "batter": "D Ajekun",
              "bowler": "EB Ringera",
              "non_striker": "AJ Ayannaike",
              "runs": {
                "batter": 2,
                "extras": 0,
                "total": 2
              }
            },
            {
              "batter": "D Ajekun",
              "bowler": "EB Ringera",
              "non_striker": "AJ Ayannaike",
              "runs": {
                "batter": 0,
                "extras": 0,
                "total": 0
              }
            },
            {
              "batter": "D Ajekun",
              "bowler": "EB Ringera",
              "non_striker": "AJ Ayannaike",
              "runs": {
                "batter": 0,
                "extras": 0,
                "total": 0
              }
            }
          ]
        },
        {
          "over": 7,
          "deliveries": [
            {
              "batter": "AJ Ayannaike",
              "bowler": "SO Ngoche",
              "non_striker": "D Ajekun",
              "runs": {
                "batter": 0,
                "extras": 0,
                "total": 0
              }
            },
            {
              "batter": "AJ Ayannaike",
              "bowler": "SO Ngoche",
              "non_striker": "D Ajekun",
              "runs": {
                "batter": 1,
                "extras": 0,
                "total": 1
              }
            },
            {
              "batter": "D Ajekun",
              "bowler": "SO Ngoche",
              "non_striker": "AJ Ayannaike",
              "runs": {
                "batter": 0,
                "extras": 0,
                "total": 0
              }
            },
            {
              "batter": "D Ajekun",
              "bowler": "SO Ngoche",
              "non_striker": "AJ Ayannaike",
              "runs": {
                "batter": 2,
                "extras": 0,
                "total": 2
              }
            },
            {
              "batter": "D Ajekun",
              "bowler": "SO Ngoche",
              "non_striker": "AJ Ayannaike",
              "runs": {
                "batter": 1,
                "extras": 0,
                "total": 1
              }
            },
            {
              "batter": "AJ Ayannaike",
              "bowler": "SO Ngoche",
              "non_striker": "D Ajekun",
              "runs": {
                "batter": 0,
                "extras": 0,
                "total": 0
              }
            }
          ]
        },
        {
          "over": 8,
          "deliveries": [
            {
              "batter": "D Ajekun",
              "bowler": "EB Ringera",
              "non_striker": "AJ Ayannaike",
              "runs": {
                "batter": 1,
                "extras": 0,
                "total": 1
              }
            },
            {
              "batter": "AJ Ayannaike",
              "bowler": "EB Ringera",
              "extras": {
                "wides": 1
              },
              "non_striker": "D Ajekun",
              "runs": {
                "batter": 0,
                "extras": 1,
                "total": 1
              }
            },
            {
              "batter": "AJ Ayannaike",
              "bowler": "EB Ringera",
              "non_striker": "D Ajekun",
              "runs": {
                "batter": 1,
                "extras": 0,
                "total": 1
              }
            },
            {
              "batter": "D Ajekun",
              "bowler": "EB Ringera",
              "non_striker": "AJ Ayannaike",
              "runs": {
                "batter": 0,
                "extras": 0,
                "total": 0
              }
            },
            {
              "batter": "D Ajekun",
              "bowler": "EB Ringera",
              "non_striker": "AJ Ayannaike",
              "runs": {
                "batter": 0,
                "extras": 0,
                "total": 0
              }
            },
            {
              "batter": "D Ajekun",
              "bowler": "EB Ringera",
              "non_striker": "AJ Ayannaike",
              "runs": {
                "batter": 1,
                "extras": 0,
                "total": 1
              }
            },
            {
              "batter": "AJ Ayannaike",
              "bowler": "EB Ringera",
              "non_striker": "D Ajekun",
              "runs": {
                "batter": 1,
                "extras": 0,
                "total": 1
              }
            }
          ]
        },
        {
          "over": 9,
          "deliveries": [
            {
              "batter": "AJ Ayannaike",
              "bowler": "Vraj Patel",
              "non_striker": "D Ajekun",
              "runs": {
                "batter": 1,
                "extras": 0,
                "total": 1
              }
            },
            {
              "batter": "D Ajekun",
              "bowler": "Vraj Patel",
              "non_striker": "AJ Ayannaike",
              "runs": {
                "batter": 1,
                "extras": 0,
                "total": 1
              }
            },
            {
              "batter": "AJ Ayannaike",
              "bowler": "Vraj Patel",
              "non_striker": "D Ajekun",
              "runs": {
                "batter": 1,
                "extras": 0,
                "total": 1
              }
            },
            {
              "batter": "D Ajekun",
              "bowler": "Vraj Patel",
              "non_striker": "AJ Ayannaike",
              "runs": {
                "batter": 0,
                "extras": 0,
                "total": 0
              }
            },
            {
              "batter": "D Ajekun",
              "bowler": "Vraj Patel",
              "non_striker": "AJ Ayannaike",
              "runs": {
                "batter": 1,
                "extras": 0,
                "total": 1
              }
            },
            {
              "batter": "AJ Ayannaike",
              "bowler": "Vraj Patel",
              "non_striker": "D Ajekun",
              "runs": {
                "batter": 0,
                "extras": 0,
                "total": 0
              }
            }
          ]
        },
        {
          "over": 10,
          "deliveries": [
            {
              "batter": "D Ajekun",
              "bowler": "EB Ringera",
              "non_striker": "AJ Ayannaike",
              "runs": {
                "batter": 1,
                "extras": 0,
                "total": 1
              }
            },
            {
              "batter": "AJ Ayannaike",
              "bowler": "EB Ringera",
              "non_striker": "D Ajekun",
              "runs": {
                "batter": 0,
                "extras": 0,
                "total": 0
              }
            },
            {
              "batter": "AJ Ayannaike",
              "bowler": "EB Ringera",
              "non_striker": "D Ajekun",
              "runs": {
                "batter": 0,
                "extras": 0,
                "total": 0
              },
              "wickets": [
                {
                  "player_out": "AJ Ayannaike",
                  "fielders": [
                    {
                      "name": "Vraj Patel"
                    }
                  ],
                  "kind": "caught"
                }
              ]
            },
            {
              "batter": "VD Adewoye",
              "bowler": "EB Ringera",
              "non_striker": "D Ajekun",
              "runs": {
                "batter": 2,
                "extras": 0,
                "total": 2
              }
            },
            {
              "batter": "VD Adewoye",
              "bowler": "EB Ringera",
              "non_striker": "D Ajekun",
              "runs": {
                "batter": 0,
                "extras": 0,
                "total": 0
              }
            },
            {
              "batter": "VD Adewoye",
              "bowler": "EB Ringera",
              "non_striker": "D Ajekun",
              "runs": {
                "batter": 0,
                "extras": 0,
                "total": 0
              }
            }
          ]
        },
        {
          "over": 11,
          "deliveries": [
            {
              "batter": "D Ajekun",
              "bowler": "Vraj Patel",
              "non_striker": "VD Adewoye",
              "runs": {
                "batter": 0,
                "extras": 0,
                "total": 0
              }
            },
            {
              "batter": "D Ajekun",
              "bowler": "Vraj Patel",
              "non_striker": "VD Adewoye",
              "runs": {
                "batter": 0,
                "extras": 0,
                "total": 0
              }
            },
            {
              "batter": "D Ajekun",
              "bowler": "Vraj Patel",
              "non_striker": "VD Adewoye",
              "runs": {
                "batter": 0,
                "extras": 0,
                "total": 0
              }
            },
            {
              "batter": "D Ajekun",
              "bowler": "Vraj Patel",
              "non_striker": "VD Adewoye",
              "runs": {
                "batter": 0,
                "extras": 0,
                "total": 0
              }
            },
            {
              "batter": "D Ajekun",
              "bowler": "Vraj Patel",
              "non_striker": "VD Adewoye",
              "runs": {
                "batter": 0,
                "extras": 0,
                "total": 0
              },
              "wickets": [
                {
                  "player_out": "D Ajekun",
                  "kind": "bowled"
                }
              ]
            },
            {
              "batter": "O Olaleye",
              "bowler": "Vraj Patel",
              "non_striker": "VD Adewoye",
              "runs": {
                "batter": 0,
                "extras": 0,
                "total": 0
              }
            }
          ]
        },
        {
          "over": 12,
          "deliveries": [
            {
              "batter": "VD Adewoye",
              "bowler": "P Koech",
              "non_striker": "O Olaleye",
              "runs": {
                "batter": 0,
                "extras": 0,
                "total": 0
              }
            },
            {
              "batter": "VD Adewoye",
              "bowler": "P Koech",
              "extras": {
                "wides": 1
              },
              "non_striker": "O Olaleye",
              "runs": {
                "batter": 0,
                "extras": 1,
                "total": 1
              }
            },
            {
              "batter": "VD Adewoye",
              "bowler": "P Koech",
              "non_striker": "O Olaleye",
              "runs": {
                "batter": 0,
                "extras": 0,
                "total": 0
              },
              "wickets": [
                {
                  "player_out": "VD Adewoye",
                  "fielders": [
                    {
                      "name": "Gurdeep Singh"
                    }
                  ],
                  "kind": "caught"
                }
              ]
            },
            {
              "batter": "P Aho",
              "bowler": "P Koech",
              "non_striker": "O Olaleye",
              "runs": {
                "batter": 0,
                "extras": 0,
                "total": 0
              },
              "wickets": [
                {
                  "player_out": "P Aho",
                  "fielders": [
                    {
                      "name": "IA Karim"
                    }
                  ],
                  "kind": "caught"
                }
              ]
            },
            {
              "batter": "Mohameed Taiwo",
              "bowler": "P Koech",
              "extras": {
                "legbyes": 1
              },
              "non_striker": "O Olaleye",
              "runs": {
                "batter": 0,
                "extras": 1,
                "total": 1
              }
            },
            {
              "batter": "O Olaleye",
              "bowler": "P Koech",
              "non_striker": "Mohameed Taiwo",
              "runs": {
                "batter": 2,
                "extras": 0,
                "total": 2
              }
            },
            {
              "batter": "O Olaleye",
              "bowler": "P Koech",
              "non_striker": "Mohameed Taiwo",
              "runs": {
                "batter": 1,
                "extras": 0,
                "total": 1
              }
            }
          ]
        },
        {
          "over": 13,
          "deliveries": [
            {
              "batter": "O Olaleye",
              "bowler": "Vraj Patel",
              "non_striker": "Mohameed Taiwo",
              "runs": {
                "batter": 0,
                "extras": 0,
                "total": 0
              }
            },
            {
              "batter": "O Olaleye",
              "bowler": "Vraj Patel",
              "non_striker": "Mohameed Taiwo",
              "runs": {
                "batter": 4,
                "extras": 0,
                "total": 4
              }
            },
            {
              "batter": "O Olaleye",
              "bowler": "Vraj Patel",
              "non_striker": "Mohameed Taiwo",
              "runs": {
                "batter": 0,
                "extras": 0,
                "total": 0
              }
            },
            {
              "batter": "O Olaleye",
              "bowler": "Vraj Patel",
              "non_striker": "Mohameed Taiwo",
              "runs": {
                "batter": 0,
                "extras": 0,
                "total": 0
              }
            },
            {
              "batter": "O Olaleye",
              "bowler": "Vraj Patel",
              "non_striker": "Mohameed Taiwo",
              "runs": {
                "batter": 1,
                "extras": 0,
                "total": 1
              }
            },
            {
              "batter": "Mohameed Taiwo",
              "bowler": "Vraj Patel",
              "non_striker": "O Olaleye",
              "runs": {
                "batter": 1,
                "extras": 0,
                "total": 1
              }
            }
          ]
        },
        {
          "over": 14,
          "deliveries": [
            {
              "batter": "Mohameed Taiwo",
              "bowler": "P Koech",
              "non_striker": "O Olaleye",
              "runs": {
                "batter": 0,
                "extras": 0,
                "total": 0
              }
            },
            {
              "batter": "Mohameed Taiwo",
              "bowler": "P Koech",
              "non_striker": "O Olaleye",
              "runs": {
                "batter": 1,
                "extras": 0,
                "total": 1
              }
            },
            {
              "batter": "O Olaleye",
              "bowler": "P Koech",
              "non_striker": "Mohameed Taiwo",
              "runs": {
                "batter": 0,
                "extras": 0,
                "total": 0
              }
            },
            {
              "batter": "O Olaleye",
              "bowler": "P Koech",
              "non_striker": "Mohameed Taiwo",
              "runs": {
                "batter": 4,
                "extras": 0,
                "total": 4
              }
            },
            {
              "batter": "O Olaleye",
              "bowler": "P Koech",
              "non_striker": "Mohameed Taiwo",
              "runs": {
                "batter": 4,
                "extras": 0,
                "total": 4
              }
            },
            {
              "batter": "O Olaleye",
              "bowler": "P Koech",
              "non_striker": "Mohameed Taiwo",
              "runs": {
                "batter": 0,
                "extras": 0,
                "total": 0
              }
            }
          ]
        },
        {
          "over": 15,
          "deliveries": [
            {
              "batter": "Mohameed Taiwo",
              "bowler": "Vraj Patel",
              "non_striker": "O Olaleye",
              "runs": {
                "batter": 1,
                "extras": 0,
                "total": 1
              }
            },
            {
              "batter": "O Olaleye",
              "bowler": "Vraj Patel",
              "non_striker": "Mohameed Taiwo",
              "runs": {
                "batter": 0,
                "extras": 0,
                "total": 0
              }
            },
            {
              "batter": "O Olaleye",
              "bowler": "Vraj Patel",
              "non_striker": "Mohameed Taiwo",
              "runs": {
                "batter": 0,
                "extras": 0,
                "total": 0
              },
              "wickets": [
                {
                  "player_out": "O Olaleye",
                  "fielders": [
                    {
                      "name": "Gurdeep Singh"
                    }
                  ],
                  "kind": "caught"
                }
              ]
            },
            {
              "batter": "Mustapha Yusuf",
              "bowler": "Vraj Patel",
              "non_striker": "Mohameed Taiwo",
              "runs": {
                "batter": 0,
                "extras": 0,
                "total": 0
              }
            },
            {
              "batter": "Mustapha Yusuf",
              "bowler": "Vraj Patel",
              "non_striker": "Mohameed Taiwo",
              "runs": {
                "batter": 0,
                "extras": 0,
                "total": 0
              }
            },
            {
              "batter": "Mustapha Yusuf",
              "bowler": "Vraj Patel",
              "extras": {
                "legbyes": 1
              },
              "non_striker": "Mohameed Taiwo",
              "runs": {
                "batter": 0,
                "extras": 1,
                "total": 1
              }
            }
          ]
        },
        {
          "over": 16,
          "deliveries": [
            {
              "batter": "Mustapha Yusuf",
              "bowler": "P Koech",
              "non_striker": "Mohameed Taiwo",
              "runs": {
                "batter": 0,
                "extras": 0,
                "total": 0
              }
            },
            {
              "batter": "Mustapha Yusuf",
              "bowler": "P Koech",
              "non_striker": "Mohameed Taiwo",
              "runs": {
                "batter": 0,
                "extras": 0,
                "total": 0
              }
            },
            {
              "batter": "Mustapha Yusuf",
              "bowler": "P Koech",
              "extras": {
                "wides": 1
              },
              "non_striker": "Mohameed Taiwo",
              "runs": {
                "batter": 0,
                "extras": 1,
                "total": 1
              }
            },
            {
              "batter": "Mustapha Yusuf",
              "bowler": "P Koech",
              "non_striker": "Mohameed Taiwo",
              "runs": {
                "batter": 1,
                "extras": 0,
                "total": 1
              }
            },
            {
              "batter": "Mohameed Taiwo",
              "bowler": "P Koech",
              "non_striker": "Mustapha Yusuf",
              "runs": {
                "batter": 0,
                "extras": 0,
                "total": 0
              }
            },
            {
              "batter": "Mohameed Taiwo",
              "bowler": "P Koech",
              "extras": {
                "wides": 1
              },
              "non_striker": "Mustapha Yusuf",
              "runs": {
                "batter": 0,
                "extras": 1,
                "total": 1
              }
            },
            {
              "batter": "Mohameed Taiwo",
              "bowler": "P Koech",
              "non_striker": "Mustapha Yusuf",
              "runs": {
                "batter": 0,
                "extras": 0,
                "total": 0
              }
            },
            {
              "batter": "Mohameed Taiwo",
              "bowler": "P Koech",
              "non_striker": "Mustapha Yusuf",
              "runs": {
                "batter": 1,
                "extras": 0,
                "total": 1
              }
            }
          ]
        },
        {
          "over": 17,
          "deliveries": [
            {
              "batter": "Mohameed Taiwo",
              "bowler": "DS Wesonga",
              "non_striker": "Mustapha Yusuf",
              "runs": {
                "batter": 0,
                "extras": 0,
                "total": 0
              }
            },
            {
              "batter": "Mohameed Taiwo",
              "bowler": "DS Wesonga",
              "extras": {
                "legbyes": 2
              },
              "non_striker": "Mustapha Yusuf",
              "runs": {
                "batter": 0,
                "extras": 2,
                "total": 2
              }
            },
            {
              "batter": "Mohameed Taiwo",
              "bowler": "DS Wesonga",
              "non_striker": "Mustapha Yusuf",
              "runs": {
                "batter": 4,
                "extras": 0,
                "total": 4
              }
            },
            {
              "batter": "Mohameed Taiwo",
              "bowler": "DS Wesonga",
              "non_striker": "Mustapha Yusuf",
              "runs": {
                "batter": 2,
                "extras": 0,
                "total": 2
              }
            },
            {
              "batter": "Mohameed Taiwo",
              "bowler": "DS Wesonga",
              "non_striker": "Mustapha Yusuf",
              "runs": {
                "batter": 1,
                "extras": 0,
                "total": 1
              }
            },
            {
              "batter": "Mustapha Yusuf",
              "bowler": "DS Wesonga",
              "non_striker": "Mohameed Taiwo",
              "runs": {
                "batter": 4,
                "extras": 0,
                "total": 4
              }
            }
          ]
        },
        {
          "over": 18,
          "deliveries": [
            {
              "batter": "Mohameed Taiwo",
              "bowler": "EB Ringera",
              "non_striker": "Mustapha Yusuf",
              "runs": {
                "batter": 0,
                "extras": 0,
                "total": 0
              }
            },
            {
              "batter": "Mohameed Taiwo",
              "bowler": "EB Ringera",
              "non_striker": "Mustapha Yusuf",
              "runs": {
                "batter": 1,
                "extras": 0,
                "total": 1
              }
            },
            {
              "batter": "Mustapha Yusuf",
              "bowler": "EB Ringera",
              "non_striker": "Mohameed Taiwo",
              "runs": {
                "batter": 0,
                "extras": 0,
                "total": 0
              }
            },
            {
              "batter": "Mustapha Yusuf",
              "bowler": "EB Ringera",
              "non_striker": "Mohameed Taiwo",
              "runs": {
                "batter": 4,
                "extras": 0,
                "total": 4
              }
            },
            {
              "batter": "Mustapha Yusuf",
              "bowler": "EB Ringera",
              "extras": {
                "legbyes": 1
              },
              "non_striker": "Mohameed Taiwo",
              "runs": {
                "batter": 0,
                "extras": 1,
                "total": 1
              }
            },
            {
              "batter": "Mohameed Taiwo",
              "bowler": "EB Ringera",
              "non_striker": "Mustapha Yusuf",
              "runs": {
                "batter": 6,
                "extras": 0,
                "total": 6
              }
            }
          ]
        },
        {
          "over": 19,
          "deliveries": [
            {
              "batter": "Mustapha Yusuf",
              "bowler": "DS Wesonga",
              "non_striker": "Mohameed Taiwo",
              "runs": {
                "batter": 0,
                "extras": 0,
                "total": 0
              }
            },
            {
              "batter": "Mustapha Yusuf",
              "bowler": "DS Wesonga",
              "non_striker": "Mohameed Taiwo",
              "runs": {
                "batter": 0,
                "extras": 0,
                "total": 0
              }
            },
            {
              "batter": "Mustapha Yusuf",
              "bowler": "DS Wesonga",
              "non_striker": "Mohameed Taiwo",
              "runs": {
                "batter": 1,
                "extras": 0,
                "total": 1
              }
            },
            {
              "batter": "Mohameed Taiwo",
              "bowler": "DS Wesonga",
              "non_striker": "Mustapha Yusuf",
              "runs": {
                "batter": 1,
                "extras": 0,
                "total": 1
              }
            },
            {
              "batter": "Mustapha Yusuf",
              "bowler": "DS Wesonga",
              "extras": {
                "legbyes": 2
              },
              "non_striker": "Mohameed Taiwo",
              "runs": {
                "batter": 0,
                "extras": 2,
                "total": 2
              }
            },
            {
              "batter": "Mustapha Yusuf",
              "bowler": "DS Wesonga",
              "non_striker": "Mohameed Taiwo",
              "runs": {
                "batter": 2,
                "extras": 0,
                "total": 2
              }
            }
          ]
        }
      ],
      "powerplays": [
        {
          "from": 0.1,
          "to": 5.6,
          "type": "mandatory"
        }
      ],
      "target": {
        "overs": 20,
        "runs": 163
      }
    }
  ]
}