{
  "meta": {
    "data_version": "1.1.0",
    "created": "2021-09-11",
    "revision": 1
  },
  "info": {
    "balls_per_over": 6,
    "city": "Entebbe",
    "dates": [
      "2021-09-11"
    ],
    "event": {
      "name": "Uganda T20 Tri-Series",
      "match_number": 3
    },
    "gender": "male",
    "match_type": "T20",
    "match_type_number": 1266,
    "missing": [
      "player_of_match",
      "umpires"
    ],
    "outcome": {
      "winner": "Kenya",
      "by": {
        "wickets": 8
      }
    },
    "overs": 20,
    "players": {
      "Nigeria": [
        "CN Onwuzulike",
        "D Ajekun",
        "Sulaimon Runsewe",
        "AJ Ayannaike",
        "VD Adewoye",
        "JO Adedeji",
        "Mohameed Taiwo",
        "P Aho",
        "Mustapha Yusuf",
        "P Useni",
        "O Isesele"
      ],
      "Kenya": [
        "Gurdeep Singh",
        "AA Obanda",
        "IA Karim",
        "RN Patel",
        "SO Ngoche",
        "DS Wesonga",
        "Vraj Patel",
        "EB Ringera",
        "P Koech",
        "NM Odhiambo",
        "NN Odhiambo"
      ]
    },
    "registry": {
      "people": {
        "AA Obanda": "7081491e",
        "AJ Ayannaike": "f74b682b",
        "CN Onwuzulike": "715dbf27",
        "D Ajekun": "2494ff9e",
        "DS Wesonga": "7545a91a",
        "EB Ringera": "6cedad99",
        "Gurdeep Singh": "31865a5b",
        "IA Karim": "ca92a578",
        "JO Adedeji": "abee08c7",
        "Mohameed Taiwo": "a9d788e3",
        "Mustapha Yusuf": "f3e240a6",
        "NM Odhiambo": "c07a1f41",
        "NN Odhiambo": "753b5a2d",
        "O Isesele": "6034840a",
        "P Aho": "2e392afa",
        "P Koech": "f4a0a615",
        "P Useni": "71fa64d6",
        "RN Patel": "db1bf9c2",
        "SO Ngoche": "49118dc7",
        "Sulaimon Runsewe": "c25d26dc",
        "VD Adewoye": "45a34a2d",
        "Vraj Patel": "2af28253"
      }
    },
    "season": "2021",
    "team_type": "international",
    "teams": [
      "Nigeria",
      "Kenya"
    ],
    "toss": {
      "decision": "bat",
      "winner": "Nigeria"
    },
    "venue": "Entebbe Cricket Oval"
  },
  "innings": [
    {
      "team": "Nigeria",
      "overs": [
        {
          "over": 0,
          "deliveries": [
            {
              "batter": "CN Onwuzulike",
              "bowler": "NN Odhiambo",
              "non_striker": "D Ajekun",
              "runs": {
                "batter": 1,
                "extras": 0,
                "total": 1
              }
            },
            {
              "batter": "D Ajekun",
              "bowler": "NN Odhiambo",
              "non_striker": "CN Onwuzulike",
              "runs": {
                "batter": 0,
                "extras": 0,
                "total": 0
              }
            },
            {
              "batter": "D Ajekun",
              "bowler": "NN Odhiambo",
              "non_striker": "CN Onwuzulike",
              "runs": {
                "batter": 0,
                "extras": 0,
                "total": 0
              }
            },
            {
              "batter": "D Ajekun",
              "bowler": "NN Odhiambo",
              "non_striker": "CN Onwuzulike",
              "runs": {
                "batter": 4,
                "extras": 0,
                "total": 4
              }
            },
            {
              "batter": "D Ajekun",
              "bowler": "NN Odhiambo",
              "non_striker": "CN Onwuzulike",
              "runs": {
                "batter": 0,
                "extras": 0,
                "total": 0
              }
            },
            {
              "batter": "D Ajekun",
              "bowler": "NN Odhiambo",
              "non_striker": "CN Onwuzulike",
              "runs": {
                "batter": 0,
                "extras": 0,
                "total": 0
              }
            }
          ]
        },
        {
          "over": 1,
          "deliveries": [
            {
              "batter": "CN Onwuzulike",
              "bowler": "EB Ringera",
              "non_striker": "D Ajekun",
              "runs": {
                "batter": 1,
                "extras": 0,
                "total": 1
              }
            },
            {
              "batter": "D Ajekun",
              "bowler": "EB Ringera",
              "non_striker": "CN Onwuzulike",
              "runs": {
                "batter": 1,
                "extras": 0,
                "total": 1
              }
            },
            {
              "batter": "CN Onwuzulike",
              "bowler": "EB Ringera",
              "non_striker": "D Ajekun",
              "runs": {
                "batter": 1,
                "extras": 0,
                "total": 1
              }
            },
            {
              "batter": "D Ajekun",
              "bowler": "EB Ringera",
              "non_striker": "CN Onwuzulike",
              "runs": {
                "batter": 1,
                "extras": 0,
                "total": 1
              }
            },
            {
              "batter": "CN Onwuzulike",
              "bowler": "EB Ringera",
              "non_striker": "D Ajekun",
              "runs": {
                "batter": 0,
                "extras": 0,
                "total": 0
              }
            },
            {
              "batter": "CN Onwuzulike",
              "bowler": "EB Ringera",
              "non_striker": "D Ajekun",
              "runs": {
                "batter": 4,
                "extras": 0,
                "total": 4
              }
            }
          ]
        },
        {
          "over": 2,
          "deliveries": [
            {
              "batter": "D Ajekun",
              "bowler": "NN Odhiambo",
              "non_striker": "CN Onwuzulike",
              "runs": {
                "batter": 4,
                "extras": 0,
                "total": 4
              }
            },
            {
              "batter": "D Ajekun",
              "bowler": "NN Odhiambo",
              "non_striker": "CN Onwuzulike",
              "runs": {
                "batter": 1,
                "extras": 0,
                "total": 1
              }
            },
            {
              "batter": "CN Onwuzulike",
              "bowler": "NN Odhiambo",
              "non_striker": "D Ajekun",
              "runs": {
                "batter": 4,
                "extras": 0,
                "total": 4
              }
            },
            {
              "batter": "CN Onwuzulike",
              "bowler": "NN Odhiambo",
              "non_striker": "D Ajekun",
              "runs": {
                "batter": 1,
                "extras": 0,
                "total": 1
              }
            },
            {
              "batter": "D Ajekun",
              "bowler": "NN Odhiambo",
              "non_striker": "CN Onwuzulike",
              "runs": {
                "batter": 1,
                "extras": 0,
                "total": 1
              }
            },
            {
              "batter": "CN Onwuzulike",
              "bowler": "NN Odhiambo",
              "non_striker": "D Ajekun",
              "runs": {
                "batter": 4,
                "extras": 0,
                "total": 4
              }
            }
          ]
        },
        {
          "over": 3,
          "deliveries": [
            {
              "batter": "D Ajekun",
              "bowler": "SO Ngoche",
              "non_striker": "CN Onwuzulike",
              "runs": {
                "batter": 1,
                "extras": 0,
                "total": 1
              }
            },
            {
              "batter": "CN Onwuzulike",
              "bowler": "SO Ngoche",
              "non_striker": "D Ajekun",
              "runs": {
                "batter": 0,
                "extras": 0,
                "total": 0
              }
            },
            {
              "batter": "CN Onwuzulike",
              "bowler": "SO Ngoche",
              "non_striker": "D Ajekun",
              "runs": {
                "batter": 0,
                "extras": 0,
                "total": 0
              }
            },
            {
              "batter": "CN Onwuzulike",
              "bowler": "SO Ngoche",
              "non_striker": "D Ajekun",
              "runs": {
                "batter": 0,
                "extras": 0,
                "total": 0
              }
            },
            {
              "batter": "CN Onwuzulike",
              "bowler": "SO Ngoche",
              "non_striker": "D Ajekun",
              "runs": {
                "batter": 0,
                "extras": 0,
                "total": 0
              }
            },
            {
              "batter": "CN Onwuzulike",
              "bowler": "SO Ngoche",
              "non_striker": "D Ajekun",
              "runs": {
                "batter": 0,
                "extras": 0,
                "total": 0
              }
            }
          ]
        },
        {
          "over": 4,
          "deliveries": [
            {
              "batter": "D Ajekun",
              "bowler": "Vraj Patel",
              "non_striker": "CN Onwuzulike",
              "runs": {
                "batter": 1,
                "extras": 0,
                "total": 1
              }
            },
            {
              "batter": "CN Onwuzulike",
              "bowler": "Vraj Patel",
              "non_striker": "D Ajekun",
              "runs": {
                "batter": 1,
                "extras": 0,
                "total": 1
              }
            },
            {
              "batter": "D Ajekun",
              "bowler": "Vraj Patel",
              "non_striker": "CN Onwuzulike",
              "runs": {
                "batter": 1,
                "extras": 0,
                "total": 1
              }
            },
            {
              "batter": "CN Onwuzulike",
              "bowler": "Vraj Patel",
              "non_striker": "D Ajekun",
              "runs": {
                "batter": 0,
                "extras": 0,
                "total": 0
              },
              "wickets": [
                {
                  "player_out": "CN Onwuzulike",
                  "kind": "bowled"
                }
              ]
            },
            {
              "batter": "Sulaimon Runsewe",
              "bowler": "Vraj Patel",
              "non_striker": "D Ajekun",
              "runs": {
                "batter": 0,
                "extras": 0,
                "total": 0
              }
            },
            {
              "batter": "Sulaimon Runsewe",
              "bowler": "Vraj Patel",
              "non_striker": "D Ajekun",
              "runs": {
                "batter": 0,
                "extras": 0,
                "total": 0
              }
            }
          ]
        },
        {
          "over": 5,
          "deliveries": [
            {
              "batter": "D Ajekun",
              "bowler": "SO Ngoche",
              "non_striker": "Sulaimon Runsewe",
              "runs": {
                "batter": 1,
                "extras": 0,
                "total": 1
              }
            },
            {
              "batter": "Sulaimon Runsewe",
              "bowler": "SO Ngoche",
              "non_striker": "D Ajekun",
              "runs": {
                "batter": 0,
                "extras": 0,
                "total": 0
              },
              "wickets": [
                {
                  "player_out": "Sulaimon Runsewe",
                  "fielders": [
                    {
                      "name": "IA Karim"
                    }
                  ],
                  "kind": "stumped"
                }
              ]
            },
            {
              "batter": "AJ Ayannaike",
              "bowler": "SO Ngoche",
              "non_striker": "D Ajekun",
              "runs": {
                "batter": 0,
                "extras": 0,
                "total": 0
              }
            },
            {
              "batter": "AJ Ayannaike",
              "bowler": "SO Ngoche",
              "non_striker": "D Ajekun",
              "runs": {
                "batter": 0,
                "extras": 0,
                "total": 0
              }
            },
            {
              "batter": "AJ Ayannaike",
              "bowler": "SO Ngoche",
              "non_striker": "D Ajekun",
              "runs": {
                "batter": 0,
                "extras": 0,
                "total": 0
              },
              "wickets": [
                {
                  "player_out": "AJ Ayannaike",
                  "fielders": [
                    {
                      "name": "NN Odhiambo"
                    }
                  ],
                  "kind": "caught"
                }
              ]
            },
            {
              "batter": "VD Adewoye",
              "bowler": "SO Ngoche",
              "non_striker": "D Ajekun",
              "runs": {
                "batter": 0,
                "extras": 0,
                "total": 0
              }
            }
          ]
        },
        {
          "over": 6,
          "deliveries": [
            {
              "batter": "D Ajekun",
              "bowler": "Vraj Patel",
              "non_striker": "VD Adewoye",
              "runs": {
                "batter": 1,
                "extras": 0,
                "total": 1
              }
            },
            {
              "batter": "VD Adewoye",
              "bowler": "Vraj Patel",
              "non_striker": "D Ajekun",
              "runs": {
                "batter": 0,
                "extras": 0,
                "total": 0
              }
            },
            {
              "batter": "VD Adewoye",
              "bowler": "Vraj Patel",
              "non_striker": "D Ajekun",
              "runs": {
                "batter": 0,
                "extras": 0,
                "total": 0
              }
            },
            {
              "batter": "VD Adewoye",
              "bowler": "Vraj Patel",
              "non_striker": "D Ajekun",
              "runs": {
                "batter": 3,
                "extras": 0,
                "total": 3
              }
            },
            {
              "batter": "D Ajekun",
              "bowler": "Vraj Patel",
              "non_striker": "VD Adewoye",
              "runs": {
                "batter": 0,
                "extras": 0,
                "total": 0
              },
              "wickets": [
                {
                  "player_out": "D Ajekun",
                  "kind": "run out"
                }
              ]
            },
            {
              "batter": "JO Adedeji",
              "bowler": "Vraj Patel",
              "non_striker": "VD Adewoye",
              "runs": {
                "batter": 0,
                "extras": 0,
                "total": 0
              }
            }
          ]
        },
        {
          "over": 7,
          "deliveries": [
            {
              "batter": "VD Adewoye",
              "bowler": "SO Ngoche",
              "non_striker": "JO Adedeji",
              "runs": {
                "batter": 0,
                "extras": 0,
                "total": 0
              }
            },
            {
              "batter": "VD Adewoye",
              "bowler": "SO Ngoche",
              "non_striker": "JO Adedeji",
              "runs": {
                "batter": 0,
                "extras": 0,
                "total": 0
              }
            },
            {
              "batter": "VD Adewoye",
              "bowler": "SO Ngoche",
              "non_striker": "JO Adedeji",
              "runs": {
                "batter": 0,
                "extras": 0,
                "total": 0
              }
            },
            {
              "batter": "VD Adewoye",
              "bowler": "SO Ngoche",
              "non_striker": "JO Adedeji",
              "runs": {
                "batter": 1,
                "extras": 0,
                "total": 1
              }
            },
            {
              "batter": "JO Adedeji",
              "bowler": "SO Ngoche",
              "non_striker": "VD Adewoye",
              "runs": {
                "batter": 0,
                "extras": 0,
                "total": 0
              }
            },
            {
              "batter": "JO Adedeji",
              "bowler": "SO Ngoche",
              "non_striker": "VD Adewoye",
              "runs": {
                "batter": 0,
                "extras": 0,
                "total": 0
              }
            }
          ]
        },
        {
          "over": 8,
          "deliveries": [
            {
              "batter": "VD Adewoye",
              "bowler": "Vraj Patel",
              "non_striker": "JO Adedeji",
              "runs": {
                "batter": 4,
                "extras": 0,
                "total": 4
              }
            },
            {
              "batter": "VD Adewoye",
              "bowler": "Vraj Patel",
              "non_striker": "JO Adedeji",
              "runs": {
                "batter": 0,
                "extras": 0,
                "total": 0
              }
            },
            {
              "batter": "VD Adewoye",
              "bowler": "Vraj Patel",
              "non_striker": "JO Adedeji",
              "runs": {
                "batter": 0,
                "extras": 0,
                "total": 0
              }
            },
            {
              "batter": "VD Adewoye",
              "bowler": "Vraj Patel",
              "non_striker": "JO Adedeji",
              "runs": {
                "batter": 1,
                "extras": 0,
                "total": 1
              }
            },
            {
              "batter": "JO Adedeji",
              "bowler": "Vraj Patel",
              "extras": {
                "wides": 1
              },
              "non_striker": "VD Adewoye",
              "runs": {
                "batter": 0,
                "extras": 1,
                "total": 1
              }
            },
            {
              "batter": "JO Adedeji",
              "bowler": "Vraj Patel",
              "non_striker": "VD Adewoye",
              "runs": {
                "batter": 0,
                "extras": 0,
                "total": 0
              }
            },
            {
              "batter": "JO Adedeji",
              "bowler": "Vraj Patel",
              "non_striker": "VD Adewoye",
              "runs": {
                "batter": 0,
                "extras": 0,
                "total": 0
              }
            }
          ]
        },
        {
          "over": 9,
          "deliveries": [
            {
              "batter": "VD Adewoye",
              "bowler": "SO Ngoche",
              "non_striker": "JO Adedeji",
              "runs": {
                "batter": 1,
                "extras": 0,
                "total": 1
              }
            },
            {
              "batter": "JO Adedeji",
              "bowler": "SO Ngoche",
              "non_striker": "VD Adewoye",
              "runs": {
                "batter": 0,
                "extras": 0,
                "total": 0
              }
            },
            {
              "batter": "JO Adedeji",
              "bowler": "SO Ngoche",
              "non_striker": "VD Adewoye",
              "runs": {
                "batter": 0,
                "extras": 0,
                "total": 0
              }
            },
            {
              "batter": "JO Adedeji",
              "bowler": "SO Ngoche",
              "non_striker": "VD Adewoye",
              "runs": {
                "batter": 4,
                "extras": 0,
                "total": 4
              }
            },
            {
              "batter": "JO Adedeji",
              "bowler": "SO Ngoche",
              "non_striker": "VD Adewoye",
              "runs": {
                "batter": 1,
                "extras": 0,
                "total": 1
              }
            },
            {
              "batter": "VD Adewoye",
              "bowler": "SO Ngoche",
              "non_striker": "JO Adedeji",
              "runs": {
                "batter": 0,
                "extras": 0,
                "total": 0
              }
            }
          ]
        },
        {
          "over": 10,
          "deliveries": [
            {
              "batter": "JO Adedeji",
              "bowler": "Vraj Patel",
              "non_striker": "VD Adewoye",
              "runs": {
                "batter": 0,
                "extras": 0,
                "total": 0
              }
            },
            {
              "batter": "JO Adedeji",
              "bowler": "Vraj Patel",
              "non_striker": "VD Adewoye",
              "runs": {
                "batter": 0,
                "extras": 0,
                "total": 0
              }
            },
            {
              "batter": "JO Adedeji",
              "bowler": "Vraj Patel",
              "non_striker": "VD Adewoye",
              "runs": {
                "batter": 0,
                "extras": 0,
                "total": 0
              }
            },
            {
              "batter": "JO Adedeji",
              "bowler": "Vraj Patel",
              "non_striker": "VD Adewoye",
              "runs": {
                "batter": 0,
                "extras": 0,
                "total": 0
              }
            },
            {
              "batter": "JO Adedeji",
              "bowler": "Vraj Patel",
              "extras": {
                "wides": 1
              },
              "non_striker": "VD Adewoye",
              "runs": {
                "batter": 0,
                "extras": 1,
                "total": 1
              }
            },
            {
              "batter": "JO Adedeji",
              "bowler": "Vraj Patel",
              "non_striker": "VD Adewoye",
              "runs": {
                "batter": 4,
                "extras": 0,
                "total": 4
              }
            },
            {
              "batter": "JO Adedeji",
              "bowler": "Vraj Patel",
              "non_striker": "VD Adewoye",
              "runs": {
                "batter": 0,
                "extras": 0,
                "total": 0
              }
            }
          ]
        },
        {
          "over": 11,
          "deliveries": [
            {
              "batter": "VD Adewoye",
              "bowler": "Gurdeep Singh",
              "non_striker": "JO Adedeji",
              "runs": {
                "batter": 1,
                "extras": 0,
                "total": 1
              }
            },
            {
              "batter": "JO Adedeji",
              "bowler": "Gurdeep Singh",
              "non_striker": "VD Adewoye",
              "runs": {
                "batter": 0,
                "extras": 0,
                "total": 0
              },
              "wickets": [
                {
                  "player_out": "JO Adedeji",
                  "kind": "bowled"
                }
              ]
            },
            {
              "batter": "Mohameed Taiwo",
              "bowler": "Gurdeep Singh",
              "non_striker": "VD Adewoye",
              "runs": {
                "batter": 1,
                "extras": 0,
                "total": 1
              }
            },
            {
              "batter": "VD Adewoye",
              "bowler": "Gurdeep Singh",
              "non_striker": "Mohameed Taiwo",
              "runs": {
                "batter": 1,
                "extras": 0,
                "total": 1
              }
            },
            {
              "batter": "Mohameed Taiwo",
              "bowler": "Gurdeep Singh",
              "non_striker": "VD Adewoye",
              "runs": {
                "batter": 2,
                "extras": 0,
                "total": 2
              }
            },
            {
              "batter": "Mohameed Taiwo",
              "bowler": "Gurdeep Singh",
              "non_striker": "VD Adewoye",
              "runs": {
                "batter": 0,
                "extras": 0,
                "total": 0
              }
            }
          ]
        },
        {
          "over": 12,
          "deliveries": [
            {
              "batter": "VD Adewoye",
              "bowler": "P Koech",
              "non_striker": "Mohameed Taiwo",
              "runs": {
                "batter": 0,
                "extras": 0,
                "total": 0
              },
              "wickets": [
                {
                  "player_out": "VD Adewoye",
                  "fielders": [
                    {
                      "name": "IA Karim"
                    }
                  ],
                  "kind": "caught"
                }
              ]
            },
            {
              "batter": "P Aho",
              "bowler": "P Koech",
              "non_striker": "Mohameed Taiwo",
              "runs": {
                "batter": 0,
                "extras": 0,
                "total": 0
              }
            },
            {
              "batter": "P Aho",
              "bowler": "P Koech",
              "non_striker": "Mohameed Taiwo",
              "runs": {
                "batter": 1,
                "extras": 0,
                "total": 1
              }
            },
            {
              "batter": "Mohameed Taiwo",
              "bowler": "P Koech",
              "non_striker": "P Aho",
              "runs": {
                "batter": 0,
                "extras": 0,
                "total": 0
              }
            },
            {
              "batter": "Mohameed Taiwo",
              "bowler": "P Koech",
              "non_striker": "P Aho",
              "runs": {
                "batter": 0,
                "extras": 0,
                "total": 0
              }
            },
            {
              "batter": "Mohameed Taiwo",
              "bowler": "P Koech",
              "non_striker": "P Aho",
              "runs": {
                "batter": 0,
                "extras": 0,
                "total": 0
              }
            }
          ]
        },
        {
          "over": 13,
          "deliveries": [
            {
              "batter": "P Aho",
              "bowler": "Gurdeep Singh",
              "non_striker": "Mohameed Taiwo",
              "runs": {
                "batter": 0,
                "extras": 0,
                "total": 0
              }
            },
            {
              "batter": "P Aho",
              "bowler": "Gurdeep Singh",
              "non_striker": "Mohameed Taiwo",
              "runs": {
                "batter": 1,
                "extras": 0,
                "total": 1
              }
            },
            {
              "batter": "Mohameed Taiwo",
              "bowler": "Gurdeep Singh",
              "non_striker": "P Aho",
              "runs": {
                "batter": 1,
                "extras": 0,
                "total": 1
              }
            },
            {
              "batter": "P Aho",
              "bowler": "Gurdeep Singh",
              "non_striker": "Mohameed Taiwo",
              "runs": {
                "batter": 1,
                "extras": 0,
                "total": 1
              }
            },
            {
              "batter": "Mohameed Taiwo",
              "bowler": "Gurdeep Singh",
              "non_striker": "P Aho",
              "runs": {
                "batter": 0,
                "extras": 0,
                "total": 0
              }
            },
            {
              "batter": "Mohameed Taiwo",
              "bowler": "Gurdeep Singh",
              "non_striker": "P Aho",
              "runs": {
                "batter": 0,
                "extras": 0,
                "total": 0
              }
            }
          ]
        },
        {
          "over": 14,
          "deliveries": [
            {
              "batter": "P Aho",
              "bowler": "P Koech",
              "extras": {
                "noballs": 1
              },
              "non_striker": "Mohameed Taiwo",
              "runs": {
                "batter": 4,
                "extras": 1,
                "total": 5
              }
            },
            {
              "batter": "P Aho",
              "bowler": "P Koech",
              "non_striker": "Mohameed Taiwo",
              "runs": {
                "batter": 1,
                "extras": 0,
                "total": 1
              }
            },
            {
              "batter": "Mohameed Taiwo",
              "bowler": "P Koech",
              "non_striker": "P Aho",
              "runs": {
                "batter": 0,
                "extras": 0,
                "total": 0
              }
            },
            {
              "batter": "Mohameed Taiwo",
              "bowler": "P Koech",
              "non_striker": "P Aho",
              "runs": {
                "batter": 1,
                "extras": 0,
                "total": 1
              }
            },
            {
              "batter": "P Aho",
              "bowler": "P Koech",
              "non_striker": "Mohameed Taiwo",
              "runs": {
                "batter": 1,
                "extras": 0,
                "total": 1
              }
            },
            {
              "batter": "Mohameed Taiwo",
              "bowler": "P Koech",
              "non_striker": "P Aho",
              "runs": {
                "batter": 1,
                "extras": 0,
                "total": 1
              }
            },
            {
              "batter": "P Aho",
              "bowler": "P Koech",
              "non_striker": "Mohameed Taiwo",
              "runs": {
                "batter": 4,
                "extras": 0,
                "total": 4
              }
            }
          ]
        },
        {
          "over": 15,
          "deliveries": [
            {
              "batter": "Mohameed Taiwo",
              "bowler": "Gurdeep Singh",
              "non_striker": "P Aho",
              "runs": {
                "batter": 0,
                "extras": 0,
                "total": 0
              }
            },
            {
              "batter": "Mohameed Taiwo",
              "bowler": "Gurdeep Singh",
              "non_striker": "P Aho",
              "runs": {
                "batter": 0,
                "extras": 0,
                "total": 0
              }
            },
            {
              "batter": "Mohameed Taiwo",
              "bowler": "Gurdeep Singh",
              "non_striker": "P Aho",
              "runs": {
                "batter": 0,
                "extras": 0,
                "total": 0
              },
              "wickets": [
                {
                  "player_out": "Mohameed Taiwo",
                  "kind": "bowled"
                }
              ]
            },
            {
              "batter": "Mustapha Yusuf",
              "bowler": "Gurdeep Singh",
              "non_striker": "P Aho",
              "runs": {
                "batter": 1,
                "extras": 0,
                "total": 1
              }
            },
            {
              "batter": "P Aho",
              "bowler": "Gurdeep Singh",
              "non_striker": "Mustapha Yusuf",
              "runs": {
                "batter": 2,
                "extras": 0,
                "total": 2
              }
            },
            {
              "batter": "P Aho",
              "bowler": "Gurdeep Singh",
              "non_striker": "Mustapha Yusuf",
              "runs": {
                "batter": 0,
                "extras": 0,
                "total": 0
              }
            }
          ]
        },
        {
          "over": 16,
          "deliveries": [
            {
              "batter": "Mustapha Yusuf",
              "bowler": "EB Ringera",
              "non_striker": "P Aho",
              "runs": {
                "batter": 1,
                "extras": 0,
                "total": 1
              }
            },
            {
              "batter": "P Aho",
              "bowler": "EB Ringera",
              "non_striker": "Mustapha Yusuf",
              "runs": {
                "batter": 1,
                "extras": 0,
                "total": 1
              }
            },
            {
              "batter": "Mustapha Yusuf",
              "bowler": "EB Ringera",
              "non_striker": "P Aho",
              "runs": {
                "batter": 1,
                "extras": 0,
                "total": 1
              }
            },
            {
              "batter": "P Aho",
              "bowler": "EB Ringera",
              "non_striker": "Mustapha Yusuf",
              "runs": {
                "batter": 0,
                "extras": 0,
                "total": 0
              }
            },
            {
              "batter": "P Aho",
              "bowler": "EB Ringera",
              "non_striker": "Mustapha Yusuf",
              "runs": {
                "batter": 1,
                "extras": 0,
                "total": 1
              }
            },
            {
              "batter": "Mustapha Yusuf",
              "bowler": "EB Ringera",
              "non_striker": "P Aho",
              "runs": {
                "batter": 1,
                "extras": 0,
                "total": 1
              }
            }
          ]
        },
        {
          "over": 17,
          "deliveries": [
            {
              "batter": "Mustapha Yusuf",
              "bowler": "Gurdeep Singh",
              "non_striker": "P Aho",
              "runs": {
                "batter": 0,
                "extras": 0,
                "total": 0
              }
            },
            {
              "batter": "Mustapha Yusuf",
              "bowler": "Gurdeep Singh",
              "non_striker": "P Aho",
              "runs": {
                "batter": 0,
                "extras": 0,
                "total": 0
              }
            },
            {
              "batter": "Mustapha Yusuf",
              "bowler": "Gurdeep Singh",
              "non_striker": "P Aho",
              "runs": {
                "batter": 2,
                "extras": 0,
                "total": 2
              }
            },
            {
              "batter": "Mustapha Yusuf",
              "bowler": "Gurdeep Singh",
              "non_striker": "P Aho",
              "runs": {
                "batter": 1,
                "extras": 0,
                "total": 1
              }
            },
            {
              "batter": "P Aho",
              "bowler": "Gurdeep Singh",
              "non_striker": "Mustapha Yusuf",
              "runs": {
                "batter": 1,
                "extras": 0,
                "total": 1
              }
            },
            {
              "batter": "Mustapha Yusuf",
              "bowler": "Gurdeep Singh",
              "non_striker": "P Aho",
              "runs": {
                "batter": 1,
                "extras": 0,
                "total": 1
              }
            }
          ]
        },
        {
          "over": 18,
          "deliveries": [
            {
              "batter": "Mustapha Yusuf",
              "bowler": "EB Ringera",
              "non_striker": "P Aho",
              "runs": {
                "batter": 0,
                "extras": 0,
                "total": 0
              }
            },
            {
              "batter": "Mustapha Yusuf",
              "bowler": "EB Ringera",
              "non_striker": "P Aho",
              "runs": {
                "batter": 2,
                "extras": 0,
                "total": 2
              }
            },
            {
              "batter": "Mustapha Yusuf",
              "bowler": "EB Ringera",
              "non_striker": "P Aho",
              "runs": {
                "batter": 1,
                "extras": 0,
                "total": 1
              }
            },
            {
              "batter": "P Aho",
              "bowler": "EB Ringera",
              "non_striker": "Mustapha Yusuf",
              "runs": {
                "batter": 0,
                "extras": 0,
                "total": 0
              }
            },
            {
              "batter": "P Aho",
              "bowler": "EB Ringera",
              "non_striker": "Mustapha Yusuf",
              "runs": {
                "batter": 2,
                "extras": 0,
                "total": 2
              }
            },
            {
              "batter": "P Aho",
              "bowler": "EB Ringera",
              "non_striker": "Mustapha Yusuf",
              "runs": {
                "batter": 1,
                "extras": 0,
                "total": 1
              }
            }
          ]
        },
        {
          "over": 19,
          "deliveries": [
            {
              "batter": "P Aho",
              "bowler": "NN Odhiambo",
              "non_striker": "Mustapha Yusuf",
              "runs": {
                "batter": 2,
                "extras": 0,
                "total": 2
              }
            },
            {
              "batter": "P Aho",
              "bowler": "NN Odhiambo",
              "non_striker": "Mustapha Yusuf",
              "runs": {
                "batter": 2,
                "extras": 0,
                "total": 2
              }
            },
            {
              "batter": "P Aho",
              "bowler": "NN Odhiambo",
              "non_striker": "Mustapha Yusuf",
              "runs": {
                "batter": 1,
                "extras": 0,
                "total": 1
              }
            },
            {
              "batter": "Mustapha Yusuf",
              "bowler": "NN Odhiambo",
              "extras": {
                "wides": 1
              },
              "non_striker": "P Aho",
              "runs": {
                "batter": 0,
                "extras": 1,
                "total": 1
              }
            },
            {
              "batter": "Mustapha Yusuf",
              "bowler": "NN Odhiambo",
              "non_striker": "P Aho",
              "runs": {
                "batter": 4,
                "extras": 0,
                "total": 4
              }
            },
            {
              "batter": "Mustapha Yusuf",
              "bowler": "NN Odhiambo",
              "non_striker": "P Aho",
              "runs": {
                "batter": 1,
                "extras": 0,
                "total": 1
              },
              "wickets": [
                {
                  "player_out": "Mustapha Yusuf",
                  "kind": "run out"
                }
              ]
            },
            {
              "batter": "P Useni",
              "bowler": "NN Odhiambo",
              "non_striker": "P Aho",
              "runs": {
                "batter": 0,
                "extras": 0,
                "total": 0
              }
            }
          ]
        }
      ],
      "powerplays": [
        {
          "from": 0.1,
          "to": 5.6,
          "type": "mandatory"
        }
      ]
    },
    {
      "team": "Kenya",
      "overs": [
        {
          "over": 0,
          "deliveries": [
            {
              "batter": "Gurdeep Singh",
              "bowler": "Mohameed Taiwo",
              "non_striker": "AA Obanda",
              "runs": {
                "batter": 1,
                "extras": 0,
                "total": 1
              }
            },
            {
              "batter": "AA Obanda",
              "bowler": "Mohameed Taiwo",
              "non_striker": "Gurdeep Singh",
              "runs": {
                "batter": 0,
                "extras": 0,
                "total": 0
              }
            },
            {
              "batter": "AA Obanda",
              "bowler": "Mohameed Taiwo",
              "non_striker": "Gurdeep Singh",
              "runs": {
                "batter": 1,
                "extras": 0,
                "total": 1
              }
            },
            {
              "batter": "Gurdeep Singh",
              "bowler": "Mohameed Taiwo",
              "non_striker": "AA Obanda",
              "runs": {
                "batter": 0,
                "extras": 0,
                "total": 0
              }
            },
            {
              "batter": "Gurdeep Singh",
              "bowler": "Mohameed Taiwo",
              "non_striker": "AA Obanda",
              "runs": {
                "batter": 1,
                "extras": 0,
                "total": 1
              }
            },
            {
              "batter": "AA Obanda",
              "bowler": "Mohameed Taiwo",
              "non_striker": "Gurdeep Singh",
              "runs": {
                "batter": 4,
                "extras": 0,
                "total": 4
              }
            }
          ]
        },
        {
          "over": 1,
          "deliveries": [
            {
              "batter": "Gurdeep Singh",
              "bowler": "Mustapha Yusuf",
              "non_striker": "AA Obanda",
              "runs": {
                "batter": 0,
                "extras": 0,
                "total": 0
              }
            },
            {
              "batter": "Gurdeep Singh",
              "bowler": "Mustapha Yusuf",
              "non_striker": "AA Obanda",
              "runs": {
                "batter": 0,
                "extras": 0,
                "total": 0
              }
            },
            {
              "batter": "Gurdeep Singh",
              "bowler": "Mustapha Yusuf",
              "non_striker": "AA Obanda",
              "runs": {
                "batter": 1,
                "extras": 0,
                "total": 1
              }
            },
            {
              "batter": "AA Obanda",
              "bowler": "Mustapha Yusuf",
              "non_striker": "Gurdeep Singh",
              "runs": {
                "batter": 0,
                "extras": 0,
                "total": 0
              }
            },
            {
              "batter": "AA Obanda",
              "bowler": "Mustapha Yusuf",
              "non_striker": "Gurdeep Singh",
              "runs": {
                "batter": 6,
                "extras": 0,
                "total": 6
              }
            },
            {
              "batter": "AA Obanda",
              "bowler": "Mustapha Yusuf",
              "non_striker": "Gurdeep Singh",
              "runs": {
                "batter": 1,
                "extras": 0,
                "total": 1
              }
            }
          ]
        },
        {
          "over": 2,
          "deliveries": [
            {
              "batter": "AA Obanda",
              "bowler": "Mohameed Taiwo",
              "non_striker": "Gurdeep Singh",
              "runs": {
                "batter": 4,
                "extras": 0,
                "total": 4
              }
            },
            {
              "batter": "AA Obanda",
              "bowler": "Mohameed Taiwo",
              "non_striker": "Gurdeep Singh",
              "runs": {
                "batter": 6,
                "extras": 0,
                "total": 6
              }
            },
            {
              "batter": "AA Obanda",
              "bowler": "Mohameed Taiwo",
              "non_striker": "Gurdeep Singh",
              "runs": {
                "batter": 0,
                "extras": 0,
                "total": 0
              }
            },
            {
              "batter": "AA Obanda",
              "bowler": "Mohameed Taiwo",
              "non_striker": "Gurdeep Singh",
              "runs": {
                "batter": 1,
                "extras": 0,
                "total": 1
              }
            },
            {
              "batter": "Gurdeep Singh",
              "bowler": "Mohameed Taiwo",
              "non_striker": "AA Obanda",
              "runs": {
                "batter": 0,
                "extras": 0,
                "total": 0
              }
            },
            {
              "batter": "Gurdeep Singh",
              "bowler": "Mohameed Taiwo",
              "non_striker": "AA Obanda",
              "runs": {
                "batter": 2,
                "extras": 0,
                "total": 2
              }
            }
          ]
        },
        {
          "over": 3,
          "deliveries": [
            {
              "batter": "AA Obanda",
              "bowler": "Mustapha Yusuf",
              "non_striker": "Gurdeep Singh",
              "runs": {
                "batter": 0,
                "extras": 0,
                "total": 0
              }
            },
            {
              "batter": "AA Obanda",
              "bowler": "Mustapha Yusuf",
              "non_striker": "Gurdeep Singh",
              "runs": {
                "batter": 6,
                "extras": 0,
                "total": 6
              }
            },
            {
              "batter": "AA Obanda",
              "bowler": "Mustapha Yusuf",
              "non_striker": "Gurdeep Singh",
              "runs": {
                "batter": 0,
                "extras": 0,
                "total": 0
              }
            },
            {
              "batter": "AA Obanda",
              "bowler": "Mustapha Yusuf",
              "non_striker": "Gurdeep Singh",
              "runs": {
                "batter": 0,
                "extras": 0,
                "total": 0
              }
            },
            {
              "batter": "AA Obanda",
              "bowler": "Mustapha Yusuf",
              "extras": {
                "wides": 1
              },
              "non_striker": "Gurdeep Singh",
              "runs": {
                "batter": 0,
                "extras": 1,
                "total": 1
              }
            },
            {
              "batter": "AA Obanda",
              "bowler": "Mustapha Yusuf",
              "extras": {
                "legbyes": 1
              },
              "non_striker": "Gurdeep Singh",
              "runs": {
                "batter": 0,
                "extras": 1,
                "total": 1
              }
            },
            {
              "batter": "Gurdeep Singh",
              "bowler": "Mustapha Yusuf",
              "non_striker": "AA Obanda",
              "runs": {
                "batter": 1,
                "extras": 0,
                "total": 1
              }
            }
          ]
        },
        {
          "over": 4,
          "deliveries": [
            {
              "batter": "Gurdeep Singh",
              "bowler": "Mohameed Taiwo",
              "non_striker": "AA Obanda",
              "runs": {
                "batter": 6,
                "extras": 0,
                "total": 6
              }
            },
            {
              "batter": "Gurdeep Singh",
              "bowler": "Mohameed Taiwo",
              "non_striker": "AA Obanda",
              "runs": {
                "batter": 0,
                "extras": 0,
                "total": 0
              }
            },
            {
              "batter": "Gurdeep Singh",
              "bowler": "Mohameed Taiwo",
              "non_striker": "AA Obanda",
              "runs": {
                "batter": 4,
                "extras": 0,
                "total": 4
              }
            },
            {
              "batter": "Gurdeep Singh",
              "bowler": "Mohameed Taiwo",
              "non_striker": "AA Obanda",
              "runs": {
                "batter": 0,
                "extras": 0,
                "total": 0
              }
            },
            {
              "batter": "Gurdeep Singh",
              "bowler": "Mohameed Taiwo",
              "extras": {
                "noballs": 1
              },
              "non_striker": "AA Obanda",
              "runs": {
                "batter": 4,
                "extras": 1,
                "total": 5
              }
            },
            {
              "batter": "Gurdeep Singh",
              "bowler": "Mohameed Taiwo",
              "non_striker": "AA Obanda",
              "runs": {
                "batter": 4,
                "extras": 0,
                "total": 4
              }
            },
            {
              "batter": "Gurdeep Singh",
              "bowler": "Mohameed Taiwo",
              "non_striker": "AA Obanda",
              "runs": {
                "batter": 0,
                "extras": 0,
                "total": 0
              }
            }
          ]
        },
        {
          "over": 5,
          "deliveries": [
            {
              "batter": "AA Obanda",
              "bowler": "P Useni",
              "non_striker": "Gurdeep Singh",
              "runs": {
                "batter": 4,
                "extras": 0,
                "total": 4
              }
            },
            {
              "batter": "AA Obanda",
              "bowler": "P Useni",
              "non_striker": "Gurdeep Singh",
              "runs": {
                "batter": 4,
                "extras": 0,
                "total": 4
              }
            },
            {
              "batter": "AA Obanda",
              "bowler": "P Useni",
              "non_striker": "Gurdeep Singh",
              "runs": {
                "batter": 0,
                "extras": 0,
                "total": 0
              },
              "wickets": [
                {
                  "player_out": "AA Obanda",
                  "fielders": [
                    {
                      "name": "JO Adedeji"
                    }
                  ],
                  "kind": "caught"
                }
              ]
            },
            {
              "batter": "IA Karim",
              "bowler": "P Useni",
              "non_striker": "Gurdeep Singh",
              "runs": {
                "batter": 0,
                "extras": 0,
                "total": 0
              }
            },
            {
              "batter": "IA Karim",
              "bowler": "P Useni",
              "non_striker": "Gurdeep Singh",
              "runs": {
                "batter": 0,
                "extras": 0,
                "total": 0
              }
            },
            {
              "batter": "IA Karim",
              "bowler": "P Useni",
              "non_striker": "Gurdeep Singh",
              "runs": {
                "batter": 0,
                "extras": 0,
                "total": 0
              }
            }
          ]
        },
        {
          "over": 6,
          "deliveries": [
            {
              "batter": "Gurdeep Singh",
              "bowler": "O Isesele",
              "non_striker": "IA Karim",
              "runs": {
                "batter": 4,
                "extras": 0,
                "total": 4
              }
            },
            {
              "batter": "Gurdeep Singh",
              "bowler": "O Isesele",
              "non_striker": "IA Karim",
              "runs": {
                "batter": 2,
                "extras": 0,
                "total": 2
              }
            },
            {
              "batter": "Gurdeep Singh",
              "bowler": "O Isesele",
              "non_striker": "IA Karim",
              "runs": {
                "batter": 1,
                "extras": 0,
                "total": 1
              }
            },
            {
              "batter": "IA Karim",
              "bowler": "O Isesele",
              "non_striker": "Gurdeep Singh",
              "runs": {
                "batter": 0,
                "extras": 0,
                "total": 0
              }
            },
            {
              "batter": "IA Karim",
              "bowler": "O Isesele",
              "non_striker": "Gurdeep Singh",
              "runs": {
                "batter": 1,
                "extras": 0,
                "total": 1
              }
            },
            {
              "batter": "Gurdeep Singh",
              "bowler": "O Isesele",
              "non_striker": "IA Karim",
              "runs": {
                "batter": 0,
                "extras": 0,
                "total": 0
              }
            }
          ]
        },
        {
          "over": 7,
          "deliveries": [
            {
              "batter": "IA Karim",
              "bowler": "P Useni",
              "non_striker": "Gurdeep Singh",
              "runs": {
                "batter": 0,
                "extras": 0,
                "total": 0
              }
            },
            {
              "batter": "IA Karim",
              "bowler": "P Useni",
              "non_striker": "Gurdeep Singh",
              "runs": {
                "batter": 1,
                "extras": 0,
                "total": 1
              }
            },
            {
              "batter": "Gurdeep Singh",
              "bowler": "P Useni",
              "non_striker": "IA Karim",
              "runs": {
                "batter": 0,
                "extras": 0,
                "total": 0
              }
            },
            {
              "batter": "Gurdeep Singh",
              "bowler": "P Useni",
              "non_striker": "IA Karim",
              "runs": {
                "batter": 1,
                "extras": 0,
                "total": 1
              }
            },
            {
              "batter": "IA Karim",
              "bowler": "P Useni",
              "non_striker": "Gurdeep Singh",
              "runs": {
                "batter": 1,
                "extras": 0,
                "total": 1
              }
            },
            {
              "batter": "Gurdeep Singh",
              "bowler": "P Useni",
              "non_striker": "IA Karim",
              "runs": {
                "batter": 0,
                "extras": 0,
                "total": 0
              }
            }
          ]
        },
        {
          "over": 8,
          "deliveries": [
            {
              "batter": "IA Karim",
              "bowler": "O Isesele",
              "non_striker": "Gurdeep Singh",
              "runs": {
                "batter": 0,
                "extras": 0,
                "total": 0
              }
            },
            {
              "batter": "IA Karim",
              "bowler": "O Isesele",
              "non_striker": "Gurdeep Singh",
              "runs": {
                "batter": 0,
                "extras": 0,
                "total": 0
              }
            },
            {
              "batter": "IA Karim",
              "bowler": "O Isesele",
              "non_striker": "Gurdeep Singh",
              "runs": {
                "batter": 2,
                "extras": 0,
                "total": 2
              }
            },
            {
              "batter": "IA Karim",
              "bowler": "O Isesele",
              "non_striker": "Gurdeep Singh",
              "runs": {
                "batter": 1,
                "extras": 0,
                "total": 1
              }
            },
            {
              "batter": "Gurdeep Singh",
              "bowler": "O Isesele",
              "non_striker": "IA Karim",
              "runs": {
                "batter": 0,
                "extras": 0,
                "total": 0
              }
            },
            {
              "batter": "Gurdeep Singh",
              "bowler": "O Isesele",
              "non_striker": "IA Karim",
              "runs": {
                "batter": 1,
                "extras": 0,
                "total": 1
              }
            }
          ]
        },
        {
          "over": 9,
          "deliveries": [
            {
              "batter": "Gurdeep Singh",
              "bowler": "P Useni",
              "non_striker": "IA Karim",
              "runs": {
                "batter": 0,
                "extras": 0,
                "total": 0
              }
            },
            {
              "batter": "Gurdeep Singh",
              "bowler": "P Useni",
              "non_striker": "IA Karim",
              "runs": {
                "batter": 0,
                "extras": 0,
                "total": 0
              }
            },
            {
              "batter": "Gurdeep Singh",
              "bowler": "P Useni",
              "non_striker": "IA Karim",
              "runs": {
                "batter": 4,
                "extras": 0,
                "total": 4
              }
            },
            {
              "batter": "Gurdeep Singh",
              "bowler": "P Useni",
              "non_striker": "IA Karim",
              "runs": {
                "batter": 1,
                "extras": 0,
                "total": 1
              }
            },
            {
              "batter": "IA Karim",
              "bowler": "P Useni",
              "non_striker": "Gurdeep Singh",
              "runs": {
                "batter": 1,
                "extras": 0,
                "total": 1
              }
            },
            {
              "batter": "Gurdeep Singh",
              "bowler": "P Useni",
              "non_striker": "IA Karim",
              "runs": {
                "batter": 0,
                "extras": 0,
                "total": 0
              }
            }
          ]
        },
        {
          "over": 10,
          "deliveries": [
            {
              "batter": "IA Karim",
              "bowler": "O Isesele",
              "non_striker": "Gurdeep Singh",
              "runs": {
                "batter": 1,
                "extras": 0,
                "total": 1
              }
            },
            {
              "batter": "Gurdeep Singh",
              "bowler": "O Isesele",
              "non_striker": "IA Karim",
              "runs": {
                "batter": 1,
                "extras": 0,
                "total": 1
              }
            },
            {
              "batter": "IA Karim",
              "bowler": "O Isesele",
              "non_striker": "Gurdeep Singh",
              "runs": {
                "batter": 1,
                "extras": 0,
                "total": 1
              }
            },
            {
              "batter": "Gurdeep Singh",
              "bowler": "O Isesele",
              "non_striker": "IA Karim",
              "runs": {
                "batter": 2,
                "extras": 0,
                "total": 2
              }
            },
            {
              "batter": "Gurdeep Singh",
              "bowler": "O Isesele",
              "non_striker": "IA Karim",
              "runs": {
                "batter": 2,
                "extras": 0,
                "total": 2
              }
            },
            {
              "batter": "Gurdeep Singh",
              "bowler": "O Isesele",
              "non_striker": "IA Karim",
              "runs": {
                "batter": 1,
                "extras": 0,
                "total": 1
              }
            }
          ]
        },
        {
          "over": 11,
          "deliveries": [
            {
              "batter": "Gurdeep Singh",
              "bowler": "P Aho",
              "extras": {
                "wides": 1
              },
              "non_striker": "IA Karim",
              "runs": {
                "batter": 0,
                "extras": 1,
                "total": 1
              }
            },
            {
              "batter": "Gurdeep Singh",
              "bowler": "P Aho",
              "non_striker": "IA Karim",
              "runs": {
                "batter": 0,
                "extras": 0,
                "total": 0
              },
              "wickets": [
                {
                  "player_out": "Gurdeep Singh",
                  "kind": "bowled"
                }
              ]
            },
            {
              "batter": "RN Patel",
              "bowler": "P Aho",
              "extras": {
                "wides": 1
              },
              "non_striker": "IA Karim",
              "runs": {
                "batter": 0,
                "extras": 1,
                "total": 1
              }
            },
            {
              "batter": "RN Patel",
              "bowler": "P Aho",
              "extras": {
                "wides": 1
              },
              "non_striker": "IA Karim",
              "runs": {
                "batter": 0,
                "extras": 1,
                "total": 1
              }
            },
            {
              "batter": "RN Patel",
              "bowler": "P Aho",
              "non_striker": "IA Karim",
              "runs": {
                "batter": 4,
                "extras": 0,
                "total": 4
              }
            },
            {
              "batter": "RN Patel",
              "bowler": "P Aho",
              "non_striker": "IA Karim",
              "runs": {
                "batter": 0,
                "extras": 0,
                "total": 0
              }
            },
            {
              "batter": "RN Patel",
              "bowler": "P Aho",
              "non_striker": "IA Karim",
              "runs": {
                "batter": 4,
                "extras": 0,
                "total": 4
              }
            },
            {
              "batter": "RN Patel",
              "bowler": "P Aho",
              "non_striker": "IA Karim",
              "runs": {
                "batter": 4,
                "extras": 0,
                "total": 4
              }
            }
          ]
        }
      ],
      "powerplays": [
        {
          "from": 0.1,
          "to": 5.6,
          "type": "mandatory"
        }
      ],
      "target": {
        "overs": 20,
        "runs": 108
      }
    }
  ]
}