{
  "meta": {
    "data_version": "1.1.0",
    "created": "2024-11-02",
    "revision": 1
  },
  "info": {
    "balls_per_over": 6,
    "city": "Johannesburg",
    "dates": [
      "2024-10-22"
    ],
    "event": {
      "name": "CSA T20 Challenge",
      "stage": "Qualifier 1"
    },
    "gender": "male",
    "match_type": "T20",
    "officials": {
      "match_referees": [
        "GH Pienaar"
      ],
      "reserve_umpires": [
        "Siphelele Gasa"
      ],
      "tv_umpires": [
        "A Steenkamp"
      ],
      "umpires": [
        "A Paleker",
        "A Jacobs"
      ]
    },
    "outcome": {
      "winner": "Lions",
      "by": {
        "wickets": 7
      }
    },
    "overs": 20,
    "player_of_match": [
      "RR Hendricks",
      "KT Maphaka"
    ],
    "players": {
      "Titans": [
        "LG Pretorius",
        "R Moonsamy",
        "Dayyaan Galiem",
        "BS Makhanya",
        "H Klaasen",
        "D Ferreira",
        "AL Phehlukwayo",
        "G Coetzee",
        "RE van der Merwe",
        "CJ Dala",
        "T Shamsi"
      ],
      "Lions": [
        "Zubayr Hamza",
        "RR Hendricks",
        "HE van der Dussen",
        "C Esterhuizen",
        "M Van Buuren",
        "D Potgieter",
        "E Jones",
        "BC Fortuin",
        "L Sipamla",
        "KT Maphaka",
        "N Peter"
      ]
    },
    "registry": {
      "people": {
        "A Jacobs": "70d117de",
        "A Paleker": "634b11ac",
        "A Steenkamp": "89c62cf5",
        "AL Phehlukwayo": "ab6b1c45",
        "BC Fortuin": "9a2fc964",
        "BS Makhanya": "1b42a100",
        "C Esterhuizen": "ef9acbcc",
        "CJ Dala": "1cb14aa4",
        "D Ferreira": "f0af99a7",
        "D Potgieter": "60fbf53a",
        "Dayyaan Galiem": "47c449c5",
        "E Jones": "fbfea9c2",
        "G Coetzee": "3204c99f",
        "GH Pienaar": "3516e46b",
        "H Klaasen": "235c2bb6",
        "HE van der Dussen": "9948e262",
        "KT Maphaka": "107c26fb",
        "L Sipamla": "f892fcf9",
        "LG Pretorius": "60aa2db3",
        "M Van Buuren": "46e4a4e0",
        "N Peter": "212aeedd",
        "R Moonsamy": "29e676b0",
        "RE van der Merwe": "05c2ca46",
        "RR Hendricks": "b8cc58c9",
        "Siphelele Gasa": "e50baa87",
        "T Shamsi": "a03bba42",
        "Zubayr Hamza": "22feee04"
      }
    },
    "season": "2024/25",
    "team_type": "club",
    "teams": [
      "Titans",
      "Lions"
    ],
    "toss": {
      "decision": "field",
      "winner": "Lions"
    },
    "venue": "The Wanderers Stadium, Johannesburg"
  },
  "innings": [
    {
      "team": "Titans",
      "overs": [
        {
          "over": 0,
          "deliveries": [
            {
              "batter": "LG Pretorius",
              "bowler": "D Potgieter",
              "non_striker": "R Moonsamy",
              "over": 0,
              "runs": {
                "batter": 1,
                "extras": 0,
                "total": 1
              }
            },
            {
              "batter": "R Moonsamy",
              "bowler": "D Potgieter",
              "non_striker": "LG Pretorius",
              "over": 0,
              "runs": {
                "batter": 0,
                "extras": 0,
                "total": 0
              }
            },
            {
              "batter": "R Moonsamy",
              "bowler": "D Potgieter",
              "non_striker": "LG Pretorius",
              "over": 0,
              "runs": {
                "batter": 1,
                "extras": 0,
                "total": 1
              }
            },
            {
              "batter": "LG Pretorius",
              "bowler": "D Potgieter",
              "non_striker": "R Moonsamy",
              "over": 0,
              "runs": {
                "batter": 1,
                "extras": 0,
                "total": 1
              }
            },
            {
              "batter": "R Moonsamy",
              "bowler": "D Potgieter",
              "non_striker": "LG Pretorius",
              "over": 0,
              "runs": {
                "batter": 0,
                "extras": 0,
                "total": 0
              }
            },
            {
              "batter": "R Moonsamy",
              "bowler": "D Potgieter",
              "non_striker": "LG Pretorius",
              "over": 0,
              "runs": {
                "batter": 0,
                "extras": 0,
                "total": 0
              },
              "wickets": [
                {
                  "player_out": "R Moonsamy",
                  "fielders": [
                    {
                      "name": "RR Hendricks"
                    }
                  ],
                  "kind": "caught"
                }
              ]
            }
          ]
        },
        {
          "over": 1,
          "deliveries": [
            {
              "batter": "LG Pretorius",
              "bowler": "KT Maphaka",
              "non_striker": "Dayyaan Galiem",
              "over": 1,
              "runs": {
                "batter": 1,
                "extras": 0,
                "total": 1
              }
            },
            {
              "batter": "Dayyaan Galiem",
              "bowler": "KT Maphaka",
              "non_striker": "LG Pretorius",
              "over": 1,
              "runs": {
                "batter": 1,
                "extras": 0,
                "total": 1
              }
            },
            {
              "batter": "LG Pretorius",
              "bowler": "KT Maphaka",
              "non_striker": "Dayyaan Galiem",
              "over": 1,
              "runs": {
                "batter": 0,
                "extras": 0,
                "total": 0
              }
            },
            {
              "batter": "LG Pretorius",
              "bowler": "KT Maphaka",
              "non_striker": "Dayyaan Galiem",
              "over": 1,
              "runs": {
                "batter": 0,
                "extras": 0,
                "total": 0
              }
            },
            {
              "batter": "LG Pretorius",
              "bowler": "KT Maphaka",
              "non_striker": "Dayyaan Galiem",
              "over": 1,
              "runs": {
                "batter": 4,
                "extras": 0,
                "total": 4
              }
            },
            {
              "batter": "LG Pretorius",
              "bowler": "KT Maphaka",
              "non_striker": "Dayyaan Galiem",
              "over": 1,
              "runs": {
                "batter": 0,
                "extras": 0,
                "total": 0
              }
            }
          ]
        },
        {
          "over": 2,
          "deliveries": [
            {
              "batter": "Dayyaan Galiem",
              "bowler": "D Potgieter",
              "extras": {
                "wides": 1
              },
              "non_striker": "LG Pretorius",
              "over": 2,
              "runs": {
                "batter": 0,
                "extras": 1,
                "total": 1
              }
            },
            {
              "batter": "Dayyaan Galiem",
              "bowler": "D Potgieter",
              "non_striker": "LG Pretorius",
              "over": 2,
              "runs": {
                "batter": 2,
                "extras": 0,
                "total": 2
              }
            },
            {
              "batter": "Dayyaan Galiem",
              "bowler": "D Potgieter",
              "non_striker": "LG Pretorius",
              "over": 2,
              "runs": {
                "batter": 0,
                "extras": 0,
                "total": 0
              }
            },
            {
              "batter": "Dayyaan Galiem",
              "bowler": "D Potgieter",
              "non_striker": "LG Pretorius",
              "over": 2,
              "runs": {
                "batter": 0,
                "extras": 0,
                "total": 0
              }
            },
            {
              "batter": "Dayyaan Galiem",
              "bowler": "D Potgieter",
              "non_striker": "LG Pretorius",
              "over": 2,
              "runs": {
                "batter": 4,
                "extras": 0,
                "total": 4
              }
            },
            {
              "batter": "Dayyaan Galiem",
              "bowler": "D Potgieter",
              "non_striker": "LG Pretorius",
              "over": 2,
              "runs": {
                "batter": 2,
                "extras": 0,
                "total": 2
              }
            },
            {
              "batter": "Dayyaan Galiem",
              "bowler": "D Potgieter",
              "non_striker": "LG Pretorius",
              "over": 2,
              "runs": {
                "batter": 0,
                "extras": 0,
                "total": 0
              }
            }
          ]
        },
        {
          "over": 3,
          "deliveries": [
            {
              "batter": "LG Pretorius",
              "bowler": "KT Maphaka",
              "non_striker": "Dayyaan Galiem",
              "over": 3,
              "runs": {
                "batter": 0,
                "extras": 0,
                "total": 0
              }
            },
            {
              "batter": "LG Pretorius",
              "bowler": "KT Maphaka",
              "non_striker": "Dayyaan Galiem",
              "over": 3,
              "runs": {
                "batter": 0,
                "extras": 0,
                "total": 0
              },
              "wickets": [
                {
                  "player_out": "LG Pretorius",
                  "fielders": [
                    {
                      "name": "HE van der Dussen"
                    }
                  ],
                  "kind": "caught"
                }
              ]
            },
            {
              "batter": "BS Makhanya",
              "bowler": "KT Maphaka",
              "extras": {
                "wides": 1
              },
              "non_striker": "Dayyaan Galiem",
              "over": 3,
              "runs": {
                "batter": 0,
                "extras": 1,
                "total": 1
              }
            },
            {
              "batter": "BS Makhanya",
              "bowler": "KT Maphaka",
              "non_striker": "Dayyaan Galiem",
              "over": 3,
              "runs": {
                "batter": 0,
                "extras": 0,
                "total": 0
              }
            },
            {
              "batter": "BS Makhanya",
              "bowler": "KT Maphaka",
              "non_striker": "Dayyaan Galiem",
              "over": 3,
              "runs": {
                "batter": 0,
                "extras": 0,
                "total": 0
              },
              "wickets": [
                {
                  "player_out": "BS Makhanya",
                  "fielders": [
                    {
                      "name": "N Peter"
                    }
                  ],
                  "kind": "caught"
                }
              ]
            },
            {
              "batter": "H Klaasen",
              "bowler": "KT Maphaka",
              "non_striker": "Dayyaan Galiem",
              "over": 3,
              "runs": {
                "batter": 0,
                "extras": 0,
                "total": 0
              }
            },
            {
              "batter": "H Klaasen",
              "bowler": "KT Maphaka",
              "non_striker": "Dayyaan Galiem",
              "over": 3,
              "runs": {
                "batter": 1,
                "extras": 0,
                "total": 1
              }
            }
          ]
        },
        {
          "over": 4,
          "deliveries": [
            {
              "batter": "H Klaasen",
              "bowler": "L Sipamla",
              "non_striker": "Dayyaan Galiem",
              "over": 4,
              "runs": {
                "batter": 4,
                "extras": 0,
                "total": 4
              }
            },
            {
              "batter": "H Klaasen",
              "bowler": "L Sipamla",
              "non_striker": "Dayyaan Galiem",
              "over": 4,
              "runs": {
                "batter": 0,
                "extras": 0,
                "total": 0
              }
            },
            {
              "batter": "H Klaasen",
              "bowler": "L Sipamla",
              "non_striker": "Dayyaan Galiem",
              "over": 4,
              "runs": {
                "batter": 1,
                "extras": 0,
                "total": 1
              }
            },
            {
              "batter": "Dayyaan Galiem",
              "bowler": "L Sipamla",
              "non_striker": "H Klaasen",
              "over": 4,
              "runs": {
                "batter": 0,
                "extras": 0,
                "total": 0
              }
            },
            {
              "batter": "Dayyaan Galiem",
              "bowler": "L Sipamla",
              "non_striker": "H Klaasen",
              "over": 4,
              "runs": {
                "batter": 4,
                "extras": 0,
                "total": 4
              }
            },
            {
              "batter": "Dayyaan Galiem",
              "bowler": "L Sipamla",
              "non_striker": "H Klaasen",
              "over": 4,
              "runs": {
                "batter": 0,
                "extras": 0,
                "total": 0
              }
            }
          ]
        },
        {
          "over": 5,
          "deliveries": [
            {
              "batter": "H Klaasen",
              "bowler": "KT Maphaka",
              "non_striker": "Dayyaan Galiem",
              "over": 5,
              "runs": {
                "batter": 1,
                "extras": 0,
                "total": 1
              }
            },
            {
              "batter": "Dayyaan Galiem",
              "bowler": "KT Maphaka",
              "non_striker": "H Klaasen",
              "over": 5,
              "runs": {
                "batter": 0,
                "extras": 0,
                "total": 0
              }
            },
            {
              "batter": "Dayyaan Galiem",
              "bowler": "KT Maphaka",
              "non_striker": "H Klaasen",
              "over": 5,
              "runs": {
                "batter": 0,
                "extras": 0,
                "total": 0
              }
            },
            {
              "batter": "Dayyaan Galiem",
              "bowler": "KT Maphaka",
              "non_striker": "H Klaasen",
              "over": 5,
              "runs": {
                "batter": 1,
                "extras": 0,
                "total": 1
              }
            },
            {
              "batter": "H Klaasen",
              "bowler": "KT Maphaka",
              "non_striker": "Dayyaan Galiem",
              "over": 5,
              "runs": {
                "batter": 0,
                "extras": 0,
                "total": 0
              }
            },
            {
              "batter": "H Klaasen",
              "bowler": "KT Maphaka",
              "non_striker": "Dayyaan Galiem",
              "over": 5,
              "runs": {
                "batter": 1,
                "extras": 0,
                "total": 1
              }
            }
          ]
        },
        {
          "over": 6,
          "deliveries": [
            {
              "batter": "H Klaasen",
              "bowler": "L Sipamla",
              "non_striker": "Dayyaan Galiem",
              "over": 6,
              "runs": {
                "batter": 1,
                "extras": 0,
                "total": 1
              }
            },
            {
              "batter": "Dayyaan Galiem",
              "bowler": "L Sipamla",
              "non_striker": "H Klaasen",
              "over": 6,
              "runs": {
                "batter": 1,
                "extras": 0,
                "total": 1
              }
            },
            {
              "batter": "H Klaasen",
              "bowler": "L Sipamla",
              "non_striker": "Dayyaan Galiem",
              "over": 6,
              "runs": {
                "batter": 1,
                "extras": 0,
                "total": 1
              }
            },
            {
              "batter": "Dayyaan Galiem",
              "bowler": "L Sipamla",
              "non_striker": "H Klaasen",
              "over": 6,
              "runs": {
                "batter": 1,
                "extras": 0,
                "total": 1
              }
            },
            {
              "batter": "H Klaasen",
              "bowler": "L Sipamla",
              "non_striker": "Dayyaan Galiem",
              "over": 6,
              "runs": {
                "batter": 0,
                "extras": 0,
                "total": 0
              }
            },
            {
              "batter": "H Klaasen",
              "bowler": "L Sipamla",
              "non_striker": "Dayyaan Galiem",
              "over": 6,
              "runs": {
                "batter": 1,
                "extras": 0,
                "total": 1
              }
            }
          ]
        },
        {
          "over": 7,
          "deliveries": [
            {
              "batter": "H Klaasen",
              "bowler": "E Jones",
              "non_striker": "Dayyaan Galiem",
              "over": 7,
              "runs": {
                "batter": 1,
                "extras": 0,
                "total": 1
              }
            },
            {
              "batter": "Dayyaan Galiem",
              "bowler": "E Jones",
              "non_striker": "H Klaasen",
              "over": 7,
              "runs": {
                "batter": 0,
                "extras": 0,
                "total": 0
              }
            },
            {
              "batter": "Dayyaan Galiem",
              "bowler": "E Jones",
              "non_striker": "H Klaasen",
              "over": 7,
              "runs": {
                "batter": 1,
                "extras": 0,
                "total": 1
              }
            },
            {
              "batter": "H Klaasen",
              "bowler": "E Jones",
              "extras": {
                "wides": 1
              },
              "non_striker": "Dayyaan Galiem",
              "over": 7,
              "runs": {
                "batter": 0,
                "extras": 1,
                "total": 1
              }
            },
            {
              "batter": "H Klaasen",
              "bowler": "E Jones",
              "non_striker": "Dayyaan Galiem",
              "over": 7,
              "runs": {
                "batter": 0,
                "extras": 0,
                "total": 0
              }
            },
            {
              "batter": "H Klaasen",
              "bowler": "E Jones",
              "non_striker": "Dayyaan Galiem",
              "over": 7,
              "runs": {
                "batter": 2,
                "extras": 0,
                "total": 2
              }
            },
            {
              "batter": "H Klaasen",
              "bowler": "E Jones",
              "non_striker": "Dayyaan Galiem",
              "over": 7,
              "runs": {
                "batter": 0,
                "extras": 0,
                "total": 0
              }
            }
          ]
        },
        {
          "over": 8,
          "deliveries": [
            {
              "batter": "Dayyaan Galiem",
              "bowler": "L Sipamla",
              "non_striker": "H Klaasen",
              "over": 8,
              "runs": {
                "batter": 2,
                "extras": 0,
                "total": 2
              }
            },
            {
              "batter": "Dayyaan Galiem",
              "bowler": "L Sipamla",
              "non_striker": "H Klaasen",
              "over": 8,
              "runs": {
                "batter": 4,
                "extras": 0,
                "total": 4
              }
            },
            {
              "batter": "Dayyaan Galiem",
              "bowler": "L Sipamla",
              "non_striker": "H Klaasen",
              "over": 8,
              "runs": {
                "batter": 2,
                "extras": 0,
                "total": 2
              }
            },
            {
              "batter": "Dayyaan Galiem",
              "bowler": "L Sipamla",
              "non_striker": "H Klaasen",
              "over": 8,
              "runs": {
                "batter": 1,
                "extras": 0,
                "total": 1
              }
            },
            {
              "batter": "H Klaasen",
              "bowler": "L Sipamla",
              "non_striker": "Dayyaan Galiem",
              "over": 8,
              "runs": {
                "batter": 0,
                "extras": 0,
                "total": 0
              },
              "wickets": [
                {
                  "player_out": "H Klaasen",
                  "fielders": [
                    {
                      "name": "BC Fortuin"
                    }
                  ],
                  "kind": "caught"
                }
              ]
            },
            {
              "batter": "D Ferreira",
              "bowler": "L Sipamla",
              "non_striker": "Dayyaan Galiem",
              "over": 8,
              "runs": {
                "batter": 4,
                "extras": 0,
                "total": 4
              }
            }
          ]
        },
        {
          "over": 9,
          "deliveries": [
            {
              "batter": "Dayyaan Galiem",
              "bowler": "E Jones",
              "non_striker": "D Ferreira",
              "over": 9,
              "runs": {
                "batter": 1,
                "extras": 0,
                "total": 1
              }
            },
            {
              "batter": "D Ferreira",
              "bowler": "E Jones",
              "non_striker": "Dayyaan Galiem",
              "over": 9,
              "runs": {
                "batter": 0,
                "extras": 0,
                "total": 0
              }
            },
            {
              "batter": "D Ferreira",
              "bowler": "E Jones",
              "non_striker": "Dayyaan Galiem",
              "over": 9,
              "runs": {
                "batter": 0,
                "extras": 0,
                "total": 0
              }
            },
            {
              "batter": "D Ferreira",
              "bowler": "E Jones",
              "non_striker": "Dayyaan Galiem",
              "over": 9,
              "runs": {
                "batter": 1,
                "extras": 0,
                "total": 1
              }
            },
            {
              "batter": "Dayyaan Galiem",
              "bowler": "E Jones",
              "non_striker": "D Ferreira",
              "over": 9,
              "runs": {
                "batter": 0,
                "extras": 0,
                "total": 0
              }
            },
            {
              "batter": "Dayyaan Galiem",
              "bowler": "E Jones",
              "non_striker": "D Ferreira",
              "over": 9,
              "runs": {
                "batter": 1,
                "extras": 0,
                "total": 1
              }
            }
          ]
        },
        {
          "over": 10,
          "deliveries": [
            {
              "batter": "Dayyaan Galiem",
              "bowler": "D Potgieter",
              "non_striker": "D Ferreira",
              "over": 10,
              "runs": {
                "batter": 1,
                "extras": 0,
                "total": 1
              }
            },
            {
              "batter": "D Ferreira",
              "bowler": "D Potgieter",
              "non_striker": "Dayyaan Galiem",
              "over": 10,
              "runs": {
                "batter": 1,
                "extras": 0,
                "total": 1
              }
            },
            {
              "batter": "Dayyaan Galiem",
              "bowler": "D Potgieter",
              "non_striker": "D Ferreira",
              "over": 10,
              "runs": {
                "batter": 1,
                "extras": 0,
                "total": 1
              }
            },
            {
              "batter": "D Ferreira",
              "bowler": "D Potgieter",
              "non_striker": "Dayyaan Galiem",
              "over": 10,
              "runs": {
                "batter": 4,
                "extras": 0,
                "total": 4
              }
            },
            {
              "batter": "D Ferreira",
              "bowler": "D Potgieter",
              "non_striker": "Dayyaan Galiem",
              "over": 10,
              "runs": {
                "batter": 0,
                "extras": 0,
                "total": 0
              }
            },
            {
              "batter": "D Ferreira",
              "bowler": "D Potgieter",
              "non_striker": "Dayyaan Galiem",
              "over": 10,
              "runs": {
                "batter": 1,
                "extras": 0,
                "total": 1
              }
            }
          ]
        },
        {
          "over": 11,
          "deliveries": [
            {
              "batter": "D Ferreira",
              "bowler": "BC Fortuin",
              "non_striker": "Dayyaan Galiem",
              "over": 11,
              "runs": {
                "batter": 1,
                "extras": 0,
                "total": 1
              }
            },
            {
              "batter": "Dayyaan Galiem",
              "bowler": "BC Fortuin",
              "non_striker": "D Ferreira",
              "over": 11,
              "runs": {
                "batter": 4,
                "extras": 0,
                "total": 4
              }
            },
            {
              "batter": "Dayyaan Galiem",
              "bowler": "BC Fortuin",
              "non_striker": "D Ferreira",
              "over": 11,
              "runs": {
                "batter": 4,
                "extras": 0,
                "total": 4
              }
            },
            {
              "batter": "Dayyaan Galiem",
              "bowler": "BC Fortuin",
              "non_striker": "D Ferreira",
              "over": 11,
              "runs": {
                "batter": 1,
                "extras": 0,
                "total": 1
              }
            },
            {
              "batter": "D Ferreira",
              "bowler": "BC Fortuin",
              "non_striker": "Dayyaan Galiem",
              "over": 11,
              "runs": {
                "batter": 1,
                "extras": 0,
                "total": 1
              }
            },
            {
              "batter": "Dayyaan Galiem",
              "bowler": "BC Fortuin",
              "non_striker": "D Ferreira",
              "over": 11,
              "runs": {
                "batter": 1,
                "extras": 0,
                "total": 1
              }
            }
          ]
        },
        {
          "over": 12,
          "deliveries": [
            {
              "batter": "Dayyaan Galiem",
              "bowler": "E Jones",
              "non_striker": "D Ferreira",
              "over": 12,
              "runs": {
                "batter": 1,
                "extras": 0,
                "total": 1
              }
            },
            {
              "batter": "D Ferreira",
              "bowler": "E Jones",
              "non_striker": "Dayyaan Galiem",
              "over": 12,
              "runs": {
                "batter": 1,
                "extras": 0,
                "total": 1
              }
            },
            {
              "batter": "Dayyaan Galiem",
              "bowler": "E Jones",
              "non_striker": "D Ferreira",
              "over": 12,
              "runs": {
                "batter": 1,
                "extras": 0,
                "total": 1
              }
            },
            {
              "batter": "D Ferreira",
              "bowler": "E Jones",
              "non_striker": "Dayyaan Galiem",
              "over": 12,
              "runs": {
                "batter": 4,
                "extras": 0,
                "total": 4
              }
            },
            {
              "batter": "D Ferreira",
              "bowler": "E Jones",
              "non_striker": "Dayyaan Galiem",
              "over": 12,
              "runs": {
                "batter": 1,
                "extras": 0,
                "total": 1
              }
            },
            {
              "batter": "Dayyaan Galiem",
              "bowler": "E Jones",
              "non_striker": "D Ferreira",
              "over": 12,
              "runs": {
                "batter": 0,
                "extras": 0,
                "total": 0
              }
            }
          ]
        },
        {
          "over": 13,
          "deliveries": [
            {
              "batter": "D Ferreira",
              "bowler": "N Peter",
              "extras": {
                "legbyes": 1
              },
              "non_striker": "Dayyaan Galiem",
              "over": 13,
              "runs": {
                "batter": 0,
                "extras": 1,
                "total": 1
              }
            },
            {
              "batter": "Dayyaan Galiem",
              "bowler": "N Peter",
              "non_striker": "D Ferreira",
              "over": 13,
              "runs": {
                "batter": 1,
                "extras": 0,
                "total": 1
              }
            },
            {
              "batter": "D Ferreira",
              "bowler": "N Peter",
              "non_striker": "Dayyaan Galiem",
              "over": 13,
              "runs": {
                "batter": 0,
                "extras": 0,
                "total": 0
              }
            },
            {
              "batter": "D Ferreira",
              "bowler": "N Peter",
              "extras": {
                "byes": 4
              },
              "non_striker": "Dayyaan Galiem",
              "over": 13,
              "runs": {
                "batter": 0,
                "extras": 4,
                "total": 4
              }
            },
            {
              "batter": "D Ferreira",
              "bowler": "N Peter",
              "non_striker": "Dayyaan Galiem",
              "over": 13,
              "runs": {
                "batter": 2,
                "extras": 0,
                "total": 2
              }
            },
            {
              "batter": "D Ferreira",
              "bowler": "N Peter",
              "non_striker": "Dayyaan Galiem",
              "over": 13,
              "runs": {
                "batter": 0,
                "extras": 0,
                "total": 0
              },
              "wickets": [
                {
                  "player_out": "D Ferreira",
                  "kind": "bowled"
                }
              ]
            }
          ]
        },
        {
          "over": 14,
          "deliveries": [
            {
              "batter": "Dayyaan Galiem",
              "bowler": "D Potgieter",
              "non_striker": "AL Phehlukwayo",
              "over": 14,
              "runs": {
                "batter": 1,
                "extras": 0,
                "total": 1
              }
            },
            {
              "batter": "AL Phehlukwayo",
              "bowler": "D Potgieter",
              "non_striker": "Dayyaan Galiem",
              "over": 14,
              "runs": {
                "batter": 0,
                "extras": 0,
                "total": 0
              }
            },
            {
              "batter": "AL Phehlukwayo",
              "bowler": "D Potgieter",
              "non_striker": "Dayyaan Galiem",
              "over": 14,
              "runs": {
                "batter": 0,
                "extras": 0,
                "total": 0
              }
            },
            {
              "batter": "AL Phehlukwayo",
              "bowler": "D Potgieter",
              "non_striker": "Dayyaan Galiem",
              "over": 14,
              "runs": {
                "batter": 0,
                "extras": 0,
                "total": 0
              }
            },
            {
              "batter": "AL Phehlukwayo",
              "bowler": "D Potgieter",
              "non_striker": "Dayyaan Galiem",
              "over": 14,
              "runs": {
                "batter": 1,
                "extras": 0,
                "total": 1
              }
            },
            {
              "batter": "Dayyaan Galiem",
              "bowler": "D Potgieter",
              "extras": {
                "legbyes": 1
              },
              "non_striker": "AL Phehlukwayo",
              "over": 14,
              "runs": {
                "batter": 0,
                "extras": 1,
                "total": 1
              }
            }
          ]
        },
        {
          "over": 15,
          "deliveries": [
            {
              "batter": "Dayyaan Galiem",
              "bowler": "N Peter",
              "non_striker": "AL Phehlukwayo",
              "over": 15,
              "runs": {
                "batter": 0,
                "extras": 0,
                "total": 0
              }
            },
            {
              "batter": "Dayyaan Galiem",
              "bowler": "N Peter",
              "non_striker": "AL Phehlukwayo",
              "over": 15,
              "runs": {
                "batter": 0,
                "extras": 0,
                "total": 0
              }
            },
            {
              "batter": "Dayyaan Galiem",
              "bowler": "N Peter",
              "non_striker": "AL Phehlukwayo",
              "over": 15,
              "runs": {
                "batter": 0,
                "extras": 0,
                "total": 0
              },
              "wickets": [
                {
                  "player_out": "Dayyaan Galiem",
                  "kind": "bowled"
                }
              ]
            },
            {
              "batter": "G Coetzee",
              "bowler": "N Peter",
              "non_striker": "AL Phehlukwayo",
              "over": 15,
              "runs": {
                "batter": 0,
                "extras": 0,
                "total": 0
              }
            },
            {
              "batter": "G Coetzee",
              "bowler": "N Peter",
              "non_striker": "AL Phehlukwayo",
              "over": 15,
              "runs": {
                "batter": 0,
                "extras": 0,
                "total": 0
              }
            },
            {
              "batter": "G Coetzee",
              "bowler": "N Peter",
              "non_striker": "AL Phehlukwayo",
              "over": 15,
              "runs": {
                "batter": 0,
                "extras": 0,
                "total": 0
              }
            }
          ]
        },
        {
          "over": 16,
          "deliveries": [
            {
              "batter": "AL Phehlukwayo",
              "bowler": "E Jones",
              "non_striker": "G Coetzee",
              "over": 16,
              "runs": {
                "batter": 0,
                "extras": 0,
                "total": 0
              }
            },
            {
              "batter": "AL Phehlukwayo",
              "bowler": "E Jones",
              "non_striker": "G Coetzee",
              "over": 16,
              "runs": {
                "batter": 2,
                "extras": 0,
                "total": 2
              }
            },
            {
              "batter": "AL Phehlukwayo",
              "bowler": "E Jones",
              "non_striker": "G Coetzee",
              "over": 16,
              "runs": {
                "batter": 1,
                "extras": 0,
                "total": 1
              }
            },
            {
              "batter": "G Coetzee",
              "bowler": "E Jones",
              "non_striker": "AL Phehlukwayo",
              "over": 16,
              "runs": {
                "batter": 2,
                "extras": 0,
                "total": 2
              }
            },
            {
              "batter": "G Coetzee",
              "bowler": "E Jones",
              "non_striker": "AL Phehlukwayo",
              "over": 16,
              "runs": {
                "batter": 0,
                "extras": 0,
                "total": 0
              },
              "wickets": [
                {
                  "player_out": "G Coetzee",
                  "fielders": [
                    {
                      "name": "HE van der Dussen"
                    }
                  ],
                  "kind": "caught"
                }
              ]
            },
            {
              "batter": "RE van der Merwe",
              "bowler": "E Jones",
              "non_striker": "AL Phehlukwayo",
              "over": 16,
              "runs": {
                "batter": 1,
                "extras": 0,
                "total": 1
              }
            }
          ]
        },
        {
          "over": 17,
          "deliveries": [
            {
              "batter": "RE van der Merwe",
              "bowler": "N Peter",
              "non_striker": "AL Phehlukwayo",
              "over": 17,
              "runs": {
                "batter": 1,
                "extras": 0,
                "total": 1
              }
            },
            {
              "batter": "AL Phehlukwayo",
              "bowler": "N Peter",
              "non_striker": "RE van der Merwe",
              "over": 17,
              "runs": {
                "batter": 1,
                "extras": 0,
                "total": 1
              }
            },
            {
              "batter": "RE van der Merwe",
              "bowler": "N Peter",
              "extras": {
                "wides": 1
              },
              "non_striker": "AL Phehlukwayo",
              "over": 17,
              "runs": {
                "batter": 0,
                "extras": 1,
                "total": 1
              }
            },
            {
              "batter": "RE van der Merwe",
              "bowler": "N Peter",
              "non_striker": "AL Phehlukwayo",
              "over": 17,
              "runs": {
                "batter": 1,
                "extras": 0,
                "total": 1
              }
            },
            {
              "batter": "AL Phehlukwayo",
              "bowler": "N Peter",
              "non_striker": "RE van der Merwe",
              "over": 17,
              "runs": {
                "batter": 6,
                "extras": 0,
                "total": 6
              }
            },
            {
              "batter": "AL Phehlukwayo",
              "bowler": "N Peter",
              "non_striker": "RE van der Merwe",
              "over": 17,
              "runs": {
                "batter": 1,
                "extras": 0,
                "total": 1
              }
            },
            {
              "batter": "RE van der Merwe",
              "bowler": "N Peter",
              "non_striker": "AL Phehlukwayo",
              "over": 17,
              "runs": {
                "batter": 0,
                "extras": 0,
                "total": 0
              },
              "wickets": [
                {
                  "player_out": "RE van der Merwe",
                  "fielders": [
                    {
                      "name": "Zubayr Hamza"
                    }
                  ],
                  "kind": "caught"
                }
              ]
            }
          ]
        },
        {
          "over": 18,
          "deliveries": [
            {
              "batter": "AL Phehlukwayo",
              "bowler": "KT Maphaka",
              "non_striker": "CJ Dala",
              "over": 18,
              "runs": {
                "batter": 0,
                "extras": 0,
                "total": 0
              }
            },
            {
              "batter": "AL Phehlukwayo",
              "bowler": "KT Maphaka",
              "non_striker": "CJ Dala",
              "over": 18,
              "runs": {
                "batter": 0,
                "extras": 0,
                "total": 0
              }
            },
            {
              "batter": "AL Phehlukwayo",
              "bowler": "KT Maphaka",
              "non_striker": "CJ Dala",
              "over": 18,
              "runs": {
                "batter": 0,
                "extras": 0,
                "total": 0
              },
              "wickets": [
                {
                  "player_out": "AL Phehlukwayo",
                  "fielders": [
                    {
                      "name": "E Jones"
                    }
                  ],
                  "kind": "caught"
                }
              ]
            },
            {
              "batter": "T Shamsi",
              "bowler": "KT Maphaka",
              "non_striker": "CJ Dala",
              "over": 18,
              "runs": {
                "batter": 0,
                "extras": 0,
                "total": 0
              }
            },
            {
              "batter": "T Shamsi",
              "bowler": "KT Maphaka",
              "non_striker": "CJ Dala",
              "over": 18,
              "runs": {
                "batter": 0,
                "extras": 0,
                "total": 0
              }
            },
            {
              "batter": "T Shamsi",
              "bowler": "KT Maphaka",
              "non_striker": "CJ Dala",
              "over": 18,
              "runs": {
                "batter": 0,
                "extras": 0,
                "total": 0
              }
            }
          ]
        },
        {
          "over": 19,
          "deliveries": [
            {
              "batter": "CJ Dala",
              "bowler": "N Peter",
              "non_striker": "T Shamsi",
              "over": 19,
              "runs": {
                "batter": 1,
                "extras": 0,
                "total": 1
              }
            },
            {
              "batter": "T Shamsi",
              "bowler": "N Peter",
              "non_striker": "CJ Dala",
              "over": 19,
              "runs": {
                "batter": 0,
                "extras": 0,
                "total": 0
              },
              "wickets": [
                {
                  "player_out": "T Shamsi",
                  "kind": "lbw"
                }
              ]
            }
          ]
        }
      ],
      "powerplays": [
        {
          "from": 0.1,
          "to": 5.6,
          "type": "mandatory"
        }
      ]
    },
    {
      "team": "Lions",
      "overs": [
        {
          "over": 0,
          "deliveries": [
            {
              "batter": "Zubayr Hamza",
              "bowler": "RE van der Merwe",
              "non_striker": "RR Hendricks",
              "over": 0,
              "runs": {
                "batter": 0,
                "extras": 0,
                "total": 0
              }
            },
            {
              "batter": "Zubayr Hamza",
              "bowler": "RE van der Merwe",
              "non_striker": "RR Hendricks",
              "over": 0,
              "runs": {
                "batter": 2,
                "extras": 0,
                "total": 2
              }
            },
            {
              "batter": "Zubayr Hamza",
              "bowler": "RE van der Merwe",
              "non_striker": "RR Hendricks",
              "over": 0,
              "runs": {
                "batter": 0,
                "extras": 0,
                "total": 0
              }
            },
            {
              "batter": "Zubayr Hamza",
              "bowler": "RE van der Merwe",
              "non_striker": "RR Hendricks",
              "over": 0,
              "runs": {
                "batter": 1,
                "extras": 0,
                "total": 1
              }
            },
            {
              "batter": "RR Hendricks",
              "bowler": "RE van der Merwe",
              "non_striker": "Zubayr Hamza",
              "over": 0,
              "runs": {
                "batter": 4,
                "extras": 0,
                "total": 4
              }
            },
            {
              "batter": "RR Hendricks",
              "bowler": "RE van der Merwe",
              "non_striker": "Zubayr Hamza",
              "over": 0,
              "runs": {
                "batter": 0,
                "extras": 0,
                "total": 0
              }
            }
          ]
        },
        {
          "over": 1,
          "deliveries": [
            {
              "batter": "Zubayr Hamza",
              "bowler": "Dayyaan Galiem",
              "non_striker": "RR Hendricks",
              "over": 1,
              "runs": {
                "batter": 1,
                "extras": 0,
                "total": 1
              }
            },
            {
              "batter": "RR Hendricks",
              "bowler": "Dayyaan Galiem",
              "non_striker": "Zubayr Hamza",
              "over": 1,
              "runs": {
                "batter": 0,
                "extras": 0,
                "total": 0
              }
            },
            {
              "batter": "RR Hendricks",
              "bowler": "Dayyaan Galiem",
              "non_striker": "Zubayr Hamza",
              "over": 1,
              "runs": {
                "batter": 0,
                "extras": 0,
                "total": 0
              }
            },
            {
              "batter": "RR Hendricks",
              "bowler": "Dayyaan Galiem",
              "non_striker": "Zubayr Hamza",
              "over": 1,
              "runs": {
                "batter": 0,
                "extras": 0,
                "total": 0
              }
            },
            {
              "batter": "RR Hendricks",
              "bowler": "Dayyaan Galiem",
              "non_striker": "Zubayr Hamza",
              "over": 1,
              "runs": {
                "batter": 1,
                "extras": 0,
                "total": 1
              }
            },
            {
              "batter": "Zubayr Hamza",
              "bowler": "Dayyaan Galiem",
              "non_striker": "RR Hendricks",
              "over": 1,
              "runs": {
                "batter": 0,
                "extras": 0,
                "total": 0
              }
            }
          ]
        },
        {
          "over": 2,
          "deliveries": [
            {
              "batter": "RR Hendricks",
              "bowler": "G Coetzee",
              "non_striker": "Zubayr Hamza",
              "over": 2,
              "runs": {
                "batter": 1,
                "extras": 0,
                "total": 1
              }
            },
            {
              "batter": "Zubayr Hamza",
              "bowler": "G Coetzee",
              "non_striker": "RR Hendricks",
              "over": 2,
              "runs": {
                "batter": 0,
                "extras": 0,
                "total": 0
              }
            },
            {
              "batter": "Zubayr Hamza",
              "bowler": "G Coetzee",
              "non_striker": "RR Hendricks",
              "over": 2,
              "runs": {
                "batter": 0,
                "extras": 0,
                "total": 0
              },
              "wickets": [
                {
                  "player_out": "Zubayr Hamza",
                  "fielders": [
                    {
                      "name": "RE van der Merwe"
                    }
                  ],
                  "kind": "caught"
                }
              ]
            },
            {
              "batter": "HE van der Dussen",
              "bowler": "G Coetzee",
              "non_striker": "RR Hendricks",
              "over": 2,
              "runs": {
                "batter": 0,
                "extras": 0,
                "total": 0
              }
            },
            {
              "batter": "HE van der Dussen",
              "bowler": "G Coetzee",
              "non_striker": "RR Hendricks",
              "over": 2,
              "runs": {
                "batter": 0,
                "extras": 0,
                "total": 0
              }
            },
            {
              "batter": "HE van der Dussen",
              "bowler": "G Coetzee",
              "extras": {
                "wides": 1
              },
              "non_striker": "RR Hendricks",
              "over": 2,
              "runs": {
                "batter": 0,
                "extras": 1,
                "total": 1
              }
            },
            {
              "batter": "HE van der Dussen",
              "bowler": "G Coetzee",
              "non_striker": "RR Hendricks",
              "over": 2,
              "runs": {
                "batter": 0,
                "extras": 0,
                "total": 0
              }
            }
          ]
        },
        {
          "over": 3,
          "deliveries": [
            {
              "batter": "RR Hendricks",
              "bowler": "Dayyaan Galiem",
              "non_striker": "HE van der Dussen",
              "over": 3,
              "runs": {
                "batter": 0,
                "extras": 0,
                "total": 0
              }
            },
            {
              "batter": "RR Hendricks",
              "bowler": "Dayyaan Galiem",
              "non_striker": "HE van der Dussen",
              "over": 3,
              "runs": {
                "batter": 6,
                "extras": 0,
                "total": 6
              }
            },
            {
              "batter": "RR Hendricks",
              "bowler": "Dayyaan Galiem",
              "non_striker": "HE van der Dussen",
              "over": 3,
              "runs": {
                "batter": 1,
                "extras": 0,
                "total": 1
              }
            },
            {
              "batter": "HE van der Dussen",
              "bowler": "Dayyaan Galiem",
              "non_striker": "RR Hendricks",
              "over": 3,
              "runs": {
                "batter": 0,
                "extras": 0,
                "total": 0
              }
            },
            {
              "batter": "HE van der Dussen",
              "bowler": "Dayyaan Galiem",
              "non_striker": "RR Hendricks",
              "over": 3,
              "runs": {
                "batter": 0,
                "extras": 0,
                "total": 0
              }
            },
            {
              "batter": "HE van der Dussen",
              "bowler": "Dayyaan Galiem",
              "non_striker": "RR Hendricks",
              "over": 3,
              "runs": {
                "batter": 4,
                "extras": 0,
                "total": 4
              }
            }
          ]
        },
        {
          "over": 4,
          "deliveries": [
            {
              "batter": "RR Hendricks",
              "bowler": "G Coetzee",
              "extras": {
                "wides": 2
              },
              "non_striker": "HE van der Dussen",
              "over": 4,
              "runs": {
                "batter": 0,
                "extras": 2,
                "total": 2
              }
            },
            {
              "batter": "HE van der Dussen",
              "bowler": "G Coetzee",
              "non_striker": "RR Hendricks",
              "over": 4,
              "runs": {
                "batter": 1,
                "extras": 0,
                "total": 1
              }
            },
            {
              "batter": "RR Hendricks",
              "bowler": "G Coetzee",
              "non_striker": "HE van der Dussen",
              "over": 4,
              "runs": {
                "batter": 0,
                "extras": 0,
                "total": 0
              }
            },
            {
              "batter": "RR Hendricks",
              "bowler": "G Coetzee",
              "non_striker": "HE van der Dussen",
              "over": 4,
              "runs": {
                "batter": 0,
                "extras": 0,
                "total": 0
              }
            },
            {
              "batter": "RR Hendricks",
              "bowler": "G Coetzee",
              "non_striker": "HE van der Dussen",
              "over": 4,
              "runs": {
                "batter": 6,
                "extras": 0,
                "total": 6
              }
            },
            {
              "batter": "RR Hendricks",
              "bowler": "G Coetzee",
              "non_striker": "HE van der Dussen",
              "over": 4,
              "runs": {
                "batter": 1,
                "extras": 0,
                "total": 1
              }
            },
            {
              "batter": "HE van der Dussen",
              "bowler": "G Coetzee",
              "non_striker": "RR Hendricks",
              "over": 4,
              "runs": {
                "batter": 0,
                "extras": 0,
                "total": 0
              }
            }
          ]
        },
        {
          "over": 5,
          "deliveries": [
            {
              "batter": "RR Hendricks",
              "bowler": "Dayyaan Galiem",
              "non_striker": "HE van der Dussen",
              "over": 5,
              "runs": {
                "batter": 0,
                "extras": 0,
                "total": 0
              }
            },
            {
              "batter": "RR Hendricks",
              "bowler": "Dayyaan Galiem",
              "non_striker": "HE van der Dussen",
              "over": 5,
              "runs": {
                "batter": 0,
                "extras": 0,
                "total": 0
              }
            },
            {
              "batter": "RR Hendricks",
              "bowler": "Dayyaan Galiem",
              "non_striker": "HE van der Dussen",
              "over": 5,
              "runs": {
                "batter": 1,
                "extras": 0,
                "total": 1
              }
            },
            {
              "batter": "HE van der Dussen",
              "bowler": "Dayyaan Galiem",
              "non_striker": "RR Hendricks",
              "over": 5,
              "runs": {
                "batter": 0,
                "extras": 0,
                "total": 0
              }
            },
            {
              "batter": "HE van der Dussen",
              "bowler": "Dayyaan Galiem",
              "non_striker": "RR Hendricks",
              "over": 5,
              "runs": {
                "batter": 0,
                "extras": 0,
                "total": 0
              }
            },
            {
              "batter": "HE van der Dussen",
              "bowler": "Dayyaan Galiem",
              "non_striker": "RR Hendricks",
              "over": 5,
              "runs": {
                "batter": 0,
                "extras": 0,
                "total": 0
              }
            }
          ]
        },
        {
          "over": 6,
          "deliveries": [
            {
              "batter": "RR Hendricks",
              "bowler": "RE van der Merwe",
              "non_striker": "HE van der Dussen",
              "over": 6,
              "runs": {
                "batter": 0,
                "extras": 0,
                "total": 0
              }
            },
            {
              "batter": "RR Hendricks",
              "bowler": "RE van der Merwe",
              "non_striker": "HE van der Dussen",
              "over": 6,
              "runs": {
                "batter": 4,
                "extras": 0,
                "total": 4
              }
            },
            {
              "batter": "RR Hendricks",
              "bowler": "RE van der Merwe",
              "non_striker": "HE van der Dussen",
              "over": 6,
              "runs": {
                "batter": 1,
                "extras": 0,
                "total": 1
              }
            },
            {
              "batter": "HE van der Dussen",
              "bowler": "RE van der Merwe",
              "non_striker": "RR Hendricks",
              "over": 6,
              "runs": {
                "batter": 0,
                "extras": 0,
                "total": 0
              }
            },
            {
              "batter": "HE van der Dussen",
              "bowler": "RE van der Merwe",
              "non_striker": "RR Hendricks",
              "over": 6,
              "runs": {
                "batter": 1,
                "extras": 0,
                "total": 1
              }
            },
            {
              "batter": "RR Hendricks",
              "bowler": "RE van der Merwe",
              "non_striker": "HE van der Dussen",
              "over": 6,
              "runs": {
                "batter": 1,
                "extras": 0,
                "total": 1
              }
            }
          ]
        },
        {
          "over": 7,
          "deliveries": [
            {
              "batter": "RR Hendricks",
              "bowler": "AL Phehlukwayo",
              "non_striker": "HE van der Dussen",
              "over": 7,
              "runs": {
                "batter": 4,
                "extras": 0,
                "total": 4
              }
            },
            {
              "batter": "RR Hendricks",
              "bowler": "AL Phehlukwayo",
              "non_striker": "HE van der Dussen",
              "over": 7,
              "runs": {
                "batter": 1,
                "extras": 0,
                "total": 1
              }
            },
            {
              "batter": "HE van der Dussen",
              "bowler": "AL Phehlukwayo",
              "non_striker": "RR Hendricks",
              "over": 7,
              "runs": {
                "batter": 1,
                "extras": 0,
                "total": 1
              }
            },
            {
              "batter": "RR Hendricks",
              "bowler": "AL Phehlukwayo",
              "non_striker": "HE van der Dussen",
              "over": 7,
              "runs": {
                "batter": 1,
                "extras": 0,
                "total": 1
              }
            },
            {
              "batter": "HE van der Dussen",
              "bowler": "AL Phehlukwayo",
              "non_striker": "RR Hendricks",
              "over": 7,
              "runs": {
                "batter": 1,
                "extras": 0,
                "total": 1
              }
            },
            {
              "batter": "RR Hendricks",
              "bowler": "AL Phehlukwayo",
              "non_striker": "HE van der Dussen",
              "over": 7,
              "runs": {
                "batter": 0,
                "extras": 0,
                "total": 0
              }
            }
          ]
        },
        {
          "over": 8,
          "deliveries": [
            {
              "batter": "HE van der Dussen",
              "bowler": "CJ Dala",
              "non_striker": "RR Hendricks",
              "over": 8,
              "runs": {
                "batter": 1,
                "extras": 0,
                "total": 1
              }
            },
            {
              "batter": "RR Hendricks",
              "bowler": "CJ Dala",
              "non_striker": "HE van der Dussen",
              "over": 8,
              "runs": {
                "batter": 2,
                "extras": 0,
                "total": 2
              }
            },
            {
              "batter": "RR Hendricks",
              "bowler": "CJ Dala",
              "non_striker": "HE van der Dussen",
              "over": 8,
              "runs": {
                "batter": 4,
                "extras": 0,
                "total": 4
              }
            },
            {
              "batter": "RR Hendricks",
              "bowler": "CJ Dala",
              "extras": {
                "wides": 1
              },
              "non_striker": "HE van der Dussen",
              "over": 8,
              "runs": {
                "batter": 0,
                "extras": 1,
                "total": 1
              }
            },
            {
              "batter": "RR Hendricks",
              "bowler": "CJ Dala",
              "non_striker": "HE van der Dussen",
              "over": 8,
              "runs": {
                "batter": 0,
                "extras": 0,
                "total": 0
              }
            },
            {
              "batter": "RR Hendricks",
              "bowler": "CJ Dala",
              "non_striker": "HE van der Dussen",
              "over": 8,
              "runs": {
                "batter": 1,
                "extras": 0,
                "total": 1
              }
            },
            {
              "batter": "HE van der Dussen",
              "bowler": "CJ Dala",
              "non_striker": "RR Hendricks",
              "over": 8,
              "runs": {
                "batter": 1,
                "extras": 0,
                "total": 1
              }
            }
          ]
        },
        {
          "over": 9,
          "deliveries": [
            {
              "batter": "HE van der Dussen",
              "bowler": "G Coetzee",
              "non_striker": "RR Hendricks",
              "over": 9,
              "runs": {
                "batter": 6,
                "extras": 0,
                "total": 6
              }
            },
            {
              "batter": "HE van der Dussen",
              "bowler": "G Coetzee",
              "non_striker": "RR Hendricks",
              "over": 9,
              "runs": {
                "batter": 1,
                "extras": 0,
                "total": 1
              }
            },
            {
              "batter": "RR Hendricks",
              "bowler": "G Coetzee",
              "extras": {
                "legbyes": 1
              },
              "non_striker": "HE van der Dussen",
              "over": 9,
              "runs": {
                "batter": 0,
                "extras": 1,
                "total": 1
              }
            },
            {
              "batter": "HE van der Dussen",
              "bowler": "G Coetzee",
              "extras": {
                "wides": 1
              },
              "non_striker": "RR Hendricks",
              "over": 9,
              "runs": {
                "batter": 0,
                "extras": 1,
                "total": 1
              }
            },
            {
              "batter": "HE van der Dussen",
              "bowler": "G Coetzee",
              "non_striker": "RR Hendricks",
              "over": 9,
              "runs": {
                "batter": 1,
                "extras": 0,
                "total": 1
              }
            },
            {
              "batter": "RR Hendricks",
              "bowler": "G Coetzee",
              "extras": {
                "wides": 1
              },
              "non_striker": "HE van der Dussen",
              "over": 9,
              "runs": {
                "batter": 0,
                "extras": 1,
                "total": 1
              }
            },
            {
              "batter": "RR Hendricks",
              "bowler": "G Coetzee",
              "non_striker": "HE van der Dussen",
              "over": 9,
              "runs": {
                "batter": 1,
                "extras": 0,
                "total": 1
              }
            },
            {
              "batter": "HE van der Dussen",
              "bowler": "G Coetzee",
              "non_striker": "RR Hendricks",
              "over": 9,
              "runs": {
                "batter": 1,
                "extras": 0,
                "total": 1
              }
            }
          ]
        },
        {
          "over": 10,
          "deliveries": [
            {
              "batter": "HE van der Dussen",
              "bowler": "CJ Dala",
              "non_striker": "RR Hendricks",
              "over": 10,
              "runs": {
                "batter": 1,
                "extras": 0,
                "total": 1
              }
            },
            {
              "batter": "RR Hendricks",
              "bowler": "CJ Dala",
              "non_striker": "HE van der Dussen",
              "over": 10,
              "runs": {
                "batter": 1,
                "extras": 0,
                "total": 1
              }
            },
            {
              "batter": "HE van der Dussen",
              "bowler": "CJ Dala",
              "extras": {
                "wides": 1
              },
              "non_striker": "RR Hendricks",
              "over": 10,
              "runs": {
                "batter": 0,
                "extras": 1,
                "total": 1
              }
            },
            {
              "batter": "HE van der Dussen",
              "bowler": "CJ Dala",
              "non_striker": "RR Hendricks",
              "over": 10,
              "runs": {
                "batter": 1,
                "extras": 0,
                "total": 1
              }
            },
            {
              "batter": "RR Hendricks",
              "bowler": "CJ Dala",
              "non_striker": "HE van der Dussen",
              "over": 10,
              "runs": {
                "batter": 2,
                "extras": 0,
                "total": 2
              }
            },
            {
              "batter": "RR Hendricks",
              "bowler": "CJ Dala",
              "non_striker": "HE van der Dussen",
              "over": 10,
              "runs": {
                "batter": 1,
                "extras": 0,
                "total": 1
              }
            },
            {
              "batter": "HE van der Dussen",
              "bowler": "CJ Dala",
              "non_striker": "RR Hendricks",
              "over": 10,
              "runs": {
                "batter": 0,
                "extras": 0,
                "total": 0
              }
            }
          ]
        },
        {
          "over": 11,
          "deliveries": [
            {
              "batter": "RR Hendricks",
              "bowler": "G Coetzee",
              "non_striker": "HE van der Dussen",
              "over": 11,
              "runs": {
                "batter": 1,
                "extras": 0,
                "total": 1
              }
            },
            {
              "batter": "HE van der Dussen",
              "bowler": "G Coetzee",
              "non_striker": "RR Hendricks",
              "over": 11,
              "runs": {
                "batter": 1,
                "extras": 0,
                "total": 1
              }
            },
            {
              "batter": "RR Hendricks",
              "bowler": "G Coetzee",
              "extras": {
                "legbyes": 1
              },
              "non_striker": "HE van der Dussen",
              "over": 11,
              "runs": {
                "batter": 0,
                "extras": 1,
                "total": 1
              }
            },
            {
              "batter": "HE van der Dussen",
              "bowler": "G Coetzee",
              "non_striker": "RR Hendricks",
              "over": 11,
              "runs": {
                "batter": 0,
                "extras": 0,
                "total": 0
              }
            },
            {
              "batter": "HE van der Dussen",
              "bowler": "G Coetzee",
              "non_striker": "RR Hendricks",
              "over": 11,
              "runs": {
                "batter": 4,
                "extras": 0,
                "total": 4
              }
            },
            {
              "batter": "HE van der Dussen",
              "bowler": "G Coetzee",
              "non_striker": "RR Hendricks",
              "over": 11,
              "runs": {
                "batter": 1,
                "extras": 0,
                "total": 1
              }
            }
          ]
        },
        {
          "over": 12,
          "deliveries": [
            {
              "batter": "HE van der Dussen",
              "bowler": "T Shamsi",
              "non_striker": "RR Hendricks",
              "over": 12,
              "runs": {
                "batter": 1,
                "extras": 0,
                "total": 1
              }
            },
            {
              "batter": "RR Hendricks",
              "bowler": "T Shamsi",
              "non_striker": "HE van der Dussen",
              "over": 12,
              "runs": {
                "batter": 4,
                "extras": 0,
                "total": 4
              }
            },
            {
              "batter": "RR Hendricks",
              "bowler": "T Shamsi",
              "non_striker": "HE van der Dussen",
              "over": 12,
              "runs": {
                "batter": 4,
                "extras": 0,
                "total": 4
              }
            },
            {
              "batter": "RR Hendricks",
              "bowler": "T Shamsi",
              "non_striker": "HE van der Dussen",
              "over": 12,
              "runs": {
                "batter": 4,
                "extras": 0,
                "total": 4
              }
            },
            {
              "batter": "RR Hendricks",
              "bowler": "T Shamsi",
              "non_striker": "HE van der Dussen",
              "over": 12,
              "runs": {
                "batter": 0,
                "extras": 0,
                "total": 0
              }
            },
            {
              "batter": "RR Hendricks",
              "bowler": "T Shamsi",
              "non_striker": "HE van der Dussen",
              "over": 12,
              "runs": {
                "batter": 1,
                "extras": 0,
                "total": 1
              }
            }
          ]
        },
        {
          "over": 13,
          "deliveries": [
            {
              "batter": "RR Hendricks",
              "bowler": "Dayyaan Galiem",
              "non_striker": "HE van der Dussen",
              "over": 13,
              "runs": {
                "batter": 2,
                "extras": 0,
                "total": 2
              }
            },
            {
              "batter": "RR Hendricks",
              "bowler": "Dayyaan Galiem",
              "non_striker": "HE van der Dussen",
              "over": 13,
              "runs": {
                "batter": 0,
                "extras": 0,
                "total": 0
              },
              "wickets": [
                {
                  "player_out": "RR Hendricks",
                  "kind": "lbw"
                }
              ]
            },
            {
              "batter": "C Esterhuizen",
              "bowler": "Dayyaan Galiem",
              "non_striker": "HE van der Dussen",
              "over": 13,
              "runs": {
                "batter": 0,
                "extras": 0,
                "total": 0
              },
              "wickets": [
                {
                  "player_out": "C Esterhuizen",
                  "kind": "lbw"
                }
              ]
            },
            {
              "batter": "M Van Buuren",
              "bowler": "Dayyaan Galiem",
              "non_striker": "HE van der Dussen",
              "over": 13,
              "runs": {
                "batter": 0,
                "extras": 0,
                "total": 0
              }
            },
            {
              "batter": "M Van Buuren",
              "bowler": "Dayyaan Galiem",
              "non_striker": "HE van der Dussen",
              "over": 13,
              "runs": {
                "batter": 0,
                "extras": 0,
                "total": 0
              }
            },
            {
              "batter": "M Van Buuren",
              "bowler": "Dayyaan Galiem",
              "non_striker": "HE van der Dussen",
              "over": 13,
              "runs": {
                "batter": 0,
                "extras": 0,
                "total": 0
              }
            }
          ]
        },
        {
          "over": 14,
          "deliveries": [
            {
              "batter": "HE van der Dussen",
              "bowler": "T Shamsi",
              "non_striker": "M Van Buuren",
              "over": 14,
              "runs": {
                "batter": 1,
                "extras": 0,
                "total": 1
              }
            },
            {
              "batter": "M Van Buuren",
              "bowler": "T Shamsi",
              "non_striker": "HE van der Dussen",
              "over": 14,
              "runs": {
                "batter": 0,
                "extras": 0,
                "total": 0
              }
            },
            {
              "batter": "M Van Buuren",
              "bowler": "T Shamsi",
              "non_striker": "HE van der Dussen",
              "over": 14,
              "runs": {
                "batter": 1,
                "extras": 0,
                "total": 1
              }
            },
            {
              "batter": "HE van der Dussen",
              "bowler": "T Shamsi",
              "non_striker": "M Van Buuren",
              "over": 14,
              "runs": {
                "batter": 4,
                "extras": 0,
                "total": 4
              }
            },
            {
              "batter": "HE van der Dussen",
              "bowler": "T Shamsi",
              "non_striker": "M Van Buuren",
              "over": 14,
              "runs": {
                "batter": 4,
                "extras": 0,
                "total": 4
              }
            },
            {
              "batter": "HE van der Dussen",
              "bowler": "T Shamsi",
              "non_striker": "M Van Buuren",
              "over": 14,
              "runs": {
                "batter": 1,
                "extras": 0,
                "total": 1
              }
            }
          ]
        },
        {
          "over": 15,
          "deliveries": [
            {
              "batter": "HE van der Dussen",
              "bowler": "RE van der Merwe",
              "non_striker": "M Van Buuren",
              "over": 15,
              "runs": {
                "batter": 0,
                "extras": 0,
                "total": 0
              }
            },
            {
              "batter": "HE van der Dussen",
              "bowler": "RE van der Merwe",
              "non_striker": "M Van Buuren",
              "over": 15,
              "runs": {
                "batter": 1,
                "extras": 0,
                "total": 1
              }
            },
            {
              "batter": "M Van Buuren",
              "bowler": "RE van der Merwe",
              "non_striker": "HE van der Dussen",
              "over": 15,
              "runs": {
                "batter": 0,
                "extras": 0,
                "total": 0
              }
            },
            {
              "batter": "M Van Buuren",
              "bowler": "RE van der Merwe",
              "non_striker": "HE van der Dussen",
              "over": 15,
              "runs": {
                "batter": 1,
                "extras": 0,
                "total": 1
              }
            },
            {
              "batter": "HE van der Dussen",
              "bowler": "RE van der Merwe",
              "non_striker": "M Van Buuren",
              "over": 15,
              "runs": {
                "batter": 0,
                "extras": 0,
                "total": 0
              }
            },
            {
              "batter": "HE van der Dussen",
              "bowler": "RE van der Merwe",
              "non_striker": "M Van Buuren",
              "over": 15,
              "runs": {
                "batter": 1,
                "extras": 0,
                "total": 1
              }
            }
          ]
        }
      ],
      "powerplays": [
        {
          "from": 0.1,
          "to": 5.6,
          "type": "mandatory"
        }
      ]
    }
  ]
}